{
"type": "FeatureCollection",
"name": "map30",
"crs": { "type": "name", "properties": { "name": "urn:ogc:def:crs:OGC:1.3:CRS84" } },
"features": [
{ "type": "Feature", "properties": { "source": "https://simplemaps.com", "id": "ROIF", "name": "Ilfov", "changing": false, "mainFeature": false, "color_id": 1, "new_color_id": 1 }, "geometry": { "type": "Polygon", "coordinates": [ [ [ 26.35425988495151, 44.425075702341381 ], [ 26.35267809118842, 44.412389428965795 ], [ 26.361985956857016, 44.404423466325724 ], [ 26.375850792757138, 44.397934234743964 ], [ 26.394159323526853, 44.392668027098338 ], [ 26.399886527918891, 44.388358626999064 ], [ 26.400444123937998, 44.382777154618601 ], [ 26.396110778931963, 44.375111753782527 ], [ 26.388960748674947, 44.366832210198794 ], [ 26.377310226161072, 44.358521667693225 ], [ 26.316216282132483, 44.340869149236568 ], [ 26.297676809731978, 44.332284588711524 ], [ 26.279851583338726, 44.320802105332255 ], [ 26.252977400267678, 44.29744244401401 ], [ 26.2261261048771, 44.269375540493542 ], [ 26.214403129623243, 44.243329365597909 ], [ 26.259086744819918, 44.202330943645997 ], [ 26.346263374658321, 44.160887159888738 ], [ 26.368333131096453, 44.142027773219347 ], [ 26.38125622917142, 44.122025919256743 ], [ 26.388619016672344, 44.100017462659387 ], [ 26.390297065686084, 44.075464415017521 ], [ 26.387165731845315, 44.058856733703102 ], [ 26.380289700394385, 44.045679072992733 ], [ 26.350111481738335, 44.017173523108525 ], [ 26.342646135972238, 44.004794946070575 ], [ 26.338685636909581, 43.994761509607365 ], [ 26.339958250356155, 43.98100727906585 ], [ 26.339999788010203, 43.980558386160112 ], [ 26.256262189925398, 43.974961271287413 ], [ 26.234370488210637, 43.973498064867769 ], [ 26.154385195459021, 43.951489793492406 ], [ 26.07313892079868, 43.939563395040793 ], [ 26.038116720964595, 43.927382403723549 ], [ 26.000083612970904, 43.899028607284706 ], [ 25.981671092706215, 43.880458025184915 ], [ 25.973735320377799, 43.865305150941225 ], [ 25.851025290768128, 43.806050330259836 ], [ 25.841067006500019, 43.794725632562276 ], [ 25.832455751522506, 43.780814571315545 ], [ 25.783664793216154, 43.739202273125819 ], [ 25.75322902551569, 43.727928086147536 ], [ 25.719213756770994, 43.704459377662197 ], [ 25.717208529295981, 43.700788322377441 ], [ 25.692882242219358, 43.673812328221167 ], [ 25.650855581865336, 43.662370557689783 ], [ 25.644206212920452, 43.662476750763531 ], [ 25.644153658088449, 43.662890351744053 ], [ 25.631100629047982, 43.765590870538723 ], [ 25.626175133325741, 43.778505485852492 ], [ 25.602923881794691, 43.804185853989431 ], [ 25.591962280468231, 43.829386186684907 ], [ 25.570308902654006, 43.934336323134019 ], [ 25.56445176833876, 43.992228448809811 ], [ 25.565200915191898, 44.007429433674687 ], [ 25.567585529026982, 44.020808443033509 ], [ 25.573230483689336, 44.032922105137935 ], [ 25.585722063396702, 44.050844789219028 ], [ 25.5906109521875, 44.060815738309408 ], [ 25.596095720178891, 44.082063717173433 ], [ 25.600742926813293, 44.089820299818037 ], [ 25.609771659719545, 44.094561743056502 ], [ 25.618537465684991, 44.096546334900033 ], [ 25.629896430900573, 44.09739541973665 ], [ 25.63933955169734, 44.099508586115817 ], [ 25.647881331979963, 44.103700061125345 ], [ 25.650798786927453, 44.114834269718784 ], [ 25.651393016804761, 44.130041279231278 ], [ 25.647852481310217, 44.158545907244559 ], [ 25.65075524370106, 44.173274835107605 ], [ 25.651150564015268, 44.199272479479951 ], [ 25.647417370557648, 44.2149071550607 ], [ 25.642748215826177, 44.226441242118668 ], [ 25.634271779343646, 44.233185300779368 ], [ 25.614846733545637, 44.244287581490418 ], [ 25.587331739644799, 44.26408396478147 ], [ 25.572762461413308, 44.268428398037273 ], [ 25.485343966296107, 44.27986064251305 ], [ 25.473229540332106, 44.287470832342841 ], [ 25.46342592410647, 44.29995534478843 ], [ 25.451613522879963, 44.327205683476699 ], [ 25.442020545374824, 44.339785692121033 ], [ 25.435000483473949, 44.350713475913793 ], [ 25.431915279849793, 44.359108512554791 ], [ 25.437073089717565, 44.371990919592292 ], [ 25.459611987552194, 44.40881104749063 ], [ 25.477640493119235, 44.429465295653024 ], [ 25.478489826841734, 44.437965349224541 ], [ 25.476217851144323, 44.444673540708735 ], [ 25.455775016817892, 44.457522220215864 ], [ 25.483408457875502, 44.481783198120425 ], [ 25.494789719316937, 44.489819947508686 ], [ 25.514597027253306, 44.496441121024638 ], [ 25.543072553550505, 44.501224221862046 ], [ 25.851335642187795, 44.502158718993584 ], [ 25.874624143452401, 44.51448801009434 ], [ 25.924103061232589, 44.552530816849369 ], [ 25.933776082521955, 44.561849637674996 ], [ 25.938964944562034, 44.570231831116715 ], [ 25.935250988392365, 44.578418574145019 ], [ 25.901612823119287, 44.58842132634139 ], [ 25.897496295286182, 44.594245232606958 ], [ 25.89804725514362, 44.600403798697286 ], [ 25.902321077574765, 44.606545920292525 ], [ 25.924135667573683, 44.616889982151932 ], [ 25.930589402034084, 44.623231665930057 ], [ 25.934301756074877, 44.63353313168134 ], [ 25.941344287888995, 44.64303216781181 ], [ 25.953693714183682, 44.649376142072796 ], [ 25.979769496820992, 44.6695089188458 ], [ 25.985503688723806, 44.673318703788048 ], [ 25.993682057622603, 44.68409213504863 ], [ 26.054688580890318, 44.682302892017496 ], [ 26.115708441333357, 44.694088694588785 ], [ 26.139043333194962, 44.693047561354952 ], [ 26.165070498752598, 44.684143835881173 ], [ 26.179168246302709, 44.684937626771955 ], [ 26.221140226255677, 44.681745901200976 ], [ 26.23956410818375, 44.676785324339264 ], [ 26.27957221341072, 44.670981039949417 ], [ 26.289219623666, 44.667733826377983 ], [ 26.294612842104957, 44.662817141870576 ], [ 26.294750752671519, 44.646495279546912 ], [ 26.29675562929993, 44.638245958667625 ], [ 26.303632834638012, 44.627633785791666 ], [ 26.306276546619465, 44.619850919870856 ], [ 26.306107555461242, 44.611556908382319 ], [ 26.308100313221843, 44.602997704929273 ], [ 26.317806319683854, 44.593309542810552 ], [ 26.378097463794809, 44.566595515870141 ], [ 26.386550700636448, 44.559257660337451 ], [ 26.389078802643827, 44.552487531486825 ], [ 26.3843557057819, 44.544113109073578 ], [ 26.377796491162048, 44.539042564811325 ], [ 26.337529427756678, 44.521015821079082 ], [ 26.328914004984519, 44.514939637917472 ], [ 26.322535355863231, 44.507871310036933 ], [ 26.316946503446108, 44.499840853207132 ], [ 26.313521409937756, 44.491596796306091 ], [ 26.311321460500015, 44.482942756939345 ], [ 26.313794082661776, 44.474752661417845 ], [ 26.322135124054899, 44.465867593375258 ], [ 26.353176688128421, 44.452941019134364 ], [ 26.376213651453611, 44.43898245007798 ], [ 26.358212803788689, 44.430946018145711 ], [ 26.35425988495151, 44.425075702341381 ] ] ] } },
{ "type": "Feature", "properties": { "source": "https://simplemaps.com", "id": "ROOT", "name": "Olt", "changing": false, "mainFeature": false, "color_id": 2, "new_color_id": 2 }, "geometry": { "type": "Polygon", "coordinates": [ [ [ 24.368693096047476, 43.807793624551636 ], [ 24.35586509660553, 43.824897623807558 ], [ 24.35158909679155, 43.846277622877473 ], [ 24.347313096977569, 43.86765762194738 ], [ 24.347313096977569, 43.889037621017287 ], [ 24.35158909679155, 43.910417620087202 ], [ 24.368693096047476, 43.923245619529148 ], [ 24.390073095117387, 43.927521619343125 ], [ 24.402901094559333, 43.948901618413032 ], [ 24.411453094187294, 43.970281617482947 ], [ 24.420005093815259, 43.991661616552854 ], [ 24.428557093443224, 44.013041615622761 ], [ 24.432833093257205, 44.034421614692675 ], [ 24.445661092699151, 44.055801613762583 ], [ 24.454213092327116, 44.07718161283249 ], [ 24.471317091583042, 44.09428561208842 ], [ 24.471317091583042, 44.115665611158327 ], [ 24.458489092141097, 44.132769610414257 ], [ 24.44138509288517, 44.145597609856203 ], [ 24.428557093443224, 44.162701609112126 ], [ 24.415729094001279, 44.179805608368056 ], [ 24.415729094001279, 44.201185607437964 ], [ 24.420005093815259, 44.222565606507871 ], [ 24.428557093443224, 44.243945605577785 ], [ 24.432833093257205, 44.265325604647693 ], [ 24.449937092513132, 44.295257603345568 ], [ 24.458489092141097, 44.316637602415476 ], [ 24.462765091955077, 44.338017601485383 ], [ 24.467041091769062, 44.35939760055529 ], [ 24.475593091397023, 44.380777599625205 ], [ 24.488421090838969, 44.397881598881128 ], [ 24.501249090280915, 44.414985598137058 ], [ 24.501249090280915, 44.436365597206965 ], [ 24.501249090280915, 44.457745596276879 ], [ 24.496973090466934, 44.479125595346787 ], [ 24.495172669492625, 44.488127700218328 ], [ 24.501249090280915, 44.49622959460271 ], [ 24.522629089350826, 44.49622959460271 ], [ 24.544009088420733, 44.483401595160764 ], [ 24.561113087676659, 44.466297595904841 ], [ 24.58249308674657, 44.457745596276879 ], [ 24.599597086002497, 44.444917596834934 ], [ 24.612425085444443, 44.427813597579004 ], [ 24.620977085072408, 44.406433598509096 ], [ 24.642357084142315, 44.406433598509096 ], [ 24.663737083212226, 44.406433598509096 ], [ 24.685117082282133, 44.414985598137058 ], [ 24.699946668311572, 44.414985598137058 ], [ 24.700104884710079, 44.412580882517446 ], [ 24.704631768616565, 44.397406307438722 ], [ 24.7109579721191, 44.388574192184329 ], [ 24.720221904504012, 44.383454303719262 ], [ 24.768665890444961, 44.379130735330044 ], [ 24.789467950267181, 44.367534869866915 ], [ 24.832578738130419, 44.373633552376958 ], [ 24.886767645904293, 44.361483306467811 ], [ 24.903991008933424, 44.361534210983649 ], [ 24.919328827754121, 44.363623923666907 ], [ 24.929863253279159, 44.367194456294101 ], [ 24.93762948137498, 44.37139044635115 ], [ 24.950928957070776, 44.382196277001626 ], [ 24.961061220051544, 44.387385815245537 ], [ 24.970856906719117, 44.38793374580473 ], [ 25.002228365658738, 44.383449734038187 ], [ 25.02708443234501, 44.386926202230093 ], [ 25.040735217908068, 44.390840281712443 ], [ 25.063652807279805, 44.40558880907637 ], [ 25.084901747830774, 44.41336905256518 ], [ 25.130429552068268, 44.417795854287498 ], [ 25.153096207696539, 44.41685850025069 ], [ 25.170538596946614, 44.414573660910037 ], [ 25.186517205606552, 44.410562014293099 ], [ 25.218200574461864, 44.398179051719168 ], [ 25.239322058063546, 44.39078587884007 ], [ 25.250562559738896, 44.391251426630959 ], [ 25.267916113508374, 44.394633137498346 ], [ 25.288123531026166, 44.407522333275672 ], [ 25.299553026931772, 44.418117070496777 ], [ 25.315369542010263, 44.436426927973812 ], [ 25.321804100464266, 44.442278022770893 ], [ 25.33555424414962, 44.452704554175348 ], [ 25.340268607267589, 44.458208977882542 ], [ 25.340495589777408, 44.464018026794506 ], [ 25.333622395095968, 44.4747333552478 ], [ 25.333388686535379, 44.480663873805561 ], [ 25.338956887890721, 44.484195797379321 ], [ 25.352960415349493, 44.485225854889244 ], [ 25.375358121243021, 44.481376896708568 ], [ 25.430587056556636, 44.460109638890756 ], [ 25.455775016817892, 44.457522220215864 ], [ 25.476217851144323, 44.444673540708735 ], [ 25.478489826841734, 44.437965349224541 ], [ 25.477640493119235, 44.429465295653024 ], [ 25.459611987552194, 44.40881104749063 ], [ 25.437073089717565, 44.371990919592292 ], [ 25.431915279849793, 44.359108512554791 ], [ 25.435000483473949, 44.350713475913793 ], [ 25.442020545374824, 44.339785692121033 ], [ 25.451613522879963, 44.327205683476699 ], [ 25.46342592410647, 44.29995534478843 ], [ 25.473229540332106, 44.287470832342841 ], [ 25.485343966296107, 44.27986064251305 ], [ 25.572762461413308, 44.268428398037273 ], [ 25.587331739644799, 44.26408396478147 ], [ 25.614846733545637, 44.244287581490418 ], [ 25.634271779343646, 44.233185300779368 ], [ 25.642748215826177, 44.226441242118668 ], [ 25.647417370557648, 44.2149071550607 ], [ 25.651150564015268, 44.199272479479951 ], [ 25.65075524370106, 44.173274835107605 ], [ 25.647852481310217, 44.158545907244559 ], [ 25.651393016804761, 44.130041279231278 ], [ 25.650798786927453, 44.114834269718784 ], [ 25.647881331979963, 44.103700061125345 ], [ 25.63933955169734, 44.099508586115817 ], [ 25.629896430900573, 44.09739541973665 ], [ 25.618537465684991, 44.096546334900033 ], [ 25.609771659719545, 44.094561743056502 ], [ 25.600742926813293, 44.089820299818037 ], [ 25.596095720178891, 44.082063717173433 ], [ 25.5906109521875, 44.060815738309408 ], [ 25.585722063396702, 44.050844789219028 ], [ 25.573230483689336, 44.032922105137935 ], [ 25.567585529026982, 44.020808443033509 ], [ 25.565200915191898, 44.007429433674687 ], [ 25.56445176833876, 43.992228448809811 ], [ 25.570308902654006, 43.934336323134019 ], [ 25.591962280468231, 43.829386186684907 ], [ 25.602923881794691, 43.804185853989431 ], [ 25.626175133325741, 43.778505485852492 ], [ 25.631100629047982, 43.765590870538723 ], [ 25.644153658088449, 43.662890351744053 ], [ 25.644206212920452, 43.662476750763531 ], [ 25.582633177020355, 43.663459194144558 ], [ 25.56440657721317, 43.654940104377502 ], [ 25.54838848478866, 43.644705869405094 ], [ 25.526638481244881, 43.636014270089916 ], [ 25.503744969234717, 43.629823516539609 ], [ 25.484820982109351, 43.627279163368641 ], [ 25.466060502256653, 43.620978890555349 ], [ 25.443274635362442, 43.620188542781555 ], [ 25.398319801949736, 43.623807054119951 ], [ 25.391983461631757, 43.623229218565079 ], [ 25.376884738470448, 43.621851957592312 ], [ 25.335053499814777, 43.610117966225182 ], [ 25.311957179699277, 43.606676447169534 ], [ 25.268644272690153, 43.612609710456582 ], [ 25.232687563714631, 43.629451889740992 ], [ 25.199152215525913, 43.650026494895123 ], [ 25.195895822856009, 43.651584003996575 ], [ 25.163412188478834, 43.66711902537827 ], [ 25.122694903096704, 43.675950444554381 ], [ 24.993361378240028, 43.688063454888713 ], [ 24.876723268844557, 43.723314685332554 ], [ 24.665415973510008, 43.720763469388345 ], [ 24.61861999535363, 43.727556850467273 ], [ 24.575278327858761, 43.74115116931349 ], [ 24.415487382309262, 43.791270059686696 ], [ 24.381830773238541, 43.795507188092564 ], [ 24.374198994625299, 43.794028878107085 ], [ 24.368693096047476, 43.807793624551636 ] ] ] } },
{ "type": "Feature", "properties": { "source": "https://simplemaps.com", "id": "ROAR", "name": "Arad", "changing": false, "mainFeature": false, "color_id": 3, "new_color_id": 3 }, "geometry": { "type": "Polygon", "coordinates": [ [ [ 21.452860944385154, 46.76795525616614 ], [ 21.474445282684623, 46.762050351932032 ], [ 21.520762777969093, 46.752276205233535 ], [ 21.854788717862313, 46.752100593820771 ], [ 21.880583392325921, 46.747834581763563 ], [ 21.886848526152097, 46.741409705301272 ], [ 21.894525005082691, 46.735369227360721 ], [ 21.908128473823442, 46.730131531244865 ], [ 21.920995352066502, 46.728542680156998 ], [ 21.940067590010948, 46.728262932683727 ], [ 21.952672418193398, 46.725262065754237 ], [ 21.968384112586417, 46.718390544211942 ], [ 21.981244005569067, 46.708682520132328 ], [ 22.005778553928277, 46.701285139287677 ], [ 22.093773467088997, 46.695338438380439 ], [ 22.120581687261254, 46.690541373017723 ], [ 22.138785063684043, 46.683908575424425 ], [ 22.149253161952991, 46.676517889371752 ], [ 22.171273365666035, 46.66433163947238 ], [ 22.178601685058869, 46.657322170188927 ], [ 22.185738337895838, 46.645407333182511 ], [ 22.205746694856977, 46.604235362437912 ], [ 22.217184056061313, 46.587239347854016 ], [ 22.231719089825411, 46.574078542927168 ], [ 22.251024525618281, 46.563885902727669 ], [ 22.276111770188578, 46.557397836231758 ], [ 22.292023784162289, 46.551682130208384 ], [ 22.338374453586773, 46.521582270059206 ], [ 22.412478344342865, 46.498956941057976 ], [ 22.420794829817083, 46.4920898666157 ], [ 22.423397137553881, 46.483248239702881 ], [ 22.427652993904779, 46.47304895808292 ], [ 22.438361679205567, 46.461227240762661 ], [ 22.453010171633569, 46.454940215532012 ], [ 22.468398345894638, 46.451701248421742 ], [ 22.558919240711958, 46.446871087125075 ], [ 22.634745241455512, 46.432582373386715 ], [ 22.681937805154519, 46.4279972662804 ], [ 22.723747282436449, 46.428587247567485 ], [ 22.770922022371035, 46.391783789181353 ], [ 22.704032430823322, 46.36080817446792 ], [ 22.685284789343722, 46.334984716598456 ], [ 22.675823285987221, 46.319167404342679 ], [ 22.65203235404142, 46.29398052906172 ], [ 22.630552164633077, 46.281606477126637 ], [ 22.611677320182565, 46.27502628462198 ], [ 22.587418378723079, 46.273595341645454 ], [ 22.56881373678052, 46.275253254159686 ], [ 22.513360352016139, 46.286806648468598 ], [ 22.49548604570419, 46.285979457499167 ], [ 22.481334192715202, 46.28115399914909 ], [ 22.457626746897652, 46.267367304216393 ], [ 22.448245404623794, 46.25757173857307 ], [ 22.443325194047155, 46.246800172888356 ], [ 22.44498517559056, 46.213844036595376 ], [ 22.442426526375158, 46.199980767886252 ], [ 22.436880163675657, 46.185096437641846 ], [ 22.42181819486655, 46.164921114562517 ], [ 22.415607246010868, 46.152881263049295 ], [ 22.412898179273398, 46.143109407126275 ], [ 22.422509993368724, 46.119099679838428 ], [ 22.424434126348629, 46.108784718269746 ], [ 22.423494193009898, 46.096642340311625 ], [ 22.415733686317324, 46.080680993322126 ], [ 22.40405499026151, 46.0637090853362 ], [ 22.355897619968381, 46.023752805666994 ], [ 22.337467146112811, 46.017956830779674 ], [ 22.333490453941334, 46.015448874886758 ], [ 22.32868269910896, 46.011525300840347 ], [ 22.322076180344247, 45.997303035201973 ], [ 22.317593390094288, 45.993754677637128 ], [ 22.311465085829415, 45.991770337516471 ], [ 22.293919788068884, 45.991421683811595 ], [ 22.256601256705494, 45.986648206576817 ], [ 22.248439937351087, 45.98425199607555 ], [ 22.24096944446433, 45.979682639474241 ], [ 22.234736218792044, 45.975013197389778 ], [ 22.227776876465526, 45.971613378947119 ], [ 22.219062322355274, 45.97226419450736 ], [ 22.194798703856243, 45.982624615141575 ], [ 22.181245220623868, 45.985171142712609 ], [ 22.160980493344695, 45.984049583137697 ], [ 22.145338502260497, 45.98476420250946 ], [ 22.130718807229655, 45.987817864995371 ], [ 22.12039553803606, 45.994944355923025 ], [ 22.113054101664819, 46.001618173362473 ], [ 22.105632956338049, 46.006252304509843 ], [ 22.089417186804837, 46.012135096325558 ], [ 22.0818249866036, 46.016362178356324 ], [ 22.077831049220247, 46.021353656955043 ], [ 22.075318082711423, 46.028511072473009 ], [ 22.069800264473034, 46.034208587196915 ], [ 22.060124421202485, 46.038051641260331 ], [ 22.020566072794239, 46.04213160648483 ], [ 22.002989763031515, 46.046283368715017 ], [ 21.990899547670644, 46.054513180546088 ], [ 21.982816847112289, 46.062069263149816 ], [ 21.972186964528493, 46.067966543071407 ], [ 21.957746386883702, 46.071633756849472 ], [ 21.933995379133634, 46.072613613390146 ], [ 21.922006694070912, 46.071530631850287 ], [ 21.914144109069305, 46.068838370838186 ], [ 21.909918666325918, 46.063935280936654 ], [ 21.906891159525234, 46.057925278149575 ], [ 21.899201356573247, 46.035832800110491 ], [ 21.895380943434525, 46.030707048517101 ], [ 21.889364172382955, 46.027606486291631 ], [ 21.881428407912729, 46.027011632315862 ], [ 21.859279150433682, 46.027954717856524 ], [ 21.849606518347571, 46.030556472997041 ], [ 21.84069477057751, 46.03674856104449 ], [ 21.833650411404491, 46.040437142285128 ], [ 21.828395532395529, 46.040952733847043 ], [ 21.823361246014336, 46.035202165564961 ], [ 21.821687571140533, 46.028104874238942 ], [ 21.821214862462384, 46.019978149819813 ], [ 21.821756445966951, 46.006045415962994 ], [ 21.819855689377391, 46.001077409863896 ], [ 21.815621632433757, 45.999924082686782 ], [ 21.809656774424756, 46.002122355941928 ], [ 21.801576097198698, 46.009730107868243 ], [ 21.789876868403191, 46.023995346972633 ], [ 21.781687050158688, 46.030133481084412 ], [ 21.770436506127648, 46.036029110962389 ], [ 21.738155853583809, 46.047685438424629 ], [ 21.724046834469519, 46.047926450365622 ], [ 21.71565174522847, 46.04484131896114 ], [ 21.708122730292555, 46.038774463365776 ], [ 21.693995728019154, 46.022673979613025 ], [ 21.683309060866211, 46.007266555372375 ], [ 21.677237806612254, 46.002771787186411 ], [ 21.669931760347463, 46.002410813909265 ], [ 21.662529598071917, 46.008854240072964 ], [ 21.657659677086414, 46.015250471645089 ], [ 21.651669045045292, 46.020759550617754 ], [ 21.639216555870181, 46.0276589767562 ], [ 21.634845197898365, 46.030932711314279 ], [ 21.633934354867993, 46.035415878182505 ], [ 21.63583208671697, 46.040306441137211 ], [ 21.639443929715654, 46.045388602071121 ], [ 21.641056061145058, 46.050910964860421 ], [ 21.637450636283688, 46.057904148668186 ], [ 21.628936496673056, 46.066330405080329 ], [ 21.609208507456671, 46.078944282555049 ], [ 21.587377975775958, 46.095984394710435 ], [ 21.577324356236574, 46.100747284158025 ], [ 21.566540107178636, 46.102694323576465 ], [ 21.539119186434782, 46.101076563550407 ], [ 21.528981820165477, 46.103696474566867 ], [ 21.522446211319107, 46.111140381051513 ], [ 21.520739083925424, 46.119067948827585 ], [ 21.521044786146707, 46.126890972032292 ], [ 21.520378637373099, 46.133665880158773 ], [ 21.512084529379504, 46.139782191689982 ], [ 21.496689085623913, 46.144159050830559 ], [ 21.463634976125746, 46.147933090443452 ], [ 21.446701232966312, 46.147353577532336 ], [ 21.435966331864751, 46.143946130997612 ], [ 21.433577628806994, 46.138402411332223 ], [ 21.433304219434724, 46.131405624506172 ], [ 21.431803615680415, 46.124767007871512 ], [ 21.427836550271664, 46.118535123885913 ], [ 21.421294516072603, 46.113903638546219 ], [ 21.394175987354352, 46.100172597738329 ], [ 21.371253366709212, 46.085295048138079 ], [ 21.364352524325199, 46.083392599802529 ], [ 21.358054638963054, 46.085009157364176 ], [ 21.344255823313517, 46.097158593925229 ], [ 21.333815526942047, 46.101290170639253 ], [ 21.316781362219562, 46.102110955916309 ], [ 21.302469007526803, 46.101118752911852 ], [ 21.291182236545065, 46.098146574206829 ], [ 21.267357193741994, 46.085321129403845 ], [ 21.253262308132765, 46.085923651781428 ], [ 21.23631537187601, 46.092946941977623 ], [ 21.210639121181178, 46.112154249374235 ], [ 21.20367960361563, 46.124631199998973 ], [ 21.202793422020928, 46.133716037886906 ], [ 21.200474260101782, 46.137892261379562 ], [ 21.193413922788892, 46.139848880456498 ], [ 21.178177152828606, 46.139022131559585 ], [ 21.167912017414995, 46.135725545175696 ], [ 21.159014034338266, 46.130358680946216 ], [ 21.154307719440485, 46.125060680627797 ], [ 21.152226832833186, 46.119453284121413 ], [ 21.151463000853951, 46.107847057219125 ], [ 21.149545093455515, 46.102440140059059 ], [ 21.145339830352473, 46.098053432529632 ], [ 21.137937941940244, 46.095239726519303 ], [ 21.127377762299623, 46.094980108700433 ], [ 21.112853261273681, 46.09782313105935 ], [ 21.100028398020164, 46.103133920045458 ], [ 21.087481985425704, 46.115570567426126 ], [ 21.085579575525141, 46.122471356298917 ], [ 21.088202341828151, 46.134004953658867 ], [ 21.08420739970753, 46.138970636672383 ], [ 21.074159831722724, 46.143888426045137 ], [ 21.052733950827527, 46.148785354773615 ], [ 21.040475802153221, 46.148747226967657 ], [ 21.021606458151187, 46.146278198752455 ], [ 21.012921350581649, 46.146359019571776 ], [ 20.951374973559556, 46.156831709523402 ], [ 20.936739967008283, 46.160816887419998 ], [ 20.925035791272474, 46.167014702090462 ], [ 20.912100307842163, 46.181405863928397 ], [ 20.90279887108985, 46.201447238877584 ], [ 20.868251243634603, 46.22787946004334 ], [ 20.729556818232684, 46.30218480050857 ], [ 20.715116467376866, 46.306705747939972 ], [ 20.716551399438053, 46.3187773888043 ], [ 20.721799126448207, 46.326019447172804 ], [ 20.729412786362396, 46.327635388204463 ], [ 20.738618673094781, 46.325000191306891 ], [ 20.748079530956332, 46.323596188042913 ], [ 20.756352830753269, 46.328858202345572 ], [ 20.756768861929622, 46.336857874979195 ], [ 20.748341856288011, 46.35942497883196 ], [ 20.748192737727869, 46.368843144115488 ], [ 20.752748164644714, 46.374250403181343 ], [ 20.792770823798694, 46.395286326727799 ], [ 20.801759114438234, 46.398256445805714 ], [ 20.813203857628778, 46.402038341158963 ], [ 20.834327897945606, 46.405298443418872 ], [ 20.854338845726247, 46.4038958666724 ], [ 20.863504376442091, 46.400227937032469 ], [ 20.881058385994614, 46.388888492141341 ], [ 20.889110083980786, 46.385832867404822 ], [ 20.899048616880933, 46.386065155141921 ], [ 20.913935490328988, 46.391172164996625 ], [ 20.920810084476184, 46.392403224538697 ], [ 20.938573591562125, 46.389071610392953 ], [ 20.975417657848649, 46.376409524740581 ], [ 20.995163178580185, 46.376155094761167 ], [ 21.004358240405402, 46.378536724064723 ], [ 21.012929986326586, 46.37820176599886 ], [ 21.020671867983694, 46.375158291852614 ], [ 21.027365232781261, 46.369104555200671 ], [ 21.046425974019822, 46.356620170052246 ], [ 21.064581294525269, 46.360668556275513 ], [ 21.113865794576974, 46.399029392741163 ], [ 21.120359586859024, 46.40110284511578 ], [ 21.149580079426091, 46.399805802228158 ], [ 21.159388367582601, 46.404645837020034 ], [ 21.171445031098976, 46.419379197634576 ], [ 21.180771447909542, 46.438356523408224 ], [ 21.186639735053188, 46.48265447632722 ], [ 21.197608087615102, 46.503946601199495 ], [ 21.214974456353051, 46.516920936802713 ], [ 21.234680907826771, 46.520960445524679 ], [ 21.277072700270274, 46.520570924214816 ], [ 21.300683313803777, 46.53187917791373 ], [ 21.295241150839971, 46.554070967857314 ], [ 21.267518879571497, 46.593708448185978 ], [ 21.270801566660793, 46.614188996492551 ], [ 21.285466297531311, 46.629492655371799 ], [ 21.303301261221744, 46.64387092118664 ], [ 21.3164094642975, 46.661691977151669 ], [ 21.321830089106772, 46.699827462001444 ], [ 21.328247677571092, 46.718478848025406 ], [ 21.344028617265113, 46.730584265921188 ], [ 21.365553641901482, 46.733518371087627 ], [ 21.402242541086409, 46.73011957170543 ], [ 21.424135548313615, 46.737176624364622 ], [ 21.445630128344256, 46.755212931328785 ], [ 21.452860944385154, 46.76795525616614 ] ] ] } },
{ "type": "Feature", "properties": { "source": "https://simplemaps.com", "id": "ROBH", "name": "Bihor", "changing": false, "mainFeature": false, "color_id": 2, "new_color_id": 2 }, "geometry": { "type": "Polygon", "coordinates": [ [ [ 22.232935435323753, 47.674818597266601 ], [ 22.237449906007722, 47.669636308012066 ], [ 22.257046652114525, 47.647046455926677 ], [ 22.2685148168536, 47.626868650109984 ], [ 22.276519845196479, 47.617324617690976 ], [ 22.28782338253804, 47.608815158745827 ], [ 22.328117306281644, 47.586502527533462 ], [ 22.34259686027616, 47.571921761299151 ], [ 22.357511587564101, 47.551273111998057 ], [ 22.384993751237339, 47.520048862868954 ], [ 22.392741950707642, 47.507903118330397 ], [ 22.40344383203637, 47.486643461467828 ], [ 22.409337617119789, 47.478655855158834 ], [ 22.417828995133135, 47.473617777568741 ], [ 22.434776412838591, 47.470576709284181 ], [ 22.445042915580029, 47.471261546823364 ], [ 22.453384534367252, 47.472978310044468 ], [ 22.462547493707053, 47.473214995464204 ], [ 22.471667070911366, 47.472341479094375 ], [ 22.485989054297562, 47.469609764733235 ], [ 22.495967931998027, 47.470874724647338 ], [ 22.520389945390956, 47.479125751536223 ], [ 22.530219985445413, 47.480551782262737 ], [ 22.540673219183919, 47.478074636845349 ], [ 22.554527986676657, 47.471327323923724 ], [ 22.570106491462404, 47.46104767268308 ], [ 22.599608013107979, 47.448413948850742 ], [ 22.611257686964692, 47.440821820863675 ], [ 22.619928301078577, 47.428459077610334 ], [ 22.626294220097165, 47.403438405856562 ], [ 22.635054717506648, 47.385435140060608 ], [ 22.62374903894597, 47.358157239196508 ], [ 22.617694487664629, 47.350119343180175 ], [ 22.605680006395243, 47.337789076691578 ], [ 22.600570061460306, 47.330102171273133 ], [ 22.598063315223651, 47.321537684111654 ], [ 22.596955823025546, 47.313047865857214 ], [ 22.593869774732852, 47.305540252140737 ], [ 22.587688562199009, 47.298231327004345 ], [ 22.56123068987759, 47.273614249869688 ], [ 22.552283240768613, 47.266982114534947 ], [ 22.543698122122915, 47.261680683150551 ], [ 22.543789090847824, 47.248127534884759 ], [ 22.555269558419198, 47.226940859475562 ], [ 22.596683781887634, 47.179036721100125 ], [ 22.624647103124943, 47.138950327227732 ], [ 22.628043114013998, 47.130568871154217 ], [ 22.634551484375176, 47.12242787737565 ], [ 22.645375177614746, 47.113549435603808 ], [ 22.706585655869326, 47.086540673130223 ], [ 22.744319823426416, 47.058277285689918 ], [ 22.760292527106085, 47.038233813652475 ], [ 22.752157079935696, 47.024588468533857 ], [ 22.729169513511085, 46.996138033779225 ], [ 22.725402307517808, 46.987079872610522 ], [ 22.726849054608845, 46.980429544157076 ], [ 22.735185520906477, 46.975397523287903 ], [ 22.785522346148259, 46.959958528304739 ], [ 22.797784631412302, 46.952161616040165 ], [ 22.802798915652961, 46.941519051200338 ], [ 22.797739039896634, 46.923202566234181 ], [ 22.792635670136537, 46.911714145731139 ], [ 22.786789022455967, 46.901056367330078 ], [ 22.781204241462746, 46.893129367232056 ], [ 22.774123842796651, 46.886631389870729 ], [ 22.765047548862796, 46.881995449414575 ], [ 22.727900788105075, 46.87235389244308 ], [ 22.716370337000114, 46.867115815914048 ], [ 22.707536276649321, 46.860737976272745 ], [ 22.701671937031978, 46.853597605604222 ], [ 22.699492173961183, 46.845459985574941 ], [ 22.701772532648608, 46.836320534947149 ], [ 22.713297315532426, 46.824208318432099 ], [ 22.752295802794951, 46.797860676888909 ], [ 22.76473930241967, 46.782790518570678 ], [ 22.776994322500556, 46.76157356106129 ], [ 22.792526315512248, 46.714370663540002 ], [ 22.801183813101932, 46.70167228098915 ], [ 22.810256502489146, 46.695628919852375 ], [ 22.82120831636524, 46.690029364864841 ], [ 22.83045831265731, 46.68322929146364 ], [ 22.834638999532597, 46.675075926922446 ], [ 22.829322839068524, 46.650201426411897 ], [ 22.827087392315612, 46.612846539006377 ], [ 22.81215832547171, 46.619894353239403 ], [ 22.8027438894554, 46.622486078494369 ], [ 22.789785838690143, 46.624388757165612 ], [ 22.777857686026216, 46.624854873518395 ], [ 22.764474784596484, 46.623826271737819 ], [ 22.752619180978094, 46.619531709897231 ], [ 22.739669851781592, 46.609746346599614 ], [ 22.725945015554707, 46.592026879511991 ], [ 22.71440821814322, 46.566774974281145 ], [ 22.708380061719559, 46.543531525057418 ], [ 22.707236314976139, 46.482499833263567 ], [ 22.723747282436449, 46.428587247567485 ], [ 22.681937805154519, 46.4279972662804 ], [ 22.634745241455512, 46.432582373386715 ], [ 22.558919240711958, 46.446871087125075 ], [ 22.468398345894638, 46.451701248421742 ], [ 22.453010171633569, 46.454940215532012 ], [ 22.438361679205567, 46.461227240762661 ], [ 22.427652993904779, 46.47304895808292 ], [ 22.423397137553881, 46.483248239702881 ], [ 22.420794829817083, 46.4920898666157 ], [ 22.412478344342865, 46.498956941057976 ], [ 22.338374453586773, 46.521582270059206 ], [ 22.292023784162289, 46.551682130208384 ], [ 22.276111770188578, 46.557397836231758 ], [ 22.251024525618281, 46.563885902727669 ], [ 22.231719089825411, 46.574078542927168 ], [ 22.217184056061313, 46.587239347854016 ], [ 22.205746694856977, 46.604235362437912 ], [ 22.185738337895838, 46.645407333182511 ], [ 22.178601685058869, 46.657322170188927 ], [ 22.171273365666035, 46.66433163947238 ], [ 22.149253161952991, 46.676517889371752 ], [ 22.138785063684043, 46.683908575424425 ], [ 22.120581687261254, 46.690541373017723 ], [ 22.093773467088997, 46.695338438380439 ], [ 22.005778553928277, 46.701285139287677 ], [ 21.981244005569067, 46.708682520132328 ], [ 21.968384112586417, 46.718390544211942 ], [ 21.952672418193398, 46.725262065754237 ], [ 21.940067590010948, 46.728262932683727 ], [ 21.920995352066502, 46.728542680156998 ], [ 21.908128473823442, 46.730131531244865 ], [ 21.894525005082691, 46.735369227360721 ], [ 21.886848526152097, 46.741409705301272 ], [ 21.880583392325921, 46.747834581763563 ], [ 21.854788717862313, 46.752100593820771 ], [ 21.520762777969093, 46.752276205233535 ], [ 21.474445282684623, 46.762050351932032 ], [ 21.452860944385154, 46.76795525616614 ], [ 21.454960939208544, 46.771655971712114 ], [ 21.466159488774544, 46.782957891184196 ], [ 21.493552980595098, 46.785197268808425 ], [ 21.513892827355249, 46.79221149375325 ], [ 21.532797491396817, 46.810142184234003 ], [ 21.536976336043459, 46.829734319585498 ], [ 21.510517187262359, 46.843464518391684 ], [ 21.507596913337725, 46.845492202101795 ], [ 21.505106858353276, 46.847942495661385 ], [ 21.503048079072141, 46.850841486243453 ], [ 21.504212629434456, 46.856820928720815 ], [ 21.506712674719843, 46.862567144657298 ], [ 21.51032954517845, 46.867778297347236 ], [ 21.514955983702453, 46.872355453800687 ], [ 21.537908607472893, 46.911822705778143 ], [ 21.551350212670243, 46.927588015689217 ], [ 21.572736190983413, 46.940198366872899 ], [ 21.609455263443191, 46.94551247195465 ], [ 21.620023788462102, 46.951279484406385 ], [ 21.628887382687939, 46.963706914972065 ], [ 21.629000310024612, 46.974537073620155 ], [ 21.626008929628973, 46.985333195436077 ], [ 21.625555681385961, 46.997555927360892 ], [ 21.627564853128987, 47.009268623730122 ], [ 21.628909057443085, 47.011905255372049 ], [ 21.633394246946512, 47.012867821953627 ], [ 21.680044218307671, 47.036747598623563 ], [ 21.688797198518927, 47.04369747307252 ], [ 21.709728674924534, 47.092319998157933 ], [ 21.71358813865524, 47.093151706133533 ], [ 21.713008856643611, 47.094208687203839 ], [ 21.70448005173774, 47.106229814740132 ], [ 21.69771201534402, 47.11037290601891 ], [ 21.688157971624044, 47.112039132009357 ], [ 21.679697214274167, 47.115214174732102 ], [ 21.677534360942463, 47.120642392574482 ], [ 21.676212054215103, 47.123961129374273 ], [ 21.716500681797445, 47.154450557256261 ], [ 21.739371846538546, 47.168011351415572 ], [ 21.789509310427352, 47.188496884151007 ], [ 21.810282721723254, 47.201312269657762 ], [ 21.817339561454354, 47.209854007292229 ], [ 21.822985800363359, 47.227294327194869 ], [ 21.827780723220471, 47.236183164353207 ], [ 21.837655218390168, 47.245364656510446 ], [ 21.860317829493585, 47.258881955512862 ], [ 21.868996788915581, 47.266584575155413 ], [ 21.875571214840161, 47.27866194346732 ], [ 21.875621574713541, 47.287891267792062 ], [ 21.873599396335432, 47.297020602203162 ], [ 21.874362208267225, 47.308600938594196 ], [ 21.878925999615888, 47.31951569864102 ], [ 21.891071805208551, 47.333883522418368 ], [ 21.896693914671445, 47.342765803288515 ], [ 21.909555683558832, 47.378102314971223 ], [ 21.916104890794202, 47.389534237714898 ], [ 21.95622558435555, 47.426313693503303 ], [ 21.974945623083823, 47.439519625162227 ], [ 21.993207893331533, 47.446304804240846 ], [ 22.038068083896455, 47.453498616950021 ], [ 22.059185806454842, 47.480418956111826 ], [ 22.059145748886284, 47.51380312946489 ], [ 22.051719406226866, 47.548743033243767 ], [ 22.050353280960255, 47.579955168899211 ], [ 22.070311147486962, 47.603662773281279 ], [ 22.100703073463599, 47.624402639114869 ], [ 22.164005694813163, 47.653579165369322 ], [ 22.213285494137011, 47.660057322767912 ], [ 22.219021034889408, 47.662702830247461 ], [ 22.227083747640435, 47.666422059316552 ], [ 22.232645324546109, 47.673755236252155 ], [ 22.232935435323753, 47.674818597266601 ] ] ] } },
{ "type": "Feature", "properties": { "source": "https://simplemaps.com", "id": "ROTM", "name": "Timis", "changing": true, "mainFeature": false, "color_id": 2, "new_color_id": 3 }, "geometry": { "type": "Polygon", "coordinates": [ [ [ 20.715116467376866, 46.306705747939972 ], [ 20.729556818232684, 46.30218480050857 ], [ 20.868251243634603, 46.22787946004334 ], [ 20.90279887108985, 46.201447238877584 ], [ 20.912100307842163, 46.181405863928397 ], [ 20.925035791272474, 46.167014702090462 ], [ 20.936739967008283, 46.160816887419998 ], [ 20.951374973559556, 46.156831709523402 ], [ 21.012921350581649, 46.146359019571776 ], [ 21.021606458151187, 46.146278198752455 ], [ 21.040475802153221, 46.148747226967657 ], [ 21.052733950827527, 46.148785354773615 ], [ 21.074159831722724, 46.143888426045137 ], [ 21.08420739970753, 46.138970636672383 ], [ 21.088202341828151, 46.134004953658867 ], [ 21.085579575525141, 46.122471356298917 ], [ 21.087481985425704, 46.115570567426126 ], [ 21.100028398020164, 46.103133920045458 ], [ 21.112853261273681, 46.09782313105935 ], [ 21.127377762299623, 46.094980108700433 ], [ 21.137937941940244, 46.095239726519303 ], [ 21.145339830352473, 46.098053432529632 ], [ 21.149545093455515, 46.102440140059059 ], [ 21.151463000853951, 46.107847057219125 ], [ 21.152226832833186, 46.119453284121413 ], [ 21.154307719440485, 46.125060680627797 ], [ 21.159014034338266, 46.130358680946216 ], [ 21.167912017414995, 46.135725545175696 ], [ 21.178177152828606, 46.139022131559585 ], [ 21.193413922788892, 46.139848880456498 ], [ 21.200474260101782, 46.137892261379562 ], [ 21.202793422020928, 46.133716037886906 ], [ 21.20367960361563, 46.124631199998973 ], [ 21.210639121181178, 46.112154249374235 ], [ 21.23631537187601, 46.092946941977623 ], [ 21.253262308132765, 46.085923651781428 ], [ 21.267357193741994, 46.085321129403845 ], [ 21.291182236545065, 46.098146574206829 ], [ 21.302469007526803, 46.101118752911852 ], [ 21.316781362219562, 46.102110955916309 ], [ 21.333815526942047, 46.101290170639253 ], [ 21.344255823313517, 46.097158593925229 ], [ 21.358054638963054, 46.085009157364176 ], [ 21.364352524325199, 46.083392599802529 ], [ 21.371253366709212, 46.085295048138079 ], [ 21.394175987354352, 46.100172597738329 ], [ 21.421294516072603, 46.113903638546219 ], [ 21.427836550271664, 46.118535123885913 ], [ 21.431803615680415, 46.124767007871512 ], [ 21.433304219434724, 46.131405624506172 ], [ 21.433577628806994, 46.138402411332223 ], [ 21.435966331864751, 46.143946130997612 ], [ 21.446701232966312, 46.147353577532336 ], [ 21.463634976125746, 46.147933090443452 ], [ 21.496689085623913, 46.144159050830559 ], [ 21.512084529379504, 46.139782191689982 ], [ 21.520378637373099, 46.133665880158773 ], [ 21.521044786146707, 46.126890972032292 ], [ 21.520739083925424, 46.119067948827585 ], [ 21.522446211319107, 46.111140381051513 ], [ 21.528981820165477, 46.103696474566867 ], [ 21.539119186434782, 46.101076563550407 ], [ 21.566540107178636, 46.102694323576465 ], [ 21.577324356236574, 46.100747284158025 ], [ 21.587377975775958, 46.095984394710435 ], [ 21.609208507456671, 46.078944282555049 ], [ 21.628936496673056, 46.066330405080329 ], [ 21.637450636283688, 46.057904148668186 ], [ 21.641056061145058, 46.050910964860421 ], [ 21.639443929715654, 46.045388602071121 ], [ 21.63583208671697, 46.040306441137211 ], [ 21.633934354867993, 46.035415878182505 ], [ 21.634845197898365, 46.030932711314279 ], [ 21.639216555870181, 46.0276589767562 ], [ 21.651669045045292, 46.020759550617754 ], [ 21.657659677086414, 46.015250471645089 ], [ 21.662529598071917, 46.008854240072964 ], [ 21.669931760347463, 46.002410813909265 ], [ 21.677237806612254, 46.002771787186411 ], [ 21.683309060866211, 46.007266555372375 ], [ 21.693995728019154, 46.022673979613025 ], [ 21.708122730292555, 46.038774463365776 ], [ 21.71565174522847, 46.04484131896114 ], [ 21.724046834469519, 46.047926450365622 ], [ 21.738155853583809, 46.047685438424629 ], [ 21.770436506127648, 46.036029110962389 ], [ 21.781687050158688, 46.030133481084412 ], [ 21.789876868403191, 46.023995346972633 ], [ 21.801576097198698, 46.009730107868243 ], [ 21.809656774424756, 46.002122355941928 ], [ 21.815621632433757, 45.999924082686782 ], [ 21.819855689377391, 46.001077409863896 ], [ 21.821756445966951, 46.006045415962994 ], [ 21.821214862462384, 46.019978149819813 ], [ 21.821687571140533, 46.028104874238942 ], [ 21.823361246014336, 46.035202165564961 ], [ 21.828395532395529, 46.040952733847043 ], [ 21.833650411404491, 46.040437142285128 ], [ 21.84069477057751, 46.03674856104449 ], [ 21.849606518347571, 46.030556472997041 ], [ 21.859279150433682, 46.027954717856524 ], [ 21.881428407912729, 46.027011632315862 ], [ 21.889364172382955, 46.027606486291631 ], [ 21.895380943434525, 46.030707048517101 ], [ 21.899201356573247, 46.035832800110491 ], [ 21.906891159525234, 46.057925278149575 ], [ 21.909918666325918, 46.063935280936654 ], [ 21.914144109069305, 46.068838370838186 ], [ 21.922006694070912, 46.071530631850287 ], [ 21.933995379133634, 46.072613613390146 ], [ 21.957746386883702, 46.071633756849472 ], [ 21.972186964528493, 46.067966543071407 ], [ 21.982816847112289, 46.062069263149816 ], [ 21.990899547670644, 46.054513180546088 ], [ 22.002989763031515, 46.046283368715017 ], [ 22.020566072794239, 46.04213160648483 ], [ 22.060124421202485, 46.038051641260331 ], [ 22.069800264473034, 46.034208587196915 ], [ 22.075318082711423, 46.028511072473009 ], [ 22.077831049220247, 46.021353656955043 ], [ 22.0818249866036, 46.016362178356324 ], [ 22.089417186804837, 46.012135096325558 ], [ 22.105632956338049, 46.006252304509843 ], [ 22.113054101664819, 46.001618173362473 ], [ 22.12039553803606, 45.994944355923025 ], [ 22.130718807229655, 45.987817864995371 ], [ 22.145338502260497, 45.98476420250946 ], [ 22.160980493344695, 45.984049583137697 ], [ 22.181245220623868, 45.985171142712609 ], [ 22.194798703856243, 45.982624615141575 ], [ 22.219062322355274, 45.97226419450736 ], [ 22.227776876465526, 45.971613378947119 ], [ 22.234736218792044, 45.975013197389778 ], [ 22.24096944446433, 45.979682639474241 ], [ 22.248439937351087, 45.98425199607555 ], [ 22.256601256705494, 45.986648206576817 ], [ 22.293919788068884, 45.991421683811595 ], [ 22.311465085829415, 45.991770337516471 ], [ 22.317593390094288, 45.993754677637128 ], [ 22.322076180344247, 45.997303035201973 ], [ 22.32868269910896, 46.011525300840347 ], [ 22.333490453941334, 46.015448874886758 ], [ 22.337467146112811, 46.017956830779674 ], [ 22.355897619968381, 46.023752805666994 ], [ 22.388994365563303, 45.997247980976887 ], [ 22.39816272318329, 45.980418198788705 ], [ 22.400385679853539, 45.96186881108747 ], [ 22.404089039844628, 45.949441536744715 ], [ 22.410018207185448, 45.934419100159303 ], [ 22.419067251289189, 45.923799926855892 ], [ 22.445889238292835, 45.907443918804667 ], [ 22.453898933258909, 45.900666437789766 ], [ 22.463022167021222, 45.887975679902404 ], [ 22.480502235192603, 45.854892578042588 ], [ 22.488222659401519, 45.846006089485378 ], [ 22.496455683806396, 45.842296943554018 ], [ 22.508933961816354, 45.846644763184564 ], [ 22.516738037742396, 45.847839604334141 ], [ 22.524000694653321, 45.847090340109247 ], [ 22.534819792751385, 45.842064842811219 ], [ 22.537349907723947, 45.835346319832809 ], [ 22.534582783410929, 45.828059085849304 ], [ 22.525920973712136, 45.820795372903554 ], [ 22.484903456899239, 45.796798836230899 ], [ 22.472933025100865, 45.788242222576791 ], [ 22.464481135254761, 45.778410261717553 ], [ 22.459305604325309, 45.769045117318491 ], [ 22.454237642732103, 45.75052200358909 ], [ 22.451646613546377, 45.743770891417725 ], [ 22.44725113042923, 45.738486603557142 ], [ 22.443424300478284, 45.735843475952308 ], [ 22.435057457307018, 45.733481241846064 ], [ 22.324236331568482, 45.72304694059801 ], [ 22.286650157740567, 45.706130674906639 ], [ 22.257132560778079, 45.666738906223387 ], [ 22.250808991794411, 45.663727885308923 ], [ 22.243672996267353, 45.663748175299666 ], [ 22.235521222177749, 45.665566460487391 ], [ 22.226097882993223, 45.666607025096269 ], [ 22.212376744820517, 45.66618647187444 ], [ 22.203902030773197, 45.667681216438616 ], [ 22.197029908310153, 45.670483847847933 ], [ 22.185181374550325, 45.680928025814566 ], [ 22.177756191205233, 45.685458864144877 ], [ 22.164349555792828, 45.687792833623838 ], [ 22.153801839067061, 45.68520545510156 ], [ 22.12776485006874, 45.6700358582127 ], [ 22.102320536481045, 45.659445768424327 ], [ 22.081211814971358, 45.655254200307049 ], [ 22.05802513963781, 45.653471042896925 ], [ 22.023124566947175, 45.654990005950829 ], [ 22.016631964503002, 45.651623598952035 ], [ 22.015333698057226, 45.646192445824411 ], [ 22.017568119255987, 45.639847513355214 ], [ 22.018812082792657, 45.628007711345717 ], [ 22.020947080137109, 45.623088835069773 ], [ 22.024565063758775, 45.620387515500255 ], [ 22.029793703880571, 45.61920061067908 ], [ 22.043401663368702, 45.618048259579055 ], [ 22.044388355043978, 45.614182703725767 ], [ 22.037590335106589, 45.608294175814862 ], [ 22.0116925702606, 45.596687497561575 ], [ 21.991921368464837, 45.592314383863517 ], [ 21.972006990329582, 45.590894626355222 ], [ 21.959213941869638, 45.593049451949099 ], [ 21.948356509068539, 45.597093867905379 ], [ 21.940028092882304, 45.602332319590872 ], [ 21.933127993546918, 45.609712870517896 ], [ 21.928001718344742, 45.617489573598483 ], [ 21.919189770815478, 45.634176117246518 ], [ 21.912374609125866, 45.642406690799866 ], [ 21.902979976478431, 45.648152257448224 ], [ 21.888389535449594, 45.651954631200915 ], [ 21.878578683462411, 45.651019255072015 ], [ 21.842276017684412, 45.636509388803468 ], [ 21.795640715930464, 45.6235927400202 ], [ 21.771146144208448, 45.620102340852796 ], [ 21.753440697166599, 45.62094935150472 ], [ 21.746179505755137, 45.625706509303157 ], [ 21.733619978074376, 45.637807520985746 ], [ 21.724050256499488, 45.643042769120456 ], [ 21.712729097368666, 45.647131157633424 ], [ 21.69008410663427, 45.652592888496628 ], [ 21.671037019667679, 45.661456572361729 ], [ 21.655506022313102, 45.665011311177899 ], [ 21.624317260817993, 45.666230074230768 ], [ 21.595547270943378, 45.660527817536597 ], [ 21.577658753520257, 45.652719591345594 ], [ 21.567806624370363, 45.642787269861145 ], [ 21.562889449941007, 45.632093211824177 ], [ 21.560583572327634, 45.620728268258766 ], [ 21.560208256853524, 45.61112377609787 ], [ 21.552692907010666, 45.601436280844283 ], [ 21.538450624300232, 45.59164966841962 ], [ 21.495670117890086, 45.576798163399715 ], [ 21.477062070285648, 45.566458097969139 ], [ 21.46756819524585, 45.557752990176446 ], [ 21.46755718076335, 45.549530574246482 ], [ 21.468698692102635, 45.539039363171419 ], [ 21.468047857344811, 45.530324805940033 ], [ 21.463823983956321, 45.52149132463537 ], [ 21.453051006741003, 45.507845586057215 ], [ 21.449937735201381, 45.499640961718349 ], [ 21.450389441489023, 45.491348789246153 ], [ 21.453148665652584, 45.482552677006268 ], [ 21.459047481071856, 45.474694085155214 ], [ 21.492185774663881, 45.447929060749161 ], [ 21.511274775845187, 45.436167654754804 ], [ 21.518925032384157, 45.429455948618539 ], [ 21.523921618095471, 45.422330755807629 ], [ 21.526725237810815, 45.414670679576908 ], [ 21.526919583137961, 45.407733157875413 ], [ 21.526049728864756, 45.401354380868177 ], [ 21.526614434089431, 45.39595387679033 ], [ 21.529474090506469, 45.385757529684767 ], [ 21.528626433410032, 45.379946761454136 ], [ 21.524525641066642, 45.374263109343445 ], [ 21.504010967150478, 45.357481369276144 ], [ 21.501062697833575, 45.349528896940456 ], [ 21.500665188765336, 45.339356411089405 ], [ 21.504864737685882, 45.311834601702543 ], [ 21.504159425272466, 45.301725864457275 ], [ 21.498969760366929, 45.291999213514487 ], [ 21.493244190082756, 45.284439706350732 ], [ 21.474394006966179, 45.26790321580971 ], [ 21.454998751390267, 45.261239895210842 ], [ 21.45487732806313, 45.261198179324154 ], [ 21.430733725348006, 45.283495850229635 ], [ 21.405698858432107, 45.299264872167647 ], [ 21.377928787414927, 45.311210382056302 ], [ 21.272681176004198, 45.338853855308322 ], [ 21.230581689082968, 45.341429872584683 ], [ 21.212921095209204, 45.347395006158926 ], [ 21.180415830291199, 45.365214302200009 ], [ 21.164631236419144, 45.379484108600572 ], [ 21.131941079041141, 45.416393773293379 ], [ 21.116059993355879, 45.425547472876879 ], [ 21.105765239195996, 45.424139706662579 ], [ 21.089164158630396, 45.41222147388946 ], [ 21.07932927365615, 45.40934767712087 ], [ 21.067634728364954, 45.41182159138544 ], [ 21.059074360514437, 45.417741424792801 ], [ 21.05087425884734, 45.424940071165537 ], [ 21.04077083118673, 45.431075334570529 ], [ 20.994104433742717, 45.448112838826127 ], [ 20.959393282458215, 45.460785556731864 ], [ 20.944451756772867, 45.470161146291623 ], [ 20.90733292287133, 45.507554161552065 ], [ 20.844396867845361, 45.551282799505501 ], [ 20.813081919730294, 45.586328648000404 ], [ 20.79913039275975, 45.597217018595529 ], [ 20.782828505145936, 45.603542787533073 ], [ 20.765119487828734, 45.608268657546454 ], [ 20.750925455849377, 45.615598096118589 ], [ 20.745069291980858, 45.62984192220506 ], [ 20.767976147178665, 45.641668917220315 ], [ 20.782842110924573, 45.651534593977885 ], [ 20.785970790370204, 45.665427334915918 ], [ 20.774068789339605, 45.689061122672548 ], [ 20.746129242230033, 45.725785178128241 ], [ 20.743152281550891, 45.742243722461822 ], [ 20.751874460350081, 45.766933371058059 ], [ 20.763639082931942, 45.784781017235979 ], [ 20.768003756512947, 45.79324706754786 ], [ 20.771241756865695, 45.807290637806602 ], [ 20.772445497954251, 45.859269815492176 ], [ 20.775325612463348, 45.869448673892094 ], [ 20.779619294757612, 45.878744933506141 ], [ 20.780182990189385, 45.887876579439471 ], [ 20.77230243633085, 45.897958836935146 ], [ 20.760186360727719, 45.902879882408143 ], [ 20.749010932991762, 45.900110196132374 ], [ 20.739897685839537, 45.891881510857729 ], [ 20.733559069585805, 45.880544828659239 ], [ 20.720677145395086, 45.873808014193003 ], [ 20.707140530555062, 45.871492554976349 ], [ 20.693898894146372, 45.874078651189812 ], [ 20.682219762319416, 45.882240712803068 ], [ 20.673247222276945, 45.896140907847979 ], [ 20.65112750637957, 45.917691594172958 ], [ 20.641865690964689, 45.929482770946841 ], [ 20.639705254166103, 45.935982589389944 ], [ 20.638626414159887, 45.939228503588325 ], [ 20.637252676322237, 45.959658215124939 ], [ 20.63416950485195, 45.968104973280987 ], [ 20.627391027341474, 45.974627484746669 ], [ 20.610361816395965, 45.983515729004182 ], [ 20.603520786538503, 45.988437494225245 ], [ 20.571992143246938, 46.031249084294089 ], [ 20.557024022837965, 46.042590930898477 ], [ 20.538537231868084, 46.048588321271751 ], [ 20.500544120751066, 46.05302074849088 ], [ 20.48260398089073, 46.059772594646262 ], [ 20.431365219423245, 46.09580391258892 ], [ 20.412916405677699, 46.105419948204421 ], [ 20.37414847026832, 46.119139800722785 ], [ 20.357455325428738, 46.128687297289282 ], [ 20.342800324373176, 46.14539530891755 ], [ 20.32362347760883, 46.191964918154021 ], [ 20.312228856874565, 46.207407797941968 ], [ 20.251567037058937, 46.264338517446888 ], [ 20.293341508171984, 46.298441809848441 ], [ 20.45426025906745, 46.295256503449771 ], [ 20.479696326018079, 46.321516813030939 ], [ 20.52023734254033, 46.313468089529415 ], [ 20.559341329663042, 46.300407396452158 ], [ 20.587738194103075, 46.280680010760264 ], [ 20.597468885948306, 46.275593651785677 ], [ 20.609426843716289, 46.271919983776698 ], [ 20.616856511867731, 46.271474450773397 ], [ 20.673567001470406, 46.277532971154997 ], [ 20.693356176494184, 46.283689555710538 ], [ 20.709100798474179, 46.294865524761725 ], [ 20.714856454171404, 46.304518353892981 ], [ 20.715116467376866, 46.306705747939972 ] ] ] } },
{ "type": "Feature", "properties": { "source": "https://simplemaps.com", "id": "ROOT", "name": "Olt", "changing": false, "mainFeature": false, "color_id": 1, "new_color_id": 1 }, "geometry": { "type": "Polygon", "coordinates": [ [ [ 24.685117082282133, 44.414985598137058 ], [ 24.663737083212226, 44.406433598509096 ], [ 24.642357084142315, 44.406433598509096 ], [ 24.620977085072408, 44.406433598509096 ], [ 24.612425085444443, 44.427813597579004 ], [ 24.599597086002497, 44.444917596834934 ], [ 24.58249308674657, 44.457745596276879 ], [ 24.561113087676659, 44.466297595904841 ], [ 24.544009088420733, 44.483401595160764 ], [ 24.522629089350826, 44.49622959460271 ], [ 24.501249090280915, 44.49622959460271 ], [ 24.488421090838969, 44.479125595346787 ], [ 24.471317091583042, 44.491953594788733 ], [ 24.462765091955077, 44.51333359385864 ], [ 24.445661092699151, 44.53043759311457 ], [ 24.42428109362924, 44.543265592556516 ], [ 24.402901094559333, 44.551817592184477 ], [ 24.381521095489422, 44.564645591626423 ], [ 24.364417096233495, 44.577473591068369 ], [ 24.364417096233495, 44.594577590324299 ], [ 24.37296909586146, 44.615957589394206 ], [ 24.390073095117387, 44.628785588836152 ], [ 24.402901094559333, 44.650165587906059 ], [ 24.407177094373314, 44.671545586975967 ], [ 24.411453094187294, 44.692925586045881 ], [ 24.411453094187294, 44.714305585115788 ], [ 24.415729094001279, 44.735685584185696 ], [ 24.411453094187294, 44.757065583255603 ], [ 24.398625094745348, 44.774169582511533 ], [ 24.385797095303406, 44.791273581767463 ], [ 24.377245095675441, 44.81265358083737 ], [ 24.377245095675441, 44.834033579907278 ], [ 24.394303232060651, 44.844268461738402 ], [ 24.394234193802816, 44.843431897991984 ], [ 24.419866524192802, 44.856186671456726 ], [ 24.460403084345177, 44.887726691685167 ], [ 24.467096461785879, 44.896230996812754 ], [ 24.47083543221818, 44.904566311016779 ], [ 24.469943175480587, 44.913496133828232 ], [ 24.463894952184436, 44.92547196197097 ], [ 24.455558954766424, 44.934486131774925 ], [ 24.449383596505324, 44.94320875672318 ], [ 24.44878099191385, 44.951610142367429 ], [ 24.457341775898342, 44.972168997944493 ], [ 24.470554459445889, 45.032367058886926 ], [ 24.504961008718862, 45.125404023381293 ], [ 24.50370229084583, 45.148777067252922 ], [ 24.498507136713958, 45.164055249249252 ], [ 24.491216603128198, 45.176002081779657 ], [ 24.484835905319546, 45.183439927298764 ], [ 24.470440648256648, 45.196207399100622 ], [ 24.465720037749129, 45.206424734895975 ], [ 24.464366570564032, 45.219432452258388 ], [ 24.469655019606957, 45.239627704173451 ], [ 24.473403903213839, 45.264097972991351 ], [ 24.465055595991469, 45.288678941499988 ], [ 24.464244084516416, 45.299674409814365 ], [ 24.466619119735434, 45.308838756108273 ], [ 24.472802355579091, 45.316199344311215 ], [ 24.481274964730222, 45.322591357356714 ], [ 24.489174328256954, 45.330195173916202 ], [ 24.492480851407539, 45.339374845813602 ], [ 24.49062128125124, 45.351342150721003 ], [ 24.472623658724199, 45.414854351447886 ], [ 24.472911659564293, 45.426194731156649 ], [ 24.475811963571434, 45.436890032987733 ], [ 24.506631767389447, 45.475196598315669 ], [ 24.522348622787689, 45.518747814609085 ], [ 24.511359675125341, 45.551189337023089 ], [ 24.694513099337581, 45.581009113513261 ], [ 24.757465142258891, 45.582686392935273 ], [ 24.772853341334557, 45.579447565170867 ], [ 24.785662070853697, 45.573723733524766 ], [ 24.801028346050931, 45.560659758675619 ], [ 24.808259812004902, 45.551171729606665 ], [ 24.815103226152047, 45.543664086832031 ], [ 24.822729726785163, 45.54031481916406 ], [ 24.834909650952824, 45.542321256841305 ], [ 24.853047268296191, 45.549886999560719 ], [ 24.86483023568795, 45.552322658241749 ], [ 24.876945586705347, 45.552676693968735 ], [ 24.906527729881674, 45.550046815528496 ], [ 24.968386309635697, 45.551534082066794 ], [ 25.079155242673551, 45.536810705542877 ], [ 25.102781052100458, 45.526009733112765 ], [ 25.139248147973905, 45.501053986168756 ], [ 25.15645445846242, 45.492727651548769 ], [ 25.172085893419098, 45.487772704834384 ], [ 25.188090430804277, 45.47913133553557 ], [ 25.202149632370087, 45.465704689513267 ], [ 25.253800728167921, 45.37670023542988 ], [ 25.286014964112827, 45.347463097967776 ], [ 25.301104798924875, 45.327324855786564 ], [ 25.306163477804638, 45.317818315776258 ], [ 25.309171993357552, 45.307461010774915 ], [ 25.308561054236609, 45.295797094486716 ], [ 25.303261963980948, 45.279299923216279 ], [ 25.296653889277692, 45.269008124588453 ], [ 25.28024595997066, 45.251445303872217 ], [ 25.272851220066816, 45.240873934605936 ], [ 25.266451064289466, 45.22796233866751 ], [ 25.261184261661207, 45.212291377714621 ], [ 25.258257354503087, 45.189004324586364 ], [ 25.249392833047946, 45.168612658095412 ], [ 25.240080181578552, 45.152634342914062 ], [ 25.231322520881633, 45.142917843853041 ], [ 25.221992446587247, 45.135757766760527 ], [ 25.213139860032488, 45.131552708156342 ], [ 25.203784662844328, 45.130366809110477 ], [ 25.19502938994944, 45.132622419374691 ], [ 25.188247057617552, 45.137722888032819 ], [ 25.177454104336601, 45.151358053324685 ], [ 25.170920874976538, 45.156216053994932 ], [ 25.164147161781482, 45.15756678390489 ], [ 25.157998688279335, 45.155066117249973 ], [ 25.153014839071474, 45.150606427644277 ], [ 25.142707143794343, 45.132986249643302 ], [ 25.137042110329158, 45.12697586536072 ], [ 25.131558303069813, 45.113692300929927 ], [ 25.129886280681333, 45.094726202232373 ], [ 25.13933931619005, 45.054742449219574 ], [ 25.152313681647151, 45.037376076528325 ], [ 25.182656515074957, 45.010539297033311 ], [ 25.193208340146967, 44.990733508145212 ], [ 25.197524288487788, 44.97810132974444 ], [ 25.197625814238304, 44.968788505776381 ], [ 25.192633438384565, 44.960140196547002 ], [ 25.163529568989151, 44.937953529415545 ], [ 25.156768416680013, 44.929038178186062 ], [ 25.154121973738196, 44.912928594718515 ], [ 25.155824727993032, 44.892977460649043 ], [ 25.170032410470622, 44.838353393636602 ], [ 25.172047408742781, 44.822423588373809 ], [ 25.160489012041673, 44.741034890433049 ], [ 25.157593764655815, 44.730468753702922 ], [ 25.152397857088491, 44.721905911868852 ], [ 25.136917570626885, 44.70293643402286 ], [ 25.133380482471765, 44.691826494891266 ], [ 25.135252170489267, 44.680169070094244 ], [ 25.148728052526554, 44.667696116711653 ], [ 25.159516060013033, 44.660551503180812 ], [ 25.168224413010048, 44.653125876639947 ], [ 25.164170070635443, 44.648630082462432 ], [ 25.141264839720922, 44.639492102328134 ], [ 25.13644552838733, 44.631302429317884 ], [ 25.138912636737043, 44.61900109944407 ], [ 25.162973354635092, 44.582273477999578 ], [ 25.173129965172251, 44.572205667670318 ], [ 25.199943462613533, 44.551661234496599 ], [ 25.208190780163434, 44.546994715729525 ], [ 25.218470974513242, 44.544059057147813 ], [ 25.241596612851403, 44.540310784923548 ], [ 25.250632436744553, 44.537294265503434 ], [ 25.257944312872873, 44.532509559851839 ], [ 25.261789700604613, 44.525041226598709 ], [ 25.260197311452956, 44.51605326475898 ], [ 25.241119277796447, 44.492362927444205 ], [ 25.235461862358836, 44.482577026744231 ], [ 25.236180578161893, 44.469206382381749 ], [ 25.238919593442255, 44.45989374125682 ], [ 25.24246552613139, 44.451377430979605 ], [ 25.244653494049118, 44.443844613213166 ], [ 25.240514041032128, 44.42525963796794 ], [ 25.218200574461864, 44.398179051719168 ], [ 25.186517205606552, 44.410562014293099 ], [ 25.170538596946614, 44.414573660910037 ], [ 25.153096207696539, 44.41685850025069 ], [ 25.130429552068268, 44.417795854287498 ], [ 25.084901747830774, 44.41336905256518 ], [ 25.063652807279805, 44.40558880907637 ], [ 25.040735217908068, 44.390840281712443 ], [ 25.02708443234501, 44.386926202230093 ], [ 25.002228365658738, 44.383449734038187 ], [ 24.970856906719117, 44.38793374580473 ], [ 24.961061220051544, 44.387385815245537 ], [ 24.950928957070776, 44.382196277001626 ], [ 24.93762948137498, 44.37139044635115 ], [ 24.929863253279159, 44.367194456294101 ], [ 24.919328827754121, 44.363623923666907 ], [ 24.903991008933424, 44.361534210983649 ], [ 24.886767645904293, 44.361483306467811 ], [ 24.832578738130419, 44.373633552376958 ], [ 24.789467950267181, 44.367534869866915 ], [ 24.768665890444961, 44.379130735330044 ], [ 24.720221904504012, 44.383454303719262 ], [ 24.7109579721191, 44.388574192184329 ], [ 24.704631768616565, 44.397406307438722 ], [ 24.700104884710079, 44.412580882517446 ], [ 24.699946668311572, 44.414985598137058 ], [ 24.685117082282133, 44.414985598137058 ] ] ] } },
{ "type": "Feature", "properties": { "source": "https://simplemaps.com", "id": "ROOT", "name": "Olt", "changing": false, "mainFeature": false, "color_id": 2, "new_color_id": 2 }, "geometry": { "type": "Polygon", "coordinates": [ [ [ 24.394349094931368, 44.53043759311457 ], [ 24.398625094745348, 44.509057594044656 ], [ 24.377245095675441, 44.504781594230678 ], [ 24.360141096419515, 44.491953594788733 ], [ 24.347313096977569, 44.470573595718818 ], [ 24.325933097907658, 44.474849595532802 ], [ 24.304553098837751, 44.466297595904841 ], [ 24.291725099395805, 44.449193596648911 ], [ 24.274621100139875, 44.436365597206965 ], [ 24.274621100139875, 44.414985598137058 ], [ 24.261793100697933, 44.397881598881128 ], [ 24.240413101628022, 44.389329599253166 ], [ 24.219033102558111, 44.385053599439182 ], [ 24.201929103302184, 44.397881598881128 ], [ 24.180549104232277, 44.406433598509096 ], [ 24.163445104976347, 44.393605599067151 ], [ 24.14206510590644, 44.385053599439182 ], [ 24.120685106836529, 44.380777599625205 ], [ 24.099305107766622, 44.380777599625205 ], [ 24.07364910888273, 44.389329599253166 ], [ 24.052269109812819, 44.393605599067151 ], [ 24.035165110556893, 44.406433598509096 ], [ 24.013785111486982, 44.414985598137058 ], [ 24.00095711204504, 44.432089597392988 ], [ 23.983853112789109, 44.444917596834934 ], [ 23.971025113347164, 44.462021596090857 ], [ 23.958197113905218, 44.479125595346787 ], [ 23.941093114649291, 44.491953594788733 ], [ 23.928265115207346, 44.509057594044656 ], [ 23.911161115951419, 44.521885593486601 ], [ 23.891604005787087, 44.533619859585201 ], [ 23.902429854146114, 44.542037429096574 ], [ 23.87459155835435, 44.564147814936867 ], [ 23.859116269415942, 44.582361966387538 ], [ 23.848087133218336, 44.597893937776668 ], [ 23.829413996380818, 44.648089805441636 ], [ 23.820933136311535, 44.657367992000609 ], [ 23.811401780458429, 44.663584497540079 ], [ 23.778635442866616, 44.6800174197706 ], [ 23.763637791638278, 44.685309694547115 ], [ 23.746375817608072, 44.693534825606051 ], [ 23.73874475297729, 44.700737203311334 ], [ 23.734771455578532, 44.710227168094704 ], [ 23.733997805900838, 44.718221551495958 ], [ 23.727476163858956, 44.741903780632079 ], [ 23.743358204227118, 44.798946344219203 ], [ 23.749926925114483, 44.851905085938135 ], [ 23.739542075752432, 44.967301090968178 ], [ 23.742766269892737, 44.986284295830934 ], [ 23.747785334669299, 44.999585964498749 ], [ 23.759703321778627, 45.021358082469959 ], [ 23.790652380998793, 45.098705093441467 ], [ 23.7917946419613, 45.112054873967651 ], [ 23.789713312839368, 45.146139386387212 ], [ 23.79430296485809, 45.160362911736478 ], [ 23.811723279918347, 45.193245777420188 ], [ 23.813441800662645, 45.205461143350107 ], [ 23.809794933573688, 45.219334218379743 ], [ 23.800137260921041, 45.238200025957745 ], [ 23.793448036288769, 45.265534678787148 ], [ 23.796218565415181, 45.284819883425492 ], [ 23.81044068828043, 45.323206161062245 ], [ 23.806679814115643, 45.334161743705479 ], [ 23.799558860395582, 45.342507676485418 ], [ 23.782123437975073, 45.35291158372673 ], [ 23.774109244750058, 45.35560368581325 ], [ 23.765135502948123, 45.356238798611585 ], [ 23.703856207575964, 45.35369456266659 ], [ 23.685908714764093, 45.354964743630049 ], [ 23.670502363486431, 45.357738878355946 ], [ 23.651846173421013, 45.366018401898089 ], [ 23.640777327766525, 45.368623018866536 ], [ 23.592411593806641, 45.370978420853461 ], [ 23.562466253896094, 45.378871668907635 ], [ 23.577708273723353, 45.407624816315597 ], [ 23.575344625600792, 45.418603375554312 ], [ 23.562737964148901, 45.449349780040436 ], [ 23.560621588884644, 45.458715503717634 ], [ 23.564615807218733, 45.473582867841614 ], [ 23.606622387588136, 45.476569936840427 ], [ 23.627376622767137, 45.474336764802629 ], [ 23.639281022557238, 45.477233110962551 ], [ 23.660080382651046, 45.485418888681224 ], [ 23.691309327270311, 45.501109649798231 ], [ 23.704618012349762, 45.504209683387792 ], [ 23.721830294732456, 45.503976676743989 ], [ 23.734362589711267, 45.505736578037578 ], [ 23.743859038152515, 45.510537084667874 ], [ 23.752505718699883, 45.517413546356828 ], [ 23.761101961078669, 45.522999123452976 ], [ 23.776581418611205, 45.526066047610811 ], [ 23.943274260350051, 45.523741181868999 ], [ 23.980999090221488, 45.519060615801926 ], [ 24.016101622836896, 45.506828596820441 ], [ 24.031349034813655, 45.503957278903286 ], [ 24.050268362642825, 45.503735123413556 ], [ 24.152341023851388, 45.540420966113622 ], [ 24.166264308939237, 45.543367698204158 ], [ 24.306098295682574, 45.560425666059906 ], [ 24.511359675125341, 45.551189337023089 ], [ 24.522348622787689, 45.518747814609085 ], [ 24.506631767389447, 45.475196598315669 ], [ 24.475811963571434, 45.436890032987733 ], [ 24.472911659564293, 45.426194731156649 ], [ 24.472623658724199, 45.414854351447886 ], [ 24.49062128125124, 45.351342150721003 ], [ 24.492480851407539, 45.339374845813602 ], [ 24.489174328256954, 45.330195173916202 ], [ 24.481274964730222, 45.322591357356714 ], [ 24.472802355579091, 45.316199344311215 ], [ 24.466619119735434, 45.308838756108273 ], [ 24.464244084516416, 45.299674409814365 ], [ 24.465055595991469, 45.288678941499988 ], [ 24.473403903213839, 45.264097972991351 ], [ 24.469655019606957, 45.239627704173451 ], [ 24.464366570564032, 45.219432452258388 ], [ 24.465720037749129, 45.206424734895975 ], [ 24.470440648256648, 45.196207399100622 ], [ 24.484835905319546, 45.183439927298764 ], [ 24.491216603128198, 45.176002081779657 ], [ 24.498507136713958, 45.164055249249252 ], [ 24.50370229084583, 45.148777067252922 ], [ 24.504961008718862, 45.125404023381293 ], [ 24.470554459445889, 45.032367058886926 ], [ 24.457341775898342, 44.972168997944493 ], [ 24.44878099191385, 44.951610142367429 ], [ 24.449383596505324, 44.94320875672318 ], [ 24.455558954766424, 44.934486131774925 ], [ 24.463894952184436, 44.92547196197097 ], [ 24.469943175480587, 44.913496133828232 ], [ 24.47083543221818, 44.904566311016779 ], [ 24.467096461785879, 44.896230996812754 ], [ 24.460403084345177, 44.887726691685167 ], [ 24.419866524192802, 44.856186671456726 ], [ 24.394234193802816, 44.843431897991984 ], [ 24.394303232060651, 44.844268461738402 ], [ 24.377245095675441, 44.834033579907278 ], [ 24.377245095675441, 44.81265358083737 ], [ 24.385797095303406, 44.791273581767463 ], [ 24.398625094745348, 44.774169582511533 ], [ 24.411453094187294, 44.757065583255603 ], [ 24.415729094001279, 44.735685584185696 ], [ 24.411453094187294, 44.714305585115788 ], [ 24.411453094187294, 44.692925586045881 ], [ 24.407177094373314, 44.671545586975967 ], [ 24.402901094559333, 44.650165587906059 ], [ 24.390073095117387, 44.628785588836152 ], [ 24.37296909586146, 44.615957589394206 ], [ 24.364417096233495, 44.594577590324299 ], [ 24.364417096233495, 44.577473591068369 ], [ 24.381521095489422, 44.564645591626423 ], [ 24.399452707612571, 44.553886624352536 ], [ 24.398625094745348, 44.551817592184477 ], [ 24.394349094931368, 44.53043759311457 ] ], [ [ 24.042967509387427, 44.530999793712645 ], [ 24.072214150097633, 44.559269703739325 ], [ 24.039482846280436, 44.527631505590804 ], [ 24.042967509387427, 44.530999793712645 ] ] ] } },
{ "type": "Feature", "properties": { "source": "https://simplemaps.com", "id": "ROCJ", "name": "Cluj", "changing": true, "mainFeature": false, "color_id": 3, "new_color_id": 1 }, "geometry": { "type": "Polygon", "coordinates": [ [ [ 22.644194064073041, 47.389954003692289 ], [ 22.644930671035958, 47.38627096887771 ], [ 22.644930671035958, 47.364890969807803 ], [ 22.662034670291884, 47.352062970365857 ], [ 22.679138669547811, 47.334958971109927 ], [ 22.691966668989757, 47.31357897204002 ], [ 22.696242668803741, 47.292198972970105 ], [ 22.704794668431703, 47.266542974086214 ], [ 22.717622667873648, 47.245162975016306 ], [ 22.734726667129578, 47.232334975574361 ], [ 22.756106666199486, 47.219506976132415 ], [ 22.781762665083377, 47.210954976504453 ], [ 22.803142664153288, 47.206678976690469 ], [ 22.815970663595234, 47.223782975946399 ], [ 22.82879866303718, 47.240886975202322 ], [ 22.850178662107091, 47.240886975202322 ], [ 22.875834660990982, 47.240886975202322 ], [ 22.897214660060889, 47.236610975388345 ], [ 22.9185946591308, 47.228058975760376 ], [ 22.939974658200711, 47.219506976132415 ], [ 22.961354657270618, 47.210954976504453 ], [ 22.982734656340529, 47.219506976132415 ], [ 23.00411465541044, 47.236610975388345 ], [ 23.016942654852386, 47.253714974644268 ], [ 23.029770654294332, 47.270818973900198 ], [ 23.051150653364239, 47.275094973714182 ], [ 23.07253065243415, 47.275094973714182 ], [ 23.093910651504061, 47.283646973342144 ], [ 23.111014650759987, 47.29647497278409 ], [ 23.115290650573968, 47.322130971667981 ], [ 23.132394649829898, 47.334958971109927 ], [ 23.149498649085825, 47.347786970551873 ], [ 23.153774648899805, 47.36916696962178 ], [ 23.15805064871379, 47.390546968691694 ], [ 23.15805064871379, 47.397786141810315 ], [ 23.160292675440111, 47.398965309176845 ], [ 23.165806830121593, 47.405084999761321 ], [ 23.167638454951131, 47.412253752874705 ], [ 23.166396041261695, 47.420163051688533 ], [ 23.158702319003574, 47.43370297426231 ], [ 23.147638876878563, 47.448357102381721 ], [ 23.198221169610186, 47.459050962646238 ], [ 23.302869231906453, 47.454444455793677 ], [ 23.329230895315739, 47.450130379471986 ], [ 23.348928523585343, 47.444680301963295 ], [ 23.388797364562237, 47.428693744090744 ], [ 23.512476075912463, 47.394951530017337 ], [ 23.535200748983151, 47.391529346244454 ], [ 23.688853637672793, 47.390334640233348 ], [ 23.712184883011929, 47.386552835319726 ], [ 23.724988559891671, 47.38069986850644 ], [ 23.727166466295103, 47.372909010691252 ], [ 23.73258744639671, 47.364733011009946 ], [ 23.741104610195368, 47.356384198698677 ], [ 23.761204421405807, 47.349315228594634 ], [ 23.772634108275611, 47.344033274512718 ], [ 23.781704769381754, 47.337938230407318 ], [ 23.789365139651501, 47.331484831459314 ], [ 23.80251009494501, 47.325101355043522 ], [ 23.814831356294583, 47.322784015917151 ], [ 23.829411154135371, 47.322679709835505 ], [ 23.840499621831903, 47.324547701885166 ], [ 23.866148843017967, 47.332440618139977 ], [ 23.895305231731204, 47.348031293711102 ], [ 24.060878020421725, 47.332924721370446 ], [ 24.050465472298495, 47.304680957085253 ], [ 24.039481542900383, 47.293577516745174 ], [ 24.026065437968764, 47.283758544699388 ], [ 23.992919045948934, 47.266642964803303 ], [ 23.986641986376615, 47.256881279878456 ], [ 23.985867072707254, 47.244991139370704 ], [ 23.989479063311951, 47.234196382401542 ], [ 23.998003822040605, 47.178398019844515 ], [ 24.002175975759851, 47.166055991585665 ], [ 24.008757531912448, 47.155817628687132 ], [ 24.019179196485506, 47.147239164767655 ], [ 24.031684182159697, 47.141682483952145 ], [ 24.088171485818233, 47.128795719246845 ], [ 24.102954719152894, 47.121986314371945 ], [ 24.123177055791874, 47.107465443958418 ], [ 24.133884822605129, 47.102237502150089 ], [ 24.156526123340438, 47.09403487052704 ], [ 24.170802258499219, 47.086159292720779 ], [ 24.184076985147826, 47.071185890512339 ], [ 24.187940318502161, 47.058881754499566 ], [ 24.18605276727655, 47.04631100750747 ], [ 24.180712601913562, 47.034056213598937 ], [ 24.17742678930512, 47.021436534384733 ], [ 24.176434576180107, 47.006632840350804 ], [ 24.18407575134631, 46.999688764884759 ], [ 24.201242731608577, 46.990355593606864 ], [ 24.203014439937206, 46.984080471588079 ], [ 24.200408281583531, 46.97694210625756 ], [ 24.198709369247538, 46.969199279301577 ], [ 24.199651582498358, 46.957578135383891 ], [ 24.206293675766094, 46.948888890715587 ], [ 24.218125522214716, 46.941987921275256 ], [ 24.252669480537321, 46.92737288205349 ], [ 24.2707099870658, 46.912601326808336 ], [ 24.275293366922568, 46.898872575327538 ], [ 24.272658036320394, 46.883047075673815 ], [ 24.266522316357705, 46.868961621797041 ], [ 24.258564752232431, 46.828106609517604 ], [ 24.25204300277073, 46.816053206751924 ], [ 24.22898783538021, 46.785872904887945 ], [ 24.19848080218722, 46.784686059243164 ], [ 24.189096900809965, 46.778795174179486 ], [ 24.177875795718112, 46.769562797702328 ], [ 24.138859266500027, 46.72133675765491 ], [ 24.133928967162998, 46.710307007452407 ], [ 24.133435066966769, 46.701638072577822 ], [ 24.139201167015806, 46.694353535937886 ], [ 24.147725396635074, 46.68618547103911 ], [ 24.15415407401818, 46.676004870569571 ], [ 24.154571548624393, 46.658896391524934 ], [ 24.147481587363341, 46.648183830188302 ], [ 24.137632955431268, 46.64231111943085 ], [ 24.101469421280186, 46.639302540285072 ], [ 24.088296470580257, 46.6357058655163 ], [ 24.071281090475114, 46.625096654094818 ], [ 24.061121713346132, 46.611271841404339 ], [ 24.049718912766572, 46.590772530926024 ], [ 24.047104224786736, 46.57944551979012 ], [ 24.049120352811858, 46.57016129333924 ], [ 24.054231481210998, 46.561997243523386 ], [ 24.057003845273865, 46.55353690706022 ], [ 24.055327691031497, 46.542405873480874 ], [ 24.048550839527866, 46.537059438273538 ], [ 24.026798826492822, 46.528316248749768 ], [ 24.013270194732886, 46.51958776607632 ], [ 23.992454308403964, 46.499068341768165 ], [ 23.987742871561828, 46.487021715351524 ], [ 23.992468681651115, 46.47561456667448 ], [ 24.014631244761965, 46.459130424906149 ], [ 24.006750028954901, 46.451991274356821 ], [ 23.989799689109159, 46.447016600098529 ], [ 23.97673754314199, 46.447578759144811 ], [ 23.915260231394161, 46.463789213851143 ], [ 23.895035502557985, 46.466337959192046 ], [ 23.858335598864752, 46.461514406110709 ], [ 23.843107897456033, 46.460919953437362 ], [ 23.798162331937483, 46.463452101725871 ], [ 23.788330278113502, 46.461974458280295 ], [ 23.768730311471362, 46.456689614264292 ], [ 23.75683380986337, 46.455318628197908 ], [ 23.709989952869446, 46.456916439328154 ], [ 23.698902487885913, 46.455074228556036 ], [ 23.692687416442787, 46.450869492897439 ], [ 23.691970460046871, 46.44443304879281 ], [ 23.694196808333089, 46.437881558741999 ], [ 23.695791418077768, 46.431044525217054 ], [ 23.693563676009415, 46.425649645344734 ], [ 23.686928254814877, 46.422599038315497 ], [ 23.672541719482531, 46.423678462470093 ], [ 23.656421340719906, 46.428031947175711 ], [ 23.636299792066463, 46.438515003378548 ], [ 23.629252475785709, 46.448745612717438 ], [ 23.628039335204072, 46.457403726950801 ], [ 23.633618075501619, 46.465175889435415 ], [ 23.642151203862706, 46.473116931291756 ], [ 23.649976365573046, 46.482792260130729 ], [ 23.650181839255563, 46.490696874209483 ], [ 23.644304552676715, 46.496460005541181 ], [ 23.633259941641487, 46.499684383335619 ], [ 23.600645880940263, 46.498838459078456 ], [ 23.582182005157904, 46.500128752879625 ], [ 23.56076641317182, 46.503965197242422 ], [ 23.511991799977551, 46.519679218442363 ], [ 23.457439931567709, 46.550332319430275 ], [ 23.443083105450363, 46.556142536461316 ], [ 23.426410026865728, 46.559586673162528 ], [ 23.325462492692498, 46.550369764484863 ], [ 23.288564937491216, 46.532547437124251 ], [ 23.278545224850063, 46.526267536087246 ], [ 23.269100237205599, 46.522783807341327 ], [ 23.255984617051922, 46.521977574824227 ], [ 23.239162866105701, 46.524263937953265 ], [ 23.193961868522372, 46.53614076365394 ], [ 23.175519392372657, 46.536654639709532 ], [ 23.165818050709838, 46.534551375505103 ], [ 23.12404303709469, 46.518962376741896 ], [ 23.116242541652447, 46.513888746830418 ], [ 23.105280818666525, 46.50335336961453 ], [ 23.097416200107826, 46.500609385176368 ], [ 23.0904319054216, 46.501864922292981 ], [ 23.083733319432586, 46.509108359808408 ], [ 23.082287586951523, 46.515784532420561 ], [ 23.080890719861305, 46.527681972745242 ], [ 23.076456267574855, 46.533311281083073 ], [ 23.068148030312706, 46.539066107648523 ], [ 23.056003345060649, 46.545901782017403 ], [ 23.04740847747178, 46.552262472576935 ], [ 23.042077870653817, 46.558780212474062 ], [ 23.033578119058678, 46.572868703829506 ], [ 23.019870189584815, 46.579403408738742 ], [ 22.997283905737415, 46.58504389553724 ], [ 22.856564582255601, 46.592973418817792 ], [ 22.827087392315612, 46.612846539006377 ], [ 22.829322839068524, 46.650201426411897 ], [ 22.834638999532597, 46.675075926922446 ], [ 22.83045831265731, 46.68322929146364 ], [ 22.82120831636524, 46.690029364864841 ], [ 22.810256502489146, 46.695628919852375 ], [ 22.801183813101932, 46.70167228098915 ], [ 22.792526315512248, 46.714370663540002 ], [ 22.776994322500556, 46.76157356106129 ], [ 22.76473930241967, 46.782790518570678 ], [ 22.752295802794951, 46.797860676888909 ], [ 22.713297315532426, 46.824208318432099 ], [ 22.701772532648608, 46.836320534947149 ], [ 22.699492173961183, 46.845459985574941 ], [ 22.701671937031978, 46.853597605604222 ], [ 22.707536276649321, 46.860737976272745 ], [ 22.716370337000114, 46.867115815914048 ], [ 22.727900788105075, 46.87235389244308 ], [ 22.765047548862796, 46.881995449414575 ], [ 22.774123842796651, 46.886631389870729 ], [ 22.781204241462746, 46.893129367232056 ], [ 22.786789022455967, 46.901056367330078 ], [ 22.792635670136537, 46.911714145731139 ], [ 22.797739039896634, 46.923202566234181 ], [ 22.802798915652961, 46.941519051200338 ], [ 22.797784631412302, 46.952161616040165 ], [ 22.785522346148259, 46.959958528304739 ], [ 22.735185520906477, 46.975397523287903 ], [ 22.726849054608845, 46.980429544157076 ], [ 22.725402307517808, 46.987079872610522 ], [ 22.729169513511085, 46.996138033779225 ], [ 22.752157079935696, 47.024588468533857 ], [ 22.760292527106085, 47.038233813652475 ], [ 22.744319823426416, 47.058277285689918 ], [ 22.706585655869326, 47.086540673130223 ], [ 22.645375177614746, 47.113549435603808 ], [ 22.634551484375176, 47.12242787737565 ], [ 22.628043114013998, 47.130568871154217 ], [ 22.624647103124943, 47.138950327227732 ], [ 22.596683781887634, 47.179036721100125 ], [ 22.555269558419198, 47.226940859475562 ], [ 22.543789090847824, 47.248127534884759 ], [ 22.543698122122915, 47.261680683150551 ], [ 22.552283240768613, 47.266982114534947 ], [ 22.56123068987759, 47.273614249869688 ], [ 22.587688562199009, 47.298231327004345 ], [ 22.593869774732852, 47.305540252140737 ], [ 22.596955823025546, 47.313047865857214 ], [ 22.598063315223651, 47.321537684111654 ], [ 22.600570061460306, 47.330102171273133 ], [ 22.605680006395243, 47.337789076691578 ], [ 22.617694487664629, 47.350119343180175 ], [ 22.62374903894597, 47.358157239196508 ], [ 22.635054717506648, 47.385435140060608 ], [ 22.644194064073041, 47.389954003692289 ] ] ] } },
{ "type": "Feature", "properties": { "source": "https://simplemaps.com", "id": "ROMH", "name": "Mehedinti", "changing": false, "mainFeature": false, "color_id": 1, "new_color_id": 1 }, "geometry": { "type": "Polygon", "coordinates": [ [ [ 22.604843172779972, 45.139767566606984 ], [ 22.611257172500945, 45.131215566979023 ], [ 22.61553317231493, 45.120525567444069 ], [ 22.617671172221918, 45.109835567909116 ], [ 22.621947172035902, 45.099145568374162 ], [ 22.624085171942891, 45.088455568839208 ], [ 22.626223171849883, 45.077765569304248 ], [ 22.626223171849883, 45.067075569769294 ], [ 22.628361171756872, 45.05638557023434 ], [ 22.626223171849883, 45.043557570792395 ], [ 22.621947172035902, 45.030729571350449 ], [ 22.617671172221918, 45.020039571815495 ], [ 22.613395172407937, 45.009349572280541 ], [ 22.609119172593957, 44.998659572745588 ], [ 22.602705172872984, 44.98369357339665 ], [ 22.598429173058999, 44.970865573954704 ], [ 22.594153173245019, 44.958037574512758 ], [ 22.594153173245019, 44.947347574977805 ], [ 22.596291173152011, 44.936657575442851 ], [ 22.596291173152011, 44.925967575907897 ], [ 22.596291173152011, 44.915277576372937 ], [ 22.596291173152011, 44.902449576930991 ], [ 22.592015173338027, 44.891759577396037 ], [ 22.585601173617054, 44.876793578047106 ], [ 22.581325173803073, 44.866103578512146 ], [ 22.572773174175108, 44.855413578977192 ], [ 22.568497174361127, 44.842585579535246 ], [ 22.566359174454135, 44.8297575800933 ], [ 22.566359174454135, 44.819067580558347 ], [ 22.566359174454135, 44.808377581023393 ], [ 22.568497174361127, 44.797687581488439 ], [ 22.568497174361127, 44.784859582046494 ], [ 22.568497174361127, 44.77416958251154 ], [ 22.570635174268119, 44.763479582976586 ], [ 22.572773174175108, 44.746375583720656 ], [ 22.570635174268119, 44.73354758427871 ], [ 22.564221174547146, 44.724995584650749 ], [ 22.553531175012193, 44.718581584929773 ], [ 22.542841175477236, 44.71644358502278 ], [ 22.535477489393376, 44.71644358502278 ], [ 22.504072130937963, 44.736289040108133 ], [ 22.436709591729471, 44.793791825819824 ], [ 22.422183529527477, 44.800565291784025 ], [ 22.403909731583241, 44.804072154254143 ], [ 22.37946001436822, 44.805699874279782 ], [ 22.368698016803393, 44.800276350160424 ], [ 22.332829262914611, 44.774372049301718 ], [ 22.312979582988103, 44.766666529926134 ], [ 22.271304357829933, 44.761571913079401 ], [ 22.256225435940603, 44.754196966670136 ], [ 22.24972539092164, 44.738729304682529 ], [ 22.13019483794405, 44.596733871198815 ], [ 22.11680096991536, 44.587483131522312 ], [ 22.092771094541522, 44.58397435567133 ], [ 22.071255466917279, 44.586573708385181 ], [ 22.049220668659046, 44.59441634608968 ], [ 22.032344817207427, 44.607229034063856 ], [ 22.022837551804887, 44.636561333431551 ], [ 22.013900419884191, 44.643426845469783 ], [ 22.002731968497262, 44.648776285141174 ], [ 21.992474433013623, 44.6562620498865 ], [ 21.98740285380952, 44.664114380598718 ], [ 21.984249879993694, 44.676869371703035 ], [ 21.982581440848257, 44.683618871445354 ], [ 21.98079365733593, 44.690850933980101 ], [ 21.954792318866183, 44.740118064100223 ], [ 21.94515242849678, 44.747528087956269 ], [ 21.91338603536224, 44.752492980003908 ], [ 21.824336836578865, 44.789691338974983 ], [ 21.807909850567285, 44.792815649464615 ], [ 21.790639268322856, 44.790232623059261 ], [ 21.753638353320351, 44.780352726973923 ], [ 21.708559116680256, 44.775494539527614 ], [ 21.656914024855794, 44.777305818633444 ], [ 21.608479051395385, 44.789800239317231 ], [ 21.572945083317013, 44.817460416047368 ], [ 21.564251378158879, 44.835849058048332 ], [ 21.558965697615367, 44.854104415324556 ], [ 21.55091419758719, 44.870399336320617 ], [ 21.533815648025524, 44.882806951854334 ], [ 21.514348930718736, 44.887549646725951 ], [ 21.453069495946057, 44.886324433308744 ], [ 21.36833924869461, 44.896409960187114 ], [ 21.352337093439221, 44.902465429982918 ], [ 21.336018166887996, 44.929529983272722 ], [ 21.318429853385879, 44.939991592252895 ], [ 21.317652452748593, 44.940267110986717 ], [ 21.300882645323306, 44.946211010632055 ], [ 21.305031965142991, 44.959753605528761 ], [ 21.314547867367558, 44.970345575126331 ], [ 21.32788321559222, 44.978098813450863 ], [ 21.354895525800654, 44.983818022885018 ], [ 21.412854826620599, 44.979484510585763 ], [ 21.441064453419131, 44.981433612887258 ], [ 21.481969957691636, 44.988006191159691 ], [ 21.49645144901147, 44.995973467173201 ], [ 21.499988439121704, 45.015021716268286 ], [ 21.492564661315527, 45.031499001295195 ], [ 21.478260893729736, 45.041314835735918 ], [ 21.443834910330594, 45.052331187782968 ], [ 21.41918561343147, 45.062086065929115 ], [ 21.371397244731256, 45.069952501799747 ], [ 21.348596424411852, 45.082014058816739 ], [ 21.348188659516818, 45.087460214846807 ], [ 21.350925491385397, 45.093972741041107 ], [ 21.348027058197534, 45.099206018938723 ], [ 21.331114354861231, 45.100487658751341 ], [ 21.317684323011125, 45.103546508907705 ], [ 21.315947749368135, 45.112044075977607 ], [ 21.321101896319568, 45.122185702797601 ], [ 21.328641823230296, 45.129855310447809 ], [ 21.338695360851041, 45.133030841849667 ], [ 21.364254495003568, 45.133324966246562 ], [ 21.374786064992605, 45.135499217190009 ], [ 21.387676063991268, 45.142442600482148 ], [ 21.391065216629482, 45.147119737621956 ], [ 21.391856010356907, 45.154122196756497 ], [ 21.396329271928241, 45.168014111615101 ], [ 21.399487661321594, 45.17207967565966 ], [ 21.408238628329656, 45.178977939042433 ], [ 21.411190470958395, 45.1830515719004 ], [ 21.412003825667394, 45.187984512270184 ], [ 21.412292373816104, 45.195368606244585 ], [ 21.411914867672735, 45.201589260342693 ], [ 21.410628804420686, 45.203087566193197 ], [ 21.418484608434962, 45.210899978338816 ], [ 21.427302527068644, 45.216864729589055 ], [ 21.437878487876979, 45.220174999374542 ], [ 21.450394826980371, 45.220203058652288 ], [ 21.463296932784377, 45.227456262953346 ], [ 21.467505128359647, 45.239858775924652 ], [ 21.463477631681407, 45.253255418479895 ], [ 21.45487732806313, 45.261198179324154 ], [ 21.454998751390267, 45.261239895210842 ], [ 21.474394006966179, 45.26790321580971 ], [ 21.493244190082756, 45.284439706350732 ], [ 21.498969760366929, 45.291999213514487 ], [ 21.504159425272466, 45.301725864457275 ], [ 21.504864737685882, 45.311834601702543 ], [ 21.500665188765336, 45.339356411089405 ], [ 21.501062697833575, 45.349528896940456 ], [ 21.504010967150478, 45.357481369276144 ], [ 21.524525641066642, 45.374263109343445 ], [ 21.528626433410032, 45.379946761454136 ], [ 21.529474090506469, 45.385757529684767 ], [ 21.526614434089431, 45.39595387679033 ], [ 21.526049728864756, 45.401354380868177 ], [ 21.526919583137961, 45.407733157875413 ], [ 21.526725237810815, 45.414670679576908 ], [ 21.523921618095471, 45.422330755807629 ], [ 21.518925032384157, 45.429455948618539 ], [ 21.511274775845187, 45.436167654754804 ], [ 21.492185774663881, 45.447929060749161 ], [ 21.459047481071856, 45.474694085155214 ], [ 21.453148665652584, 45.482552677006268 ], [ 21.450389441489023, 45.491348789246153 ], [ 21.449937735201381, 45.499640961718349 ], [ 21.453051006741003, 45.507845586057215 ], [ 21.463823983956321, 45.52149132463537 ], [ 21.468047857344811, 45.530324805940033 ], [ 21.468698692102635, 45.539039363171419 ], [ 21.46755718076335, 45.549530574246482 ], [ 21.46756819524585, 45.557752990176446 ], [ 21.477062070285648, 45.566458097969139 ], [ 21.495670117890086, 45.576798163399715 ], [ 21.538450624300232, 45.59164966841962 ], [ 21.552692907010666, 45.601436280844283 ], [ 21.560208256853524, 45.61112377609787 ], [ 21.560583572327634, 45.620728268258766 ], [ 21.562889449941007, 45.632093211824177 ], [ 21.567806624370363, 45.642787269861145 ], [ 21.577658753520257, 45.652719591345594 ], [ 21.595547270943378, 45.660527817536597 ], [ 21.624317260817993, 45.666230074230768 ], [ 21.655506022313102, 45.665011311177899 ], [ 21.671037019667679, 45.661456572361729 ], [ 21.69008410663427, 45.652592888496628 ], [ 21.712729097368666, 45.647131157633424 ], [ 21.724050256499488, 45.643042769120456 ], [ 21.733619978074376, 45.637807520985746 ], [ 21.746179505755137, 45.625706509303157 ], [ 21.753440697166599, 45.62094935150472 ], [ 21.771146144208448, 45.620102340852796 ], [ 21.795640715930464, 45.6235927400202 ], [ 21.842276017684412, 45.636509388803468 ], [ 21.878578683462411, 45.651019255072015 ], [ 21.888389535449594, 45.651954631200915 ], [ 21.902979976478431, 45.648152257448224 ], [ 21.912374609125866, 45.642406690799866 ], [ 21.919189770815478, 45.634176117246518 ], [ 21.928001718344742, 45.617489573598483 ], [ 21.933127993546918, 45.609712870517896 ], [ 21.940028092882304, 45.602332319590872 ], [ 21.948356509068539, 45.597093867905379 ], [ 21.959213941869638, 45.593049451949099 ], [ 21.972006990329582, 45.590894626355222 ], [ 21.991921368464837, 45.592314383863517 ], [ 22.0116925702606, 45.596687497561575 ], [ 22.037590335106589, 45.608294175814862 ], [ 22.044388355043978, 45.614182703725767 ], [ 22.043401663368702, 45.618048259579055 ], [ 22.029793703880571, 45.61920061067908 ], [ 22.024565063758775, 45.620387515500255 ], [ 22.020947080137109, 45.623088835069773 ], [ 22.018812082792657, 45.628007711345717 ], [ 22.017568119255987, 45.639847513355214 ], [ 22.015333698057226, 45.646192445824411 ], [ 22.016631964503002, 45.651623598952035 ], [ 22.023124566947175, 45.654990005950829 ], [ 22.05802513963781, 45.653471042896925 ], [ 22.081211814971358, 45.655254200307049 ], [ 22.102320536481045, 45.659445768424327 ], [ 22.12776485006874, 45.6700358582127 ], [ 22.153801839067061, 45.68520545510156 ], [ 22.164349555792828, 45.687792833623838 ], [ 22.177756191205233, 45.685458864144877 ], [ 22.185181374550325, 45.680928025814566 ], [ 22.197029908310153, 45.670483847847933 ], [ 22.203902030773197, 45.667681216438616 ], [ 22.212376744820517, 45.66618647187444 ], [ 22.226097882993223, 45.666607025096269 ], [ 22.235521222177749, 45.665566460487391 ], [ 22.243672996267353, 45.663748175299666 ], [ 22.250808991794411, 45.663727885308923 ], [ 22.257132560778079, 45.666738906223387 ], [ 22.286650157740567, 45.706130674906639 ], [ 22.324236331568482, 45.72304694059801 ], [ 22.435057457307018, 45.733481241846064 ], [ 22.442427502364534, 45.710334813534423 ], [ 22.471056593341508, 45.680668931446384 ], [ 22.484120663052526, 45.673538784415129 ], [ 22.498235267548733, 45.669470542175354 ], [ 22.51001979379717, 45.667975743299138 ], [ 22.524462378254153, 45.664360109867403 ], [ 22.529228851317754, 45.659286717406125 ], [ 22.529579113943619, 45.652368942481282 ], [ 22.527427599287957, 45.644954229176413 ], [ 22.528354123857728, 45.636902052424027 ], [ 22.533825997470469, 45.633999011428493 ], [ 22.542344087527173, 45.633614432350548 ], [ 22.551690204689159, 45.634567960921984 ], [ 22.561906446452934, 45.63264312334789 ], [ 22.568227075268016, 45.627638288321975 ], [ 22.573960889565903, 45.619527560787283 ], [ 22.586054124010587, 45.61137516144094 ], [ 22.604937219801275, 45.602285161283284 ], [ 22.637273632873455, 45.58279171089967 ], [ 22.65207510765639, 45.568508610748871 ], [ 22.661288684480972, 45.554159425641835 ], [ 22.671968449146089, 45.524393332474567 ], [ 22.674761516819338, 45.5124929584901 ], [ 22.675418121404732, 45.501503565948177 ], [ 22.674530651722858, 45.490703751732582 ], [ 22.677753692022922, 45.473925302005441 ], [ 22.675685456084604, 45.464671420261723 ], [ 22.670179910477305, 45.454801935405058 ], [ 22.657220846961252, 45.442120805059588 ], [ 22.653559563822078, 45.435773512311165 ], [ 22.655278991423888, 45.426837064912647 ], [ 22.662186513967836, 45.416999700233632 ], [ 22.675139142705039, 45.403047416674525 ], [ 22.680616148578327, 45.39233508473081 ], [ 22.683042346996544, 45.382957271472208 ], [ 22.682263843135523, 45.374945877061435 ], [ 22.679802506193997, 45.367543263354655 ], [ 22.673906892181417, 45.359602534319144 ], [ 22.651470270411814, 45.337310580624447 ], [ 22.646281432702867, 45.328928513068071 ], [ 22.643673251728377, 45.321738483765365 ], [ 22.642151096966977, 45.302637243058633 ], [ 22.572423754626517, 45.26256708942573 ], [ 22.54302273752182, 45.236746169884533 ], [ 22.534375958234516, 45.223250063118435 ], [ 22.531968639087971, 45.213259535172938 ], [ 22.535218831602329, 45.205116569785957 ], [ 22.543458098025564, 45.200243609217843 ], [ 22.556034691901122, 45.196519904636133 ], [ 22.593829139175735, 45.193620830123294 ], [ 22.603195983930842, 45.191134449741533 ], [ 22.609784057153508, 45.185033117174314 ], [ 22.61457932397024, 45.176726339864572 ], [ 22.60833013133384, 45.155767031265711 ], [ 22.564887599817343, 45.125297360938454 ], [ 22.599119555515752, 45.149306928714026 ], [ 22.604843172779972, 45.139767566606984 ] ] ] } },
{ "type": "Feature", "properties": { "source": "https://simplemaps.com", "id": "RODB", "name": "Dâmbovita", "changing": true, "mainFeature": false, "color_id": 3, "new_color_id": 2 }, "geometry": { "type": "Polygon", "coordinates": [ [ [ 25.430587056556636, 44.460109638890756 ], [ 25.375358121243021, 44.481376896708568 ], [ 25.352960415349493, 44.485225854889244 ], [ 25.338956887890721, 44.484195797379321 ], [ 25.333388686535379, 44.480663873805561 ], [ 25.333622395095968, 44.4747333552478 ], [ 25.340495589777408, 44.464018026794506 ], [ 25.340268607267589, 44.458208977882542 ], [ 25.33555424414962, 44.452704554175348 ], [ 25.321804100464266, 44.442278022770893 ], [ 25.315369542010263, 44.436426927973812 ], [ 25.299553026931772, 44.418117070496777 ], [ 25.288123531026166, 44.407522333275672 ], [ 25.267916113508374, 44.394633137498346 ], [ 25.250562559738896, 44.391251426630959 ], [ 25.239322058063546, 44.39078587884007 ], [ 25.218200574461864, 44.398179051719168 ], [ 25.240514041032128, 44.42525963796794 ], [ 25.244653494049118, 44.443844613213166 ], [ 25.24246552613139, 44.451377430979605 ], [ 25.238919593442255, 44.45989374125682 ], [ 25.236180578161893, 44.469206382381749 ], [ 25.235461862358836, 44.482577026744231 ], [ 25.241119277796447, 44.492362927444205 ], [ 25.260197311452956, 44.51605326475898 ], [ 25.261789700604613, 44.525041226598709 ], [ 25.257944312872873, 44.532509559851839 ], [ 25.250632436744553, 44.537294265503434 ], [ 25.241596612851403, 44.540310784923548 ], [ 25.218470974513242, 44.544059057147813 ], [ 25.208190780163434, 44.546994715729525 ], [ 25.199943462613533, 44.551661234496599 ], [ 25.173129965172251, 44.572205667670318 ], [ 25.162973354635092, 44.582273477999578 ], [ 25.138912636737043, 44.61900109944407 ], [ 25.13644552838733, 44.631302429317884 ], [ 25.141264839720922, 44.639492102328134 ], [ 25.164170070635443, 44.648630082462432 ], [ 25.168224413010048, 44.653125876639947 ], [ 25.159516060013033, 44.660551503180812 ], [ 25.148728052526554, 44.667696116711653 ], [ 25.135252170489267, 44.680169070094244 ], [ 25.133380482471765, 44.691826494891266 ], [ 25.136917570626885, 44.70293643402286 ], [ 25.152397857088491, 44.721905911868852 ], [ 25.157593764655815, 44.730468753702922 ], [ 25.160489012041673, 44.741034890433049 ], [ 25.172047408742781, 44.822423588373809 ], [ 25.170032410470622, 44.838353393636602 ], [ 25.155824727993032, 44.892977460649043 ], [ 25.154121973738196, 44.912928594718515 ], [ 25.156768416680013, 44.929038178186062 ], [ 25.163529568989151, 44.937953529415545 ], [ 25.192633438384565, 44.960140196547002 ], [ 25.197625814238304, 44.968788505776381 ], [ 25.197524288487788, 44.97810132974444 ], [ 25.193208340146967, 44.990733508145212 ], [ 25.182656515074957, 45.010539297033311 ], [ 25.152313681647151, 45.037376076528325 ], [ 25.13933931619005, 45.054742449219574 ], [ 25.129886280681333, 45.094726202232373 ], [ 25.131558303069813, 45.113692300929927 ], [ 25.137042110329158, 45.12697586536072 ], [ 25.142707143794343, 45.132986249643302 ], [ 25.153014839071474, 45.150606427644277 ], [ 25.157998688279335, 45.155066117249973 ], [ 25.164147161781482, 45.15756678390489 ], [ 25.170920874976538, 45.156216053994932 ], [ 25.177454104336601, 45.151358053324685 ], [ 25.188247057617552, 45.137722888032819 ], [ 25.19502938994944, 45.132622419374691 ], [ 25.203784662844328, 45.130366809110477 ], [ 25.213139860032488, 45.131552708156342 ], [ 25.221992446587247, 45.135757766760527 ], [ 25.231322520881633, 45.142917843853041 ], [ 25.240080181578552, 45.152634342914062 ], [ 25.249392833047946, 45.168612658095412 ], [ 25.258257354503087, 45.189004324586364 ], [ 25.261184261661207, 45.212291377714621 ], [ 25.266451064289466, 45.22796233866751 ], [ 25.272851220066816, 45.240873934605936 ], [ 25.28024595997066, 45.251445303872217 ], [ 25.296653889277692, 45.269008124588453 ], [ 25.303261963980948, 45.279299923216279 ], [ 25.308561054236609, 45.295797094486716 ], [ 25.309171993357552, 45.307461010774915 ], [ 25.306163477804638, 45.317818315776258 ], [ 25.301104798924875, 45.327324855786564 ], [ 25.286014964112827, 45.347463097967776 ], [ 25.347424050112615, 45.355975475051416 ], [ 25.366502147762926, 45.371727307891391 ], [ 25.37219084799246, 45.382313622942711 ], [ 25.381353177233812, 45.394445003462025 ], [ 25.388565298990066, 45.4003431929656 ], [ 25.408976148338631, 45.406527266581854 ], [ 25.425438182165681, 45.413563784666195 ], [ 25.438436034850749, 45.416650094422224 ], [ 25.608115394317988, 45.431197189568259 ], [ 25.631271990502746, 45.430887055908116 ], [ 25.673330660784153, 45.423296198159797 ], [ 25.715373917196853, 45.410017184189762 ], [ 25.729708007181685, 45.407595293288985 ], [ 25.757756085118785, 45.413351607605009 ], [ 25.770172177074702, 45.413461161540937 ], [ 25.782353187857236, 45.407554985701843 ], [ 25.789067923921785, 45.400724680830635 ], [ 25.801667535836334, 45.38435557833364 ], [ 25.810126641595069, 45.37849138648231 ], [ 25.823847143745571, 45.37624863349474 ], [ 25.841171409878058, 45.37888145432801 ], [ 25.861045983044843, 45.389870171467393 ], [ 25.870656900924772, 45.401570283015538 ], [ 25.876270391280688, 45.414202302083645 ], [ 25.879178762155842, 45.425104124012272 ], [ 25.883495464986634, 45.436312965860303 ], [ 25.891872683788502, 45.444234290583083 ], [ 25.90518338811529, 45.447385969012515 ], [ 25.926831771758195, 45.444212799653982 ], [ 25.979020555578341, 45.420582048121496 ], [ 26.025865324463172, 45.412390426013367 ], [ 26.083940706914216, 45.359413591859038 ], [ 26.123848961486424, 45.336495457137019 ], [ 26.137321446259353, 45.326582549512537 ], [ 26.150083852746178, 45.311732672011921 ], [ 26.182316699462277, 45.257826375801258 ], [ 26.18698337260464, 45.242258537525338 ], [ 26.185064999399209, 45.23286948672758 ], [ 26.178702451243883, 45.226214044286699 ], [ 26.176524706052646, 45.218128053906824 ], [ 26.18065107413447, 45.207261615309847 ], [ 26.208033724857241, 45.185401804685682 ], [ 26.218476963095153, 45.174728117769348 ], [ 26.220830520103135, 45.163491367890764 ], [ 26.221582965907142, 45.154954699676367 ], [ 26.224395667188386, 45.147527001906525 ], [ 26.231552937889187, 45.140110515261121 ], [ 26.245322594069911, 45.133831983199954 ], [ 26.258878089991981, 45.131337069906884 ], [ 26.303172203286906, 45.13198513110229 ], [ 26.314375781320855, 45.128858086251149 ], [ 26.323915237806574, 45.122848294015689 ], [ 26.328225132535618, 45.110061204184348 ], [ 26.338806589944365, 45.102924641528332 ], [ 26.346859121474999, 45.101213645949834 ], [ 26.354434081425097, 45.1044860316239 ], [ 26.371428265291186, 45.114553004934301 ], [ 26.379732378650864, 45.116633281273117 ], [ 26.384606804569149, 45.114322465422177 ], [ 26.385405658106873, 45.106973442296017 ], [ 26.382613309904126, 45.099040734146364 ], [ 26.380833707988248, 45.08923255227937 ], [ 26.383009150137212, 45.07740803806464 ], [ 26.396827137202607, 45.065749159924174 ], [ 26.419753785052645, 45.051613997729405 ], [ 26.428683221901732, 45.041904483623767 ], [ 26.434482153921799, 45.031489851628585 ], [ 26.438363177370086, 45.015668289808858 ], [ 26.440453870179422, 45.001675015195801 ], [ 26.440838787319798, 44.963881535581891 ], [ 26.444748057862007, 44.948782884226411 ], [ 26.451149483261254, 44.937905123771415 ], [ 26.467351305288393, 44.930342078572551 ], [ 26.495166230559729, 44.923514692542255 ], [ 26.503581411968678, 44.920496626758258 ], [ 26.525326812451048, 44.903925191391728 ], [ 26.532935728257296, 44.896155043920409 ], [ 26.537703769291728, 44.88715124087058 ], [ 26.535161236199531, 44.873700932608926 ], [ 26.526946013510702, 44.865954391354265 ], [ 26.508562993908395, 44.853433238376482 ], [ 26.501766162515075, 44.846251752389264 ], [ 26.500793408389367, 44.837239528089931 ], [ 26.504747540350859, 44.827259038489565 ], [ 26.541224263412921, 44.798579362020646 ], [ 26.559238772003514, 44.773879197997914 ], [ 26.532586069109882, 44.752217402375237 ], [ 26.519406726901629, 44.736545505181915 ], [ 26.512386820803616, 44.731596416714531 ], [ 26.501416316531426, 44.72612964352939 ], [ 26.488057178755113, 44.72173865130943 ], [ 26.473378483502238, 44.719312625540084 ], [ 26.419398110570416, 44.724887144549584 ], [ 26.405982893916711, 44.723032205762152 ], [ 26.392198972227284, 44.715710281370718 ], [ 26.383962300800444, 44.70873991736223 ], [ 26.374413411687705, 44.702596958955084 ], [ 26.363122623716691, 44.699521597054392 ], [ 26.340702866791869, 44.701483591766191 ], [ 26.317620879903682, 44.711642866675128 ], [ 26.306719053279291, 44.714551260038313 ], [ 26.292430898331414, 44.714178626449467 ], [ 26.257850837278546, 44.704048817036828 ], [ 26.221140226255677, 44.681745901200976 ], [ 26.179168246302709, 44.684937626771955 ], [ 26.165070498752598, 44.684143835881173 ], [ 26.139043333194962, 44.693047561354952 ], [ 26.115708441333357, 44.694088694588785 ], [ 26.054688580890318, 44.682302892017496 ], [ 25.993682057622603, 44.68409213504863 ], [ 25.985503688723806, 44.673318703788048 ], [ 25.979769496820992, 44.6695089188458 ], [ 25.953693714183682, 44.649376142072796 ], [ 25.941344287888995, 44.64303216781181 ], [ 25.934301756074877, 44.63353313168134 ], [ 25.930589402034084, 44.623231665930057 ], [ 25.924135667573683, 44.616889982151932 ], [ 25.902321077574765, 44.606545920292525 ], [ 25.89804725514362, 44.600403798697286 ], [ 25.897496295286182, 44.594245232606958 ], [ 25.901612823119287, 44.58842132634139 ], [ 25.935250988392365, 44.578418574145019 ], [ 25.938964944562034, 44.570231831116715 ], [ 25.933776082521955, 44.561849637674996 ], [ 25.924103061232589, 44.552530816849369 ], [ 25.874624143452401, 44.51448801009434 ], [ 25.851335642187795, 44.502158718993584 ], [ 25.543072553550505, 44.501224221862046 ], [ 25.514597027253306, 44.496441121024638 ], [ 25.494789719316937, 44.489819947508686 ], [ 25.483408457875502, 44.481783198120425 ], [ 25.455775016817892, 44.457522220215864 ], [ 25.430587056556636, 44.460109638890756 ] ] ] } },
{ "type": "Feature", "properties": { "source": "https://simplemaps.com", "id": "ROCV", "name": "Covasna", "changing": false, "mainFeature": false, "color_id": 2, "new_color_id": 2 }, "geometry": { "type": "Polygon", "coordinates": [ [ [ 26.418773369673815, 45.865582581570308 ], [ 26.401376260555931, 45.833293551153538 ], [ 26.399242982297174, 45.818405122513298 ], [ 26.38317365841062, 45.76848080571115 ], [ 26.372581709291019, 45.719764628679947 ], [ 26.380584336989912, 45.698248416049417 ], [ 26.385645035586272, 45.688793523026852 ], [ 26.38784872940289, 45.677691938352943 ], [ 26.385069025962682, 45.666112720197816 ], [ 26.365803185208094, 45.638939063943248 ], [ 26.360987440101656, 45.626870528252084 ], [ 26.359158400331914, 45.61579723205665 ], [ 26.354301306446352, 45.6026702165111 ], [ 26.345284811158415, 45.590300435890683 ], [ 26.3291197526788, 45.573659011593946 ], [ 26.322058590462348, 45.559713093544914 ], [ 26.31357204082904, 45.537082898807405 ], [ 26.304023494419109, 45.528302303018812 ], [ 26.286096268619335, 45.522150478130484 ], [ 26.26908530942125, 45.523565097704839 ], [ 26.25809112635217, 45.528080295798532 ], [ 26.240077236210329, 45.540885711303424 ], [ 26.230193660744209, 45.54602981519308 ], [ 26.219884229582846, 45.548216851024179 ], [ 26.209709075064346, 45.545899384509084 ], [ 26.20046145700314, 45.535555571552713 ], [ 26.195886391230914, 45.525675608988351 ], [ 26.191224464508608, 45.506955635153737 ], [ 26.184486150106231, 45.501271624139193 ], [ 26.172296141804154, 45.499007023505847 ], [ 26.122922257030108, 45.49938496279853 ], [ 26.083498066737505, 45.492340674372983 ], [ 26.025865324463172, 45.412390426013367 ], [ 25.979020555578341, 45.420582048121496 ], [ 25.926831771758195, 45.444212799653982 ], [ 25.90518338811529, 45.447385969012515 ], [ 25.891872683788502, 45.444234290583083 ], [ 25.883495464986634, 45.436312965860303 ], [ 25.879178762155842, 45.425104124012272 ], [ 25.876270391280688, 45.414202302083645 ], [ 25.870656900924772, 45.401570283015538 ], [ 25.861045983044843, 45.389870171467393 ], [ 25.841171409878058, 45.37888145432801 ], [ 25.823847143745571, 45.37624863349474 ], [ 25.810126641595069, 45.37849138648231 ], [ 25.801667535836334, 45.38435557833364 ], [ 25.789067923921785, 45.400724680830635 ], [ 25.782353187857236, 45.407554985701843 ], [ 25.770172177074702, 45.413461161540937 ], [ 25.757756085118785, 45.413351607605009 ], [ 25.729708007181685, 45.407595293288985 ], [ 25.715373917196853, 45.410017184189762 ], [ 25.673330660784153, 45.423296198159797 ], [ 25.631271990502746, 45.430887055908116 ], [ 25.608115394317988, 45.431197189568259 ], [ 25.438436034850749, 45.416650094422224 ], [ 25.425438182165681, 45.413563784666195 ], [ 25.408976148338631, 45.406527266581854 ], [ 25.388565298990066, 45.4003431929656 ], [ 25.381353177233812, 45.394445003462025 ], [ 25.37219084799246, 45.382313622942711 ], [ 25.366502147762926, 45.371727307891391 ], [ 25.347424050112615, 45.355975475051416 ], [ 25.286014964112827, 45.347463097967776 ], [ 25.253800728167921, 45.37670023542988 ], [ 25.202149632370087, 45.465704689513267 ], [ 25.188090430804277, 45.47913133553557 ], [ 25.172085893419098, 45.487772704834384 ], [ 25.15645445846242, 45.492727651548769 ], [ 25.139248147973905, 45.501053986168756 ], [ 25.102781052100458, 45.526009733112765 ], [ 25.079155242673551, 45.536810705542877 ], [ 24.968386309635697, 45.551534082066794 ], [ 24.906527729881674, 45.550046815528496 ], [ 24.876945586705347, 45.552676693968735 ], [ 24.86483023568795, 45.552322658241749 ], [ 24.853047268296191, 45.549886999560719 ], [ 24.834909650952824, 45.542321256841305 ], [ 24.822729726785163, 45.54031481916406 ], [ 24.815103226152047, 45.543664086832031 ], [ 24.808259812004902, 45.551171729606665 ], [ 24.801028346050931, 45.560659758675619 ], [ 24.785662070853697, 45.573723733524766 ], [ 24.772853341334557, 45.579447565170867 ], [ 24.757465142258891, 45.582686392935273 ], [ 24.694513099337581, 45.581009113513261 ], [ 24.693300328065153, 45.601587690151341 ], [ 24.690479471685492, 45.616747249544083 ], [ 24.68788957055347, 45.645757644576648 ], [ 24.68092308297868, 45.679231442036375 ], [ 24.677049678831207, 45.691277489844552 ], [ 24.671479298153479, 45.703570769110016 ], [ 24.641991191029799, 45.750957052753378 ], [ 24.641774110534566, 45.761282896292514 ], [ 24.646911301665206, 45.769666934433793 ], [ 24.662256497388785, 45.777238433371394 ], [ 24.698830184355334, 45.786772980613577 ], [ 24.717391735947871, 45.789305808765299 ], [ 24.734790652687032, 45.793849153188503 ], [ 24.748446130395493, 45.800529921604266 ], [ 24.753972865729359, 45.810941612001258 ], [ 24.751595628372066, 45.817602354879774 ], [ 24.744935930142805, 45.821870618433486 ], [ 24.738155980336867, 45.824385191866689 ], [ 24.73214517097832, 45.829377904354814 ], [ 24.73007777175501, 45.836026630106211 ], [ 24.730724565444369, 45.844637879266379 ], [ 24.732542510854827, 45.855427190515876 ], [ 24.728658559673026, 45.863232967799341 ], [ 24.715472323379934, 45.87517744959878 ], [ 24.711974392708964, 45.880951133402505 ], [ 24.712906794747905, 45.888930633241785 ], [ 24.719348401128499, 45.894962386301714 ], [ 24.764661144808365, 45.909766684543868 ], [ 24.780121343717951, 45.920281428775439 ], [ 24.797566678785124, 45.926012468910642 ], [ 24.809456132882403, 45.927202804389495 ], [ 24.817755750952571, 45.925197712222072 ], [ 24.825219266362218, 45.921647937563975 ], [ 24.831708388071441, 45.920954823295695 ], [ 24.840193645156756, 45.92370033517264 ], [ 24.843668188707433, 45.933209562141009 ], [ 24.842881439311608, 45.940868398572661 ], [ 24.837204586853932, 45.9544070785767 ], [ 24.839609430336985, 45.960363879484426 ], [ 24.846144399415714, 45.964814622849076 ], [ 24.90247242624266, 45.983584293330139 ], [ 24.963036898421365, 46.015479391357268 ], [ 24.985255228594873, 46.034832060574658 ], [ 24.979977249759504, 46.055931472089163 ], [ 24.983712192222278, 46.064163560774219 ], [ 24.990681722920048, 46.074441216698268 ], [ 25.000757918877081, 46.082166865574571 ], [ 25.023558473161728, 46.093920441349198 ], [ 25.037414619914863, 46.099119416814673 ], [ 25.052291776078167, 46.101330749291073 ], [ 25.14416275379401, 46.100610943528494 ], [ 25.194404471288266, 46.106560127999387 ], [ 25.248136518201228, 46.110511232214606 ], [ 25.303706669516828, 46.12576792270481 ], [ 25.320508886990662, 46.125628540125078 ], [ 25.337285231264406, 46.122180312617964 ], [ 25.357744669516137, 46.113726833571349 ], [ 25.373896421600282, 46.102235392246264 ], [ 25.388823632989265, 46.093817068234067 ], [ 25.43274701538073, 46.081007634918826 ], [ 25.459178012538203, 46.058616185411097 ], [ 25.48531572320503, 46.09224443880408 ], [ 25.49031487708303, 46.095772583237704 ], [ 25.500311375019574, 46.101458597975217 ], [ 25.499573052560045, 46.110356718435895 ], [ 25.504464534475709, 46.116423162848967 ], [ 25.541304314342604, 46.142030992368092 ], [ 25.562692689183265, 46.152055542818893 ], [ 25.578010086422193, 46.162886172320086 ], [ 25.615113827177783, 46.197895942700626 ], [ 25.631937976682824, 46.207581741735986 ], [ 25.665876616462928, 46.221149648279734 ], [ 25.677996937418861, 46.229571227207138 ], [ 25.68984528422239, 46.235003766032101 ], [ 25.702773529730898, 46.236308646712004 ], [ 25.718340403989341, 46.229701358493017 ], [ 25.743943445471107, 46.212591301543057 ], [ 25.754626347789316, 46.204080336923859 ], [ 25.761570186746415, 46.195172417960642 ], [ 25.763842483536017, 46.185826472678876 ], [ 25.764871466342221, 46.176425731528369 ], [ 25.767429360792121, 46.166447983041522 ], [ 25.791255939864961, 46.131668936939541 ], [ 25.796631500526466, 46.122331007636177 ], [ 25.803014218220671, 46.114944800094293 ], [ 25.842004277010325, 46.091028180814845 ], [ 25.850833286916568, 46.082718936040287 ], [ 25.858513342845143, 46.072799638491546 ], [ 25.875932627518953, 46.061982659463858 ], [ 25.903181103568265, 46.051247011750817 ], [ 25.996193231138097, 46.04267353300915 ], [ 26.257413393821714, 46.071873326757732 ], [ 26.299363564472191, 46.080034152670976 ], [ 26.33192462552509, 46.098051826481175 ], [ 26.340643027630833, 46.098823030348854 ], [ 26.3485864170555, 46.095642404220612 ], [ 26.36145071181808, 46.083400148711789 ], [ 26.369464273477167, 46.078044765060092 ], [ 26.405593211764547, 46.060316601314014 ], [ 26.415184656767771, 46.051667193671335 ], [ 26.419664059497904, 46.043217668399485 ], [ 26.41738790063361, 46.036583557801876 ], [ 26.402865227456758, 46.026238982824978 ], [ 26.399959332248788, 46.019370883695224 ], [ 26.405647748830784, 46.010098334674858 ], [ 26.424431414636441, 46.002434362151909 ], [ 26.435047182935119, 45.996175673411905 ], [ 26.443353577414271, 45.989050408195396 ], [ 26.448266427230394, 45.979782299140332 ], [ 26.456735804630156, 45.958299555630234 ], [ 26.462573071971164, 45.948866006994301 ], [ 26.468921494365105, 45.940602016947906 ], [ 26.485412777075759, 45.933829251433892 ], [ 26.418773369673815, 45.865582581570308 ] ] ] } },
{ "type": "Feature", "properties": { "source": "https://simplemaps.com", "id": "ROMH", "name": "Mehedinti", "changing": false, "mainFeature": false, "color_id": 3, "new_color_id": 3 }, "geometry": { "type": "Polygon", "coordinates": [ [ [ 23.244105144970256, 44.568921591440407 ], [ 23.227001145714329, 44.586025590696337 ], [ 23.205621146644422, 44.586025590696337 ], [ 23.184241147574511, 44.586025590696337 ], [ 23.1628611485046, 44.581749590882353 ], [ 23.141481149434693, 44.573197591254392 ], [ 23.128653149992747, 44.556093591998462 ], [ 23.11154915073682, 44.543265592556516 ], [ 23.11154915073682, 44.521885593486608 ], [ 23.102997151108855, 44.500505594416701 ], [ 23.081617152038945, 44.49195359478874 ], [ 23.060237152969037, 44.487677594974755 ], [ 23.038857153899126, 44.487677594974755 ], [ 23.0217531546432, 44.47484959553281 ], [ 23.004649155387273, 44.462021596090864 ], [ 22.987545156131347, 44.449193596648918 ], [ 22.966165157061436, 44.440641597020957 ], [ 22.944785157991529, 44.432089597392988 ], [ 22.927681158735599, 44.419261597951042 ], [ 22.944785157991529, 44.406433598509096 ], [ 22.940509158177544, 44.385053599439189 ], [ 22.923405158921618, 44.372225599997243 ], [ 22.902025159851707, 44.35512160074132 ], [ 22.889197160409765, 44.33801760148539 ], [ 22.867817161339854, 44.342293601299374 ], [ 22.850713162083927, 44.35512160074132 ], [ 22.837885162641982, 44.372225599997243 ], [ 22.816505163572071, 44.389329599253173 ], [ 22.795125164502164, 44.397881598881135 ], [ 22.773745165432253, 44.406433598509096 ], [ 22.752365166362345, 44.406433598509096 ], [ 22.726709167478454, 44.410709598323081 ], [ 22.709605168222524, 44.397881598881135 ], [ 22.683949169338636, 44.385053599439189 ], [ 22.662569170268725, 44.372225599997243 ], [ 22.645465171012798, 44.359397600555297 ], [ 22.628361171756872, 44.346569601113352 ], [ 22.624228705062336, 44.344090121096627 ], [ 22.62544912833091, 44.353813033608155 ], [ 22.618027739582477, 44.367704466774043 ], [ 22.599273494551792, 44.374798304505688 ], [ 22.558129321058857, 44.380646699566249 ], [ 22.520302988957319, 44.394640231875464 ], [ 22.487645308315692, 44.416499414206854 ], [ 22.462019591254144, 44.443617232389599 ], [ 22.445594970890497, 44.473271489776323 ], [ 22.444757623733516, 44.480958331641006 ], [ 22.447750375539851, 44.49666641662666 ], [ 22.447113495806139, 44.504190123400051 ], [ 22.442943067190022, 44.511282833770984 ], [ 22.422519261590487, 44.525941074986498 ], [ 22.419843091158778, 44.534216534063489 ], [ 22.420558119337194, 44.547220930473017 ], [ 22.423664628948508, 44.560545810233023 ], [ 22.428367358811794, 44.569722590946455 ], [ 22.435460237593219, 44.573892895959979 ], [ 22.4448396626406, 44.575698515080845 ], [ 22.479997218611011, 44.57546235327613 ], [ 22.493069950088728, 44.579140679289551 ], [ 22.501713237512568, 44.588577209087987 ], [ 22.505487411523681, 44.605754439101347 ], [ 22.511920498198112, 44.622155579804634 ], [ 22.527185463930074, 44.631643834481146 ], [ 22.547181557500398, 44.63515484747802 ], [ 22.568020681487372, 44.633771432457912 ], [ 22.588747245974513, 44.626859239743197 ], [ 22.624413626025532, 44.60788196060421 ], [ 22.645852641440136, 44.603320783174624 ], [ 22.665160471645788, 44.605100280063631 ], [ 22.687760252185335, 44.611715966040876 ], [ 22.705817267830927, 44.623835939848938 ], [ 22.712412139034008, 44.641730481296584 ], [ 22.663586248482289, 44.683924889014357 ], [ 22.649319236256307, 44.692033077056074 ], [ 22.570684208478923, 44.70193233054944 ], [ 22.537483015144652, 44.715176267177135 ], [ 22.535477489393376, 44.71644358502278 ], [ 22.542841175477236, 44.71644358502278 ], [ 22.553531175012193, 44.718581584929773 ], [ 22.564221174547146, 44.724995584650749 ], [ 22.570635174268119, 44.73354758427871 ], [ 22.572773174175108, 44.746375583720656 ], [ 22.570635174268119, 44.763479582976586 ], [ 22.568497174361127, 44.77416958251154 ], [ 22.568497174361127, 44.784859582046494 ], [ 22.568497174361127, 44.797687581488439 ], [ 22.566359174454135, 44.808377581023393 ], [ 22.566359174454135, 44.819067580558347 ], [ 22.566359174454135, 44.8297575800933 ], [ 22.568497174361127, 44.842585579535246 ], [ 22.572773174175108, 44.855413578977192 ], [ 22.581325173803073, 44.866103578512146 ], [ 22.585601173617054, 44.876793578047106 ], [ 22.592015173338027, 44.891759577396037 ], [ 22.596291173152011, 44.902449576930991 ], [ 22.596291173152011, 44.915277576372937 ], [ 22.596291173152011, 44.925967575907897 ], [ 22.596291173152011, 44.936657575442851 ], [ 22.594153173245019, 44.947347574977805 ], [ 22.594153173245019, 44.958037574512758 ], [ 22.598429173058999, 44.970865573954704 ], [ 22.602705172872984, 44.98369357339665 ], [ 22.609119172593957, 44.998659572745588 ], [ 22.613395172407937, 45.009349572280541 ], [ 22.617671172221918, 45.020039571815495 ], [ 22.621947172035902, 45.030729571350449 ], [ 22.626223171849883, 45.043557570792395 ], [ 22.628361171756872, 45.05638557023434 ], [ 22.626223171849883, 45.067075569769294 ], [ 22.626223171849883, 45.077765569304248 ], [ 22.624085171942891, 45.088455568839208 ], [ 22.621947172035902, 45.099145568374162 ], [ 22.617671172221918, 45.109835567909116 ], [ 22.61553317231493, 45.120525567444069 ], [ 22.611257172500945, 45.131215566979023 ], [ 22.604843172779972, 45.139767566606984 ], [ 22.599119555515752, 45.149306928714026 ], [ 22.60833013133384, 45.155767031265711 ], [ 22.61457932397024, 45.176726339864572 ], [ 22.609784057153508, 45.185033117174314 ], [ 22.603195983930842, 45.191134449741533 ], [ 22.593829139175735, 45.193620830123294 ], [ 22.556034691901122, 45.196519904636133 ], [ 22.543458098025564, 45.200243609217843 ], [ 22.535218831602329, 45.205116569785957 ], [ 22.531968639087971, 45.213259535172938 ], [ 22.534375958234516, 45.223250063118435 ], [ 22.54302273752182, 45.236746169884533 ], [ 22.572423754626517, 45.26256708942573 ], [ 22.642151096966977, 45.302637243058633 ], [ 22.856402764951515, 45.348773456861643 ], [ 22.867461987119515, 45.349892780306305 ], [ 22.880132954033819, 45.344613906623216 ], [ 22.886895292596837, 45.337678318553792 ], [ 22.895833262859952, 45.332157453883461 ], [ 22.907638329084349, 45.328541488195974 ], [ 22.950215849825629, 45.324964194303455 ], [ 22.959403569395519, 45.321864233946883 ], [ 22.967890930413763, 45.316722984456881 ], [ 22.975114792242998, 45.311010541487754 ], [ 22.985233993813949, 45.307925873276723 ], [ 23.000487092301626, 45.307846985214091 ], [ 23.064975971106435, 45.325030719083699 ], [ 23.090268847869343, 45.32512837827759 ], [ 23.104820581782636, 45.322982405080801 ], [ 23.134802791787124, 45.31206234846443 ], [ 23.147337473324814, 45.311236382690765 ], [ 23.163306061258258, 45.313586025381142 ], [ 23.218800464806403, 45.334844758676013 ], [ 23.234916723740852, 45.338326407395094 ], [ 23.279210286380749, 45.342930741795776 ], [ 23.314217533014595, 45.353405689420761 ], [ 23.333171811114465, 45.356724724898442 ], [ 23.358415249058943, 45.355557259578035 ], [ 23.373941209725324, 45.351873477487324 ], [ 23.387569069490397, 45.345936630454865 ], [ 23.405340543710512, 45.336191887142775 ], [ 23.414295118488607, 45.335066230477501 ], [ 23.424149355449785, 45.337111817661587 ], [ 23.442045762871597, 45.346445358479045 ], [ 23.499875111013345, 45.36657851520696 ], [ 23.562466253896094, 45.378871668907635 ], [ 23.592411593806641, 45.370978420853461 ], [ 23.640777327766525, 45.368623018866536 ], [ 23.651846173421013, 45.366018401898089 ], [ 23.670502363486431, 45.357738878355946 ], [ 23.685908714764093, 45.354964743630049 ], [ 23.703856207575964, 45.35369456266659 ], [ 23.765135502948123, 45.356238798611585 ], [ 23.774109244750058, 45.35560368581325 ], [ 23.782123437975073, 45.35291158372673 ], [ 23.799558860395582, 45.342507676485418 ], [ 23.806679814115643, 45.334161743705479 ], [ 23.81044068828043, 45.323206161062245 ], [ 23.796218565415181, 45.284819883425492 ], [ 23.793448036288769, 45.265534678787148 ], [ 23.800137260921041, 45.238200025957745 ], [ 23.809794933573688, 45.219334218379743 ], [ 23.813441800662645, 45.205461143350107 ], [ 23.811723279918347, 45.193245777420188 ], [ 23.79430296485809, 45.160362911736478 ], [ 23.789713312839368, 45.146139386387212 ], [ 23.7917946419613, 45.112054873967651 ], [ 23.790652380998793, 45.098705093441467 ], [ 23.759703321778627, 45.021358082469959 ], [ 23.747785334669299, 44.999585964498749 ], [ 23.742766269892737, 44.986284295830934 ], [ 23.739542075752432, 44.967301090968178 ], [ 23.749926925114483, 44.851905085938135 ], [ 23.743358204227118, 44.798946344219203 ], [ 23.727476163858956, 44.741903780632079 ], [ 23.717694478973751, 44.749655504493603 ], [ 23.705301027351467, 44.754095960728371 ], [ 23.698306627684691, 44.755093225786936 ], [ 23.692516441712442, 44.753819955536571 ], [ 23.687715741902995, 44.750077071978559 ], [ 23.684598411208452, 44.741769050065685 ], [ 23.684187258823734, 44.735217323598292 ], [ 23.685140040303651, 44.727836561988013 ], [ 23.687126676176707, 44.719122080778838 ], [ 23.687845835762442, 44.709733448930741 ], [ 23.686480564951069, 44.69861641543244 ], [ 23.682015534737815, 44.683612157579006 ], [ 23.682094298942147, 44.677687515607275 ], [ 23.68340933589171, 44.671637046199358 ], [ 23.685636690826168, 44.665111367133242 ], [ 23.686281660815588, 44.657794313978037 ], [ 23.685059600512819, 44.650343212609066 ], [ 23.680352284010798, 44.645019431347571 ], [ 23.671365980218912, 44.641362654113493 ], [ 23.623850017159267, 44.64164211778774 ], [ 23.528463198307787, 44.623855647597168 ], [ 23.434836562675738, 44.580970157044405 ], [ 23.420462732892236, 44.570464534096843 ], [ 23.365329380418679, 44.574325805475731 ], [ 23.340485463514227, 44.571159393207708 ], [ 23.32403616486561, 44.567095953334366 ], [ 23.31158028308775, 44.561997474859595 ], [ 23.254307925950744, 44.561269505705042 ], [ 23.244105144970256, 44.568921591440407 ] ] ] } },
{ "type": "Feature", "properties": { "source": "https://simplemaps.com", "id": "ROOT", "name": "Olt", "changing": true, "mainFeature": false, "color_id": 1, "new_color_id": 2 }, "geometry": { "type": "Polygon", "coordinates": [ [ [ 23.928265115207346, 44.509057594044656 ], [ 23.941093114649291, 44.491953594788733 ], [ 23.958197113905218, 44.479125595346787 ], [ 23.971025113347164, 44.462021596090857 ], [ 23.983853112789109, 44.444917596834934 ], [ 24.00095711204504, 44.432089597392988 ], [ 24.013785111486982, 44.414985598137058 ], [ 24.035165110556893, 44.406433598509096 ], [ 24.052269109812819, 44.393605599067151 ], [ 24.07364910888273, 44.389329599253166 ], [ 24.099305107766622, 44.380777599625205 ], [ 24.120685106836529, 44.380777599625205 ], [ 24.14206510590644, 44.385053599439182 ], [ 24.163445104976347, 44.393605599067151 ], [ 24.180549104232277, 44.406433598509096 ], [ 24.201929103302184, 44.397881598881128 ], [ 24.219033102558111, 44.385053599439182 ], [ 24.240413101628022, 44.389329599253166 ], [ 24.261793100697933, 44.397881598881128 ], [ 24.274621100139875, 44.414985598137058 ], [ 24.274621100139875, 44.436365597206965 ], [ 24.291725099395805, 44.449193596648911 ], [ 24.304553098837751, 44.466297595904841 ], [ 24.325933097907658, 44.474849595532802 ], [ 24.347313096977569, 44.470573595718818 ], [ 24.360141096419515, 44.491953594788733 ], [ 24.377245095675441, 44.504781594230678 ], [ 24.398625094745348, 44.509057594044656 ], [ 24.394349094931368, 44.53043759311457 ], [ 24.398625094745348, 44.551817592184477 ], [ 24.399452707612571, 44.553886624352536 ], [ 24.402901094559333, 44.551817592184477 ], [ 24.42428109362924, 44.543265592556516 ], [ 24.445661092699151, 44.53043759311457 ], [ 24.462765091955077, 44.51333359385864 ], [ 24.471317091583042, 44.491953594788733 ], [ 24.488421090838969, 44.479125595346787 ], [ 24.495172669492625, 44.488127700218328 ], [ 24.496973090466934, 44.479125595346787 ], [ 24.501249090280915, 44.457745596276879 ], [ 24.501249090280915, 44.436365597206965 ], [ 24.501249090280915, 44.414985598137058 ], [ 24.488421090838969, 44.397881598881128 ], [ 24.475593091397023, 44.380777599625205 ], [ 24.467041091769062, 44.35939760055529 ], [ 24.462765091955077, 44.338017601485383 ], [ 24.458489092141097, 44.316637602415476 ], [ 24.449937092513132, 44.295257603345568 ], [ 24.432833093257205, 44.265325604647693 ], [ 24.428557093443224, 44.243945605577785 ], [ 24.420005093815259, 44.222565606507871 ], [ 24.415729094001279, 44.201185607437964 ], [ 24.415729094001279, 44.179805608368056 ], [ 24.428557093443224, 44.162701609112126 ], [ 24.44138509288517, 44.145597609856203 ], [ 24.458489092141097, 44.132769610414257 ], [ 24.471317091583042, 44.115665611158327 ], [ 24.471317091583042, 44.09428561208842 ], [ 24.454213092327116, 44.07718161283249 ], [ 24.445661092699151, 44.055801613762583 ], [ 24.432833093257205, 44.034421614692675 ], [ 24.428557093443224, 44.013041615622761 ], [ 24.420005093815259, 43.991661616552854 ], [ 24.411453094187294, 43.970281617482947 ], [ 24.402901094559333, 43.948901618413032 ], [ 24.390073095117387, 43.927521619343125 ], [ 24.368693096047476, 43.923245619529148 ], [ 24.35158909679155, 43.910417620087202 ], [ 24.347313096977569, 43.889037621017287 ], [ 24.347313096977569, 43.86765762194738 ], [ 24.35158909679155, 43.846277622877473 ], [ 24.35586509660553, 43.824897623807558 ], [ 24.368693096047476, 43.807793624551636 ], [ 24.374198994625299, 43.794028878107085 ], [ 24.346395769232956, 43.788643267778347 ], [ 24.289547623289398, 43.760533447332982 ], [ 24.272150542250635, 43.757360503738624 ], [ 24.250608731443648, 43.757435218831773 ], [ 24.073174794352518, 43.75805055489046 ], [ 24.063474943550904, 43.760213415668289 ], [ 23.716546309970806, 43.837562510702682 ], [ 23.660485372935451, 43.864007828617375 ], [ 23.638506781018275, 43.867995352063517 ], [ 23.553391642716566, 43.857642644716577 ], [ 23.538221901265572, 43.860089103903533 ], [ 23.51022236029084, 43.864604580705041 ], [ 23.403986903136758, 43.911964732578312 ], [ 23.244797810011868, 43.924177643649109 ], [ 23.153831257440189, 43.918429996616673 ], [ 23.115774762872661, 43.905359116675697 ], [ 23.08055303232036, 43.901305546868741 ], [ 23.050134042064286, 43.89310774349719 ], [ 22.970696992821839, 43.891082830403349 ], [ 22.837473407715514, 43.887687225117055 ], [ 22.806904583031049, 43.894182717884355 ], [ 22.782222924377837, 43.911049849573487 ], [ 22.770569546721564, 43.930458962922721 ], [ 22.770937020249306, 43.953096378027425 ], [ 22.798034014543756, 44.027154728039086 ], [ 22.810065326417419, 44.049180776356152 ], [ 22.830366501059714, 44.057851604851294 ], [ 22.851106042756165, 44.059213142679894 ], [ 22.89123383607317, 44.067057605137848 ], [ 22.91310735915026, 44.068323029023325 ], [ 22.9485587860717, 44.080900914838644 ], [ 22.966797622295857, 44.110907618201125 ], [ 22.958910079458661, 44.14198661381571 ], [ 22.936545861605335, 44.150240757604749 ], [ 22.916596159167653, 44.157603382364364 ], [ 22.871329109228792, 44.163819828175093 ], [ 22.835629164713271, 44.176644268800089 ], [ 22.625118590990912, 44.2904961386823 ], [ 22.624234776782615, 44.290974152545758 ], [ 22.619441611132739, 44.305952126959326 ], [ 22.624228705062336, 44.344090121096627 ], [ 22.628361171756872, 44.346569601113352 ], [ 22.645465171012798, 44.359397600555297 ], [ 22.662569170268725, 44.372225599997243 ], [ 22.683949169338636, 44.385053599439189 ], [ 22.709605168222524, 44.397881598881135 ], [ 22.726709167478454, 44.410709598323081 ], [ 22.752365166362345, 44.406433598509096 ], [ 22.773745165432253, 44.406433598509096 ], [ 22.795125164502164, 44.397881598881135 ], [ 22.816505163572071, 44.389329599253173 ], [ 22.837885162641982, 44.372225599997243 ], [ 22.850713162083927, 44.35512160074132 ], [ 22.867817161339854, 44.342293601299374 ], [ 22.889197160409765, 44.33801760148539 ], [ 22.902025159851707, 44.35512160074132 ], [ 22.923405158921618, 44.372225599997243 ], [ 22.940509158177544, 44.385053599439189 ], [ 22.944785157991529, 44.406433598509096 ], [ 22.927681158735599, 44.419261597951042 ], [ 22.944785157991529, 44.432089597392988 ], [ 22.966165157061436, 44.440641597020957 ], [ 22.987545156131347, 44.449193596648918 ], [ 23.004649155387273, 44.462021596090864 ], [ 23.0217531546432, 44.47484959553281 ], [ 23.038857153899126, 44.487677594974755 ], [ 23.060237152969037, 44.487677594974755 ], [ 23.081617152038945, 44.49195359478874 ], [ 23.102997151108855, 44.500505594416701 ], [ 23.11154915073682, 44.521885593486608 ], [ 23.11154915073682, 44.543265592556516 ], [ 23.128653149992747, 44.556093591998462 ], [ 23.141481149434693, 44.573197591254392 ], [ 23.1628611485046, 44.581749590882353 ], [ 23.184241147574511, 44.586025590696337 ], [ 23.205621146644422, 44.586025590696337 ], [ 23.227001145714329, 44.586025590696337 ], [ 23.244105144970256, 44.568921591440407 ], [ 23.254307925950744, 44.561269505705042 ], [ 23.31158028308775, 44.561997474859595 ], [ 23.32403616486561, 44.567095953334366 ], [ 23.340485463514227, 44.571159393207708 ], [ 23.365329380418679, 44.574325805475731 ], [ 23.420462732892236, 44.570464534096843 ], [ 23.434836562675738, 44.580970157044405 ], [ 23.528463198307787, 44.623855647597168 ], [ 23.623850017159267, 44.64164211778774 ], [ 23.671365980218912, 44.641362654113493 ], [ 23.680352284010798, 44.645019431347571 ], [ 23.685059600512819, 44.650343212609066 ], [ 23.686281660815588, 44.657794313978037 ], [ 23.685636690826168, 44.665111367133242 ], [ 23.68340933589171, 44.671637046199358 ], [ 23.682094298942147, 44.677687515607275 ], [ 23.682015534737815, 44.683612157579006 ], [ 23.686480564951069, 44.69861641543244 ], [ 23.687845835762442, 44.709733448930741 ], [ 23.687126676176707, 44.719122080778838 ], [ 23.685140040303651, 44.727836561988013 ], [ 23.684187258823734, 44.735217323598292 ], [ 23.684598411208452, 44.741769050065685 ], [ 23.687715741902995, 44.750077071978559 ], [ 23.692516441712442, 44.753819955536571 ], [ 23.698306627684691, 44.755093225786936 ], [ 23.705301027351467, 44.754095960728371 ], [ 23.717694478973751, 44.749655504493603 ], [ 23.727476163858956, 44.741903780632079 ], [ 23.733997805900838, 44.718221551495958 ], [ 23.734771455578532, 44.710227168094704 ], [ 23.73874475297729, 44.700737203311334 ], [ 23.746375817608072, 44.693534825606051 ], [ 23.763637791638278, 44.685309694547115 ], [ 23.778635442866616, 44.6800174197706 ], [ 23.811401780458429, 44.663584497540079 ], [ 23.820933136311535, 44.657367992000609 ], [ 23.829413996380818, 44.648089805441636 ], [ 23.848087133218336, 44.597893937776668 ], [ 23.859116269415942, 44.582361966387538 ], [ 23.87459155835435, 44.564147814936867 ], [ 23.902429854146114, 44.542037429096574 ], [ 23.891604005787091, 44.533619859585201 ], [ 23.911161115951419, 44.521885593486601 ], [ 23.928265115207346, 44.509057594044656 ] ] ] } },
{ "type": "Feature", "properties": { "source": "https://simplemaps.com", "id": "ROBT", "name": "Botosani", "changing": false, "mainFeature": false, "color_id": 2, "new_color_id": 2 }, "geometry": { "type": "Polygon", "coordinates": [ [ [ 27.491787582125156, 47.44707656936523 ], [ 27.491669175346061, 47.447044225445005 ], [ 27.477465223798159, 47.443143850327502 ], [ 27.435942057528138, 47.431741764321394 ], [ 27.395472751179621, 47.433685169324583 ], [ 27.379453811762755, 47.436664215840601 ], [ 27.36704781920368, 47.436812894136494 ], [ 27.355702532413488, 47.4323432387163 ], [ 27.338149785904474, 47.41989330084435 ], [ 27.328417542434359, 47.414352187531456 ], [ 27.319799092198839, 47.408198552091882 ], [ 27.314394444998342, 47.400910953228987 ], [ 27.309388031384035, 47.383962795335158 ], [ 27.301364029268559, 47.37713960973128 ], [ 27.289426342074862, 47.373391280626954 ], [ 27.262253156109196, 47.374142808596808 ], [ 27.248406000345071, 47.377114570505277 ], [ 27.231785026211728, 47.384538838133921 ], [ 27.214105262351044, 47.390013413258089 ], [ 27.18639379001177, 47.39551798648079 ], [ 27.170409422782498, 47.404675683777825 ], [ 27.162577582258244, 47.406740153425481 ], [ 27.151069775044405, 47.406052110944152 ], [ 27.139997963792538, 47.40064076133649 ], [ 27.132770706083125, 47.394355279726078 ], [ 27.129068066402994, 47.38694948130626 ], [ 27.13059405220184, 47.37835669714115 ], [ 27.147351483478285, 47.3506027330263 ], [ 27.148102928000675, 47.342040282259156 ], [ 27.143030303669939, 47.335308607059716 ], [ 27.132580184273255, 47.32992482207969 ], [ 27.111256821100419, 47.325534675556099 ], [ 27.096002904857126, 47.324269024823067 ], [ 27.076959389048348, 47.329253866941507 ], [ 27.065110392783417, 47.335715931208277 ], [ 27.054982381891584, 47.343869055751433 ], [ 27.040780374262273, 47.357611575151097 ], [ 27.03260790849431, 47.362869939068084 ], [ 27.023922227764189, 47.366906920564382 ], [ 27.013947852973203, 47.369727368686668 ], [ 26.846504133614008, 47.376658484711236 ], [ 26.831219213186817, 47.379893295301372 ], [ 26.820378903011477, 47.384376484693192 ], [ 26.801517009957617, 47.39400875379512 ], [ 26.791787877923159, 47.395164663483641 ], [ 26.782688019852529, 47.392572454510351 ], [ 26.775737099025271, 47.386741575209726 ], [ 26.77025493475584, 47.376147130925318 ], [ 26.75500964822335, 47.356573821585314 ], [ 26.7137907984023, 47.331395629583795 ], [ 26.672742844403551, 47.337059312039777 ], [ 26.662203142806252, 47.342617025995324 ], [ 26.648290314948099, 47.35184894816063 ], [ 26.624577563652362, 47.376306295144119 ], [ 26.619702024975044, 47.386529604900751 ], [ 26.617820270481552, 47.397928956561344 ], [ 26.618891907175719, 47.409471436397844 ], [ 26.621633718277533, 47.42405158440809 ], [ 26.621510476519902, 47.436778593019497 ], [ 26.607748567534468, 47.489575318340805 ], [ 26.599405645341218, 47.511647734660649 ], [ 26.589484676009228, 47.523775052865567 ], [ 26.558293803918477, 47.547438514762995 ], [ 26.546412206526309, 47.562331316532656 ], [ 26.482539684219194, 47.620473805432511 ], [ 26.464340151998833, 47.643086574814561 ], [ 26.354508800684602, 47.745328244358141 ], [ 26.331536203955544, 47.762257851882303 ], [ 26.28132614984996, 47.783587569200705 ], [ 26.241911708203549, 47.808555059376197 ], [ 26.21565426609785, 47.820829434152017 ], [ 26.201173243849446, 47.831402290833324 ], [ 26.194330279241754, 47.842891980828774 ], [ 26.179827819257028, 47.904283133075182 ], [ 26.203008216534496, 47.903526631619791 ], [ 26.233944375143622, 47.911841905942779 ], [ 26.234742518654283, 47.911917464834879 ], [ 26.237065236670833, 47.912072590633642 ], [ 26.239058355824831, 47.912295821570531 ], [ 26.240624845972537, 47.912454274660469 ], [ 26.24127896101697, 47.912550271080327 ], [ 26.242353098642628, 47.912708218721107 ], [ 26.243017452152017, 47.912822326469957 ], [ 26.247628267243549, 47.913718582854713 ], [ 26.26250751424335, 47.917567563830914 ], [ 26.264570942067717, 47.918764545232534 ], [ 26.26569023668193, 47.919574197788762 ], [ 26.272271399788785, 47.924333140530869 ], [ 26.277553747951753, 47.930058671231549 ], [ 26.279392626967301, 47.933566219305725 ], [ 26.28130022806754, 47.937669401962467 ], [ 26.283102882275855, 47.941612903409101 ], [ 26.284795495218649, 47.945355877849927 ], [ 26.287144794426204, 47.950581184338141 ], [ 26.287129276312477, 47.95091658183744 ], [ 26.287252431285804, 47.952548394175317 ], [ 26.287243815541462, 47.953023921539604 ], [ 26.287328888876175, 47.953346751184768 ], [ 26.287869431676704, 47.954766943631775 ], [ 26.288010150629418, 47.956123773448766 ], [ 26.288046659293261, 47.956386173362667 ], [ 26.288468204323991, 47.957641317169646 ], [ 26.289334523355656, 47.960969668243919 ], [ 26.289716364594451, 47.963675149138339 ], [ 26.297020459372135, 47.969514118975617 ], [ 26.323729921830342, 47.983364555403931 ], [ 26.33451163171334, 47.991115987166864 ], [ 26.33969335107999, 47.993312011722097 ], [ 26.341889842175938, 47.994125163097628 ], [ 26.345810728449393, 47.995207629353445 ], [ 26.347047368122492, 47.995617286828988 ], [ 26.347697555188123, 47.995823030855817 ], [ 26.348287693884032, 47.996219993219576 ], [ 26.351130431623563, 47.998694177676903 ], [ 26.353840771181233, 48.000926972058394 ], [ 26.354730534524645, 48.002055699201627 ], [ 26.356806706583559, 48.005250592196361 ], [ 26.35798396638797, 48.008870136843655 ], [ 26.359509938582345, 48.014137778526447 ], [ 26.361972365271694, 48.016833773999011 ], [ 26.364387171521262, 48.019471472527954 ], [ 26.364901360632235, 48.020587482913726 ], [ 26.366679304414586, 48.025781608548918 ], [ 26.366989413074446, 48.029947971030339 ], [ 26.36727453440988, 48.031944299256224 ], [ 26.368434881489183, 48.034364792917678 ], [ 26.369865460010544, 48.036968893610464 ], [ 26.370208034520157, 48.037401209484635 ], [ 26.37300053647607, 48.040926255890412 ], [ 26.377014028910249, 48.046327867547795 ], [ 26.380178570990605, 48.050557080998466 ], [ 26.381068180047848, 48.051758864521908 ], [ 26.385562996276576, 48.054928961144675 ], [ 26.391810203702097, 48.060345121278992 ], [ 26.393230913566796, 48.061557063287971 ], [ 26.400244489555948, 48.066045429912194 ], [ 26.407697785211955, 48.068515426241518 ], [ 26.411976395570495, 48.069882132279169 ], [ 26.41534367671489, 48.072858198102182 ], [ 26.418498952360796, 48.075829925131146 ], [ 26.419341345283527, 48.078272495737387 ], [ 26.418824919982743, 48.081859158346866 ], [ 26.418526030029753, 48.08280962082533 ], [ 26.418051475384324, 48.083585429338719 ], [ 26.414903031253765, 48.088976951998262 ], [ 26.414436679991784, 48.089895700176186 ], [ 26.412692255030628, 48.093173301465598 ], [ 26.412860475431614, 48.094132714158782 ], [ 26.414151202510975, 48.097026254454221 ], [ 26.418083444274767, 48.099182477272961 ], [ 26.418053939494314, 48.099961004805451 ], [ 26.418178459854264, 48.100354088832596 ], [ 26.418348281649617, 48.100710516873626 ], [ 26.418431256948942, 48.100851141838106 ], [ 26.418522692208306, 48.100899435195707 ], [ 26.418639828990823, 48.100897945126732 ], [ 26.418779711269686, 48.100822088871979 ], [ 26.418937964480872, 48.100660923214754 ], [ 26.41926415579999, 48.100467570698846 ], [ 26.419647410837577, 48.100289277175477 ], [ 26.420052055054384, 48.100168497452636 ], [ 26.420908000563269, 48.100117143467827 ], [ 26.421456161250521, 48.099983037407895 ], [ 26.422274622805908, 48.099773536087859 ], [ 26.42299620518499, 48.099638519161097 ], [ 26.423579653706557, 48.099560457569979 ], [ 26.425371125401277, 48.099327753045053 ], [ 26.426733364992515, 48.099325152055364 ], [ 26.427736928238531, 48.099282848549258 ], [ 26.428896593594725, 48.099108793144815 ], [ 26.429812216605967, 48.098966502570718 ], [ 26.431033232451892, 48.099078709488296 ], [ 26.432493284152105, 48.099406020440114 ], [ 26.433880037672491, 48.100074870809536 ], [ 26.434520581970908, 48.100757754887475 ], [ 26.434752949264187, 48.101247272365555 ], [ 26.434846322223454, 48.101862935651646 ], [ 26.434662134979686, 48.102487285371794 ], [ 26.434108455807838, 48.103399611265019 ], [ 26.432932003183868, 48.105309403214207 ], [ 26.432840491203198, 48.105672345555483 ], [ 26.432824289722088, 48.106334287972388 ], [ 26.433515659889874, 48.106994824659147 ], [ 26.434528600329632, 48.107494294849147 ], [ 26.435471923186178, 48.107655023847371 ], [ 26.436574018491264, 48.107733599437744 ], [ 26.437164733026588, 48.10760307580118 ], [ 26.437794472806765, 48.107156733846473 ], [ 26.438267059029499, 48.106637497321366 ], [ 26.438636654512095, 48.105845351184428 ], [ 26.439496810673834, 48.103863630257258 ], [ 26.4401579514338, 48.102434609106915 ], [ 26.440483025069234, 48.101898298926976 ], [ 26.440954314389472, 48.101393632345285 ], [ 26.441953455301473, 48.101027644137119 ], [ 26.442612780072619, 48.100939825072956 ], [ 26.443458736386038, 48.100998460315701 ], [ 26.44467172957377, 48.101235400277844 ], [ 26.446455268788601, 48.101754453431241 ], [ 26.448669730688497, 48.102923837419794 ], [ 26.449684595135036, 48.10347107944758 ], [ 26.451041403508814, 48.104238671601969 ], [ 26.453375006426477, 48.105549443091718 ], [ 26.454997747764597, 48.106433848878872 ], [ 26.45542389494376, 48.106822258108487 ], [ 26.455693652395766, 48.107176025898319 ], [ 26.455744424057855, 48.107557493157046 ], [ 26.455478527522313, 48.107989001350454 ], [ 26.455237087163095, 48.10849457783825 ], [ 26.455148477893715, 48.109194245714512 ], [ 26.455494998875849, 48.109884321442735 ], [ 26.456232708048006, 48.110937937116852 ], [ 26.457027244293521, 48.11173277179347 ], [ 26.458093586779714, 48.112358911326986 ], [ 26.458825308653772, 48.112743724178934 ], [ 26.459629116518439, 48.11295869066204 ], [ 26.460405800138822, 48.113001821064898 ], [ 26.462300756196186, 48.112761359359418 ], [ 26.464752094444304, 48.112331817452535 ], [ 26.466662390544897, 48.111920330810804 ], [ 26.467722268791963, 48.111654767155038 ], [ 26.468705954162843, 48.111130676887065 ], [ 26.469109296522326, 48.110748130803238 ], [ 26.469263319613866, 48.11040496694504 ], [ 26.46932260567484, 48.109952815299607 ], [ 26.469172917781492, 48.109407872538412 ], [ 26.468778041871325, 48.108905547126056 ], [ 26.467772326311209, 48.108411038017195 ], [ 26.465539939524501, 48.10751308995124 ], [ 26.464877638670274, 48.10698663982933 ], [ 26.464648117165012, 48.106383075476529 ], [ 26.464765891160901, 48.105861957946608 ], [ 26.465270727543263, 48.105138622675355 ], [ 26.466997095769766, 48.104086298626399 ], [ 26.468266381557882, 48.103225347253584 ], [ 26.468741618302548, 48.102672668813753 ], [ 26.469173898931562, 48.101967304067749 ], [ 26.469697304757609, 48.101510922107749 ], [ 26.470480426083636, 48.101163870738283 ], [ 26.470956410752347, 48.101077658629897 ], [ 26.471632049980215, 48.101137701323168 ], [ 26.472868281373582, 48.101750695497167 ], [ 26.474074509904931, 48.102382152622077 ], [ 26.475994446749663, 48.103283958078947 ], [ 26.477878769022411, 48.103632980761617 ], [ 26.479504764185627, 48.103539494575926 ], [ 26.480925354125404, 48.103204269486064 ], [ 26.482511739046302, 48.102919990283006 ], [ 26.483812728550326, 48.102810800939316 ], [ 26.485768494569356, 48.102837492395551 ], [ 26.487407274439406, 48.103077247560748 ], [ 26.489376435860954, 48.103589363068146 ], [ 26.49087478897377, 48.104130992011186 ], [ 26.492861205575601, 48.105404704781193 ], [ 26.493301148006477, 48.105656113928333 ], [ 26.495372473753648, 48.106840069646815 ], [ 26.497913404569861, 48.108105094265035 ], [ 26.500759100258161, 48.109613236190953 ], [ 26.502024640571527, 48.110540332824321 ], [ 26.502598714095654, 48.111264439534715 ], [ 26.503540695506896, 48.112956287380399 ], [ 26.503946533770563, 48.113658570034559 ], [ 26.504712687548604, 48.11413867939028 ], [ 26.505599068336306, 48.114545241013822 ], [ 26.506534912554443, 48.114714605168707 ], [ 26.507711054323245, 48.114736260671002 ], [ 26.508686476997759, 48.114620957342474 ], [ 26.509780453282264, 48.114173441099872 ], [ 26.511136329517431, 48.113247941264397 ], [ 26.512944103190925, 48.11207291816401 ], [ 26.514274467840195, 48.111316995204298 ], [ 26.515755776414331, 48.110459156517464 ], [ 26.516407615320588, 48.109671708491774 ], [ 26.516775923116466, 48.109041067874394 ], [ 26.516989356580488, 48.10823617613427 ], [ 26.517208557715634, 48.107526770498254 ], [ 26.517469548396662, 48.10666568648103 ], [ 26.517796781890521, 48.106176824402041 ], [ 26.518368723404702, 48.105968305541246 ], [ 26.519364725477207, 48.105938955653777 ], [ 26.520542216598951, 48.106103193537173 ], [ 26.521877948890712, 48.106403576474598 ], [ 26.522689727214086, 48.106370619663068 ], [ 26.523143995316772, 48.106369540119431 ], [ 26.52382392027452, 48.106543650909281 ], [ 26.524432867483746, 48.106878301165885 ], [ 26.524839888528806, 48.107408865054559 ], [ 26.525100930931192, 48.108146433233628 ], [ 26.525031145348834, 48.108773125814736 ], [ 26.524644416225382, 48.109612887324836 ], [ 26.523428217580527, 48.11052303977818 ], [ 26.520285594273144, 48.112349802535462 ], [ 26.519046176645425, 48.113040734265802 ], [ 26.518466976844525, 48.113648441286024 ], [ 26.518337266898129, 48.114150591924151 ], [ 26.518279869162853, 48.114796572711128 ], [ 26.51893063141798, 48.115778896543837 ], [ 26.520094130679528, 48.116742113934812 ], [ 26.521363285395104, 48.11715533532999 ], [ 26.522535981747257, 48.117376578910651 ], [ 26.523838056104005, 48.117419249164968 ], [ 26.526530794634279, 48.117200096100476 ], [ 26.530076690794061, 48.11685714041522 ], [ 26.532461866645807, 48.116691069868388 ], [ 26.533808145068342, 48.116715340151025 ], [ 26.535468629554774, 48.116878619918189 ], [ 26.540705087571368, 48.117696578266525 ], [ 26.542247055440008, 48.118238388992204 ], [ 26.543141252589489, 48.118720606885745 ], [ 26.543705296661162, 48.119244441160191 ], [ 26.544198373783107, 48.120090918911437 ], [ 26.54440393268921, 48.120655934818679 ], [ 26.544434343905742, 48.121274726956067 ], [ 26.544198124662476, 48.12169861672372 ], [ 26.543576491165119, 48.122467628766003 ], [ 26.542615547390454, 48.123221187506417 ], [ 26.541986517352804, 48.123752130993608 ], [ 26.54181023026409, 48.124300890788675 ], [ 26.541773964133515, 48.124871042066722 ], [ 26.541971333537955, 48.125207596312777 ], [ 26.542657980777168, 48.125790873999264 ], [ 26.543887364177969, 48.126498062190507 ], [ 26.544907772080315, 48.126840125522634 ], [ 26.546456915355279, 48.126982137319786 ], [ 26.547485901864398, 48.12690549373152 ], [ 26.548634941235989, 48.126916787370028 ], [ 26.549512063965086, 48.126951365941373 ], [ 26.550099788821434, 48.127209372869487 ], [ 26.550745812758436, 48.127611146611812 ], [ 26.551189081997691, 48.128218452485093 ], [ 26.551829517148811, 48.129809497928171 ], [ 26.552524145450541, 48.131429928970341 ], [ 26.552804989772692, 48.131787004703952 ], [ 26.55331267086456, 48.132148185049971 ], [ 26.553816280654932, 48.132395280845394 ], [ 26.55440416173083, 48.132491492658836 ], [ 26.555014539883224, 48.132492651127663 ], [ 26.555706798349867, 48.132372043038401 ], [ 26.556359252261394, 48.132244962457605 ], [ 26.557050338471054, 48.132110505691493 ], [ 26.557682579398719, 48.131865030765745 ], [ 26.558448382604556, 48.131231774407787 ], [ 26.559521156425937, 48.130337658372554 ], [ 26.560837414579886, 48.129257416689867 ], [ 26.561641521967559, 48.12851058735945 ], [ 26.562643213797539, 48.127776725945864 ], [ 26.563754115599643, 48.12725442373381 ], [ 26.565306881496113, 48.126711150451705 ], [ 26.566575200146893, 48.126495783071398 ], [ 26.568160399798863, 48.126390920303997 ], [ 26.569565431315663, 48.126396842028086 ], [ 26.570948009799082, 48.126497813646218 ], [ 26.572328835759407, 48.126779171164593 ], [ 26.573542096988362, 48.12702909915204 ], [ 26.574466863691352, 48.127331057703607 ], [ 26.575118077406433, 48.127675508944442 ], [ 26.576174703573685, 48.128089646038561 ], [ 26.57679169950767, 48.128342806098544 ], [ 26.577624738527451, 48.128557265160964 ], [ 26.578438639584341, 48.128666874661313 ], [ 26.579160828757647, 48.128689291133625 ], [ 26.580307476097946, 48.128566983599235 ], [ 26.580966222002232, 48.128502337413295 ], [ 26.5850172815564, 48.127641594965844 ], [ 26.587723243855571, 48.127061592805973 ], [ 26.589531014605321, 48.126522556553745 ], [ 26.590834244244409, 48.126069620981156 ], [ 26.5918239812972, 48.125630480130162 ], [ 26.593534787400124, 48.124575898267629 ], [ 26.595061236713953, 48.123518026065291 ], [ 26.595893132002399, 48.122771356863495 ], [ 26.59643066222284, 48.121981542076533 ], [ 26.59702491571743, 48.121192909105289 ], [ 26.598277090864169, 48.120672505259357 ], [ 26.599449225213299, 48.120255267121038 ], [ 26.600148813009167, 48.120210638953388 ], [ 26.601563930489313, 48.120587291455145 ], [ 26.602884116112548, 48.121076645743983 ], [ 26.603741564610399, 48.121501027431442 ], [ 26.605858820019044, 48.122475481824857 ], [ 26.606510637311555, 48.122795821542624 ], [ 26.607168638508991, 48.122902566822319 ], [ 26.608386030785692, 48.122781201172415 ], [ 26.609098022146693, 48.122593749880487 ], [ 26.609692383412337, 48.122290170357118 ], [ 26.609871389802745, 48.121865115402322 ], [ 26.609891838501259, 48.12130391937967 ], [ 26.609580417456069, 48.120642070093247 ], [ 26.608929300009336, 48.119479416921379 ], [ 26.608548635803341, 48.118797121144446 ], [ 26.608429021033007, 48.118214542778745 ], [ 26.608724784496353, 48.117753747102185 ], [ 26.609123195102498, 48.117579787405049 ], [ 26.610081146712851, 48.117501289214296 ], [ 26.610956802453384, 48.117716544780571 ], [ 26.612237803199907, 48.118166978667773 ], [ 26.613136218059701, 48.118521211732542 ], [ 26.615394701947007, 48.119411404802953 ], [ 26.619827277908065, 48.121334348896951 ], [ 26.622352277906529, 48.122339185550111 ], [ 26.62252292684796, 48.122409707108737 ], [ 26.624586270973424, 48.123262769780489 ], [ 26.625356925208951, 48.12338086028106 ], [ 26.626576073462839, 48.123401764632789 ], [ 26.630779807945014, 48.123388788402814 ], [ 26.631902469133923, 48.123541599298633 ], [ 26.633330547625125, 48.123937204209234 ], [ 26.634316086285398, 48.124525171429276 ], [ 26.635248543412953, 48.125397424266701 ], [ 26.635888257289437, 48.126207633494232 ], [ 26.636094899779504, 48.126772626397646 ], [ 26.636061994970216, 48.127152767521707 ], [ 26.635510778302976, 48.127942517579939 ], [ 26.634447324256225, 48.129398846017764 ], [ 26.633972080449098, 48.130294628566993 ], [ 26.633864982153636, 48.130711638124581 ], [ 26.634131760445598, 48.131401194461183 ], [ 26.634530280857891, 48.132045464194533 ], [ 26.635148928730093, 48.132607954656081 ], [ 26.635932684528729, 48.133068892576311 ], [ 26.63684874234594, 48.133312843436975 ], [ 26.637981469721183, 48.133351330867619 ], [ 26.639175903001423, 48.133333989391986 ], [ 26.640035763527436, 48.13324419203623 ], [ 26.64127475581072, 48.132875270320298 ], [ 26.642780923151594, 48.132044793379571 ], [ 26.643936665024306, 48.131160700137542 ], [ 26.644655928061571, 48.130725943209271 ], [ 26.645773995803342, 48.13044048572614 ], [ 26.647499943389509, 48.13002289628556 ], [ 26.649551742497991, 48.129448996461406 ], [ 26.650905673696819, 48.129062927593779 ], [ 26.653202356425481, 48.128284009875152 ], [ 26.653985427379297, 48.127992810022768 ], [ 26.655769734487091, 48.127328708058229 ], [ 26.656976078616665, 48.127006765480843 ], [ 26.657770067523654, 48.127020201153606 ], [ 26.658291403728175, 48.127067140006865 ], [ 26.658830862525431, 48.127517237755931 ], [ 26.659217539623732, 48.12834845938977 ], [ 26.65937856825412, 48.129445397020497 ], [ 26.65943271230309, 48.130464382712795 ], [ 26.658790509520063, 48.133136886595494 ], [ 26.658418912683114, 48.133986639988194 ], [ 26.657618703613309, 48.134867657110036 ], [ 26.655895378411749, 48.136569967402764 ], [ 26.65533095537814, 48.137350071136417 ], [ 26.655297306884048, 48.137739519606853 ], [ 26.655378797085071, 48.13811211819467 ], [ 26.656089549659523, 48.139256469049613 ], [ 26.656854332045409, 48.140268407880036 ], [ 26.657291731124989, 48.140961203371276 ], [ 26.657639822033445, 48.141699484901373 ], [ 26.657948632626827, 48.142894141215649 ], [ 26.657901896626001, 48.1434357217288 ], [ 26.657747699532752, 48.144070741319233 ], [ 26.657670939875317, 48.144630789250058 ], [ 26.657693460605266, 48.145192516832331 ], [ 26.657833534201252, 48.145708583283778 ], [ 26.658209895770717, 48.146286129530367 ], [ 26.65890232823989, 48.146821064688368 ], [ 26.66020794343229, 48.147823322464127 ], [ 26.662735850279361, 48.149807328730674 ], [ 26.663364887960796, 48.150255816380472 ], [ 26.663668751381277, 48.150356033733978 ], [ 26.664056702000817, 48.150305671520186 ], [ 26.666029046466427, 48.149673082280252 ], [ 26.666802417763236, 48.149600556860243 ], [ 26.667603907934801, 48.149861662426694 ], [ 26.668938398635792, 48.150531161165027 ], [ 26.67061945951507, 48.151796676920327 ], [ 26.671517577522447, 48.15242085648174 ], [ 26.673016679129919, 48.153159584380312 ], [ 26.673861646473195, 48.153411892569729 ], [ 26.6746694476473, 48.153434982950706 ], [ 26.675540238187487, 48.153221236068617 ], [ 26.675931462870437, 48.1531327636729 ], [ 26.676604192867178, 48.152744567466392 ], [ 26.677356182526516, 48.151929299834421 ], [ 26.678790873745893, 48.150278936758319 ], [ 26.679395770707924, 48.149356714693333 ], [ 26.680521623634352, 48.148157842070972 ], [ 26.682236479468539, 48.14654997170156 ], [ 26.682931106226398, 48.145905251359459 ], [ 26.683757269905652, 48.145548122704945 ], [ 26.684772934622789, 48.145311118419514 ], [ 26.685782440732417, 48.145218867329383 ], [ 26.687090343298166, 48.145442270430813 ], [ 26.688626223449251, 48.145753415728855 ], [ 26.689572878585949, 48.145978584382469 ], [ 26.69110321608148, 48.146023153835074 ], [ 26.694091042660521, 48.145968465017461 ], [ 26.695546448449921, 48.146059501821938 ], [ 26.697988296440993, 48.146242917958709 ], [ 26.698598259536585, 48.146253049212355 ], [ 26.69963592253098, 48.146080338838736 ], [ 26.702544443688332, 48.14529136233584 ], [ 26.70469501620483, 48.14472777700103 ], [ 26.70574022173237, 48.144630734186912 ], [ 26.706433694575974, 48.144661378613968 ], [ 26.707086640728964, 48.144834105100621 ], [ 26.707802378769276, 48.145102881379742 ], [ 26.708097024912298, 48.145478896768978 ], [ 26.708142396975308, 48.145945865054024 ], [ 26.707944164703125, 48.146770359391347 ], [ 26.70762107001033, 48.147392845582502 ], [ 26.7069027863607, 48.148484699251874 ], [ 26.705496069674382, 48.150982839555844 ], [ 26.704459389157385, 48.15264020139977 ], [ 26.703781910916099, 48.153418594547979 ], [ 26.702139920696123, 48.15500883666963 ], [ 26.701828571464187, 48.155327331528724 ], [ 26.701708482078118, 48.15573438940762 ], [ 26.701771647813022, 48.155992238970732 ], [ 26.702138513394253, 48.15618881312691 ], [ 26.702923284183779, 48.156315943365584 ], [ 26.704836304992714, 48.156376442665035 ], [ 26.706751317430591, 48.15624633452628 ], [ 26.707547954170874, 48.156069450785026 ], [ 26.708400068513612, 48.155740940201788 ], [ 26.708924254008295, 48.155426170794094 ], [ 26.709815692761207, 48.154803382922815 ], [ 26.710577433863435, 48.154035897481258 ], [ 26.711194372252439, 48.15346552659954 ], [ 26.712026171972095, 48.15270858502948 ], [ 26.712909887572714, 48.152009831731874 ], [ 26.713734336941819, 48.151671289545156 ], [ 26.714510968086586, 48.15156034555077 ], [ 26.715153110995523, 48.151694899748534 ], [ 26.715654140753621, 48.152150248834928 ], [ 26.715911651985877, 48.152755925915088 ], [ 26.715978137757578, 48.152719977815458 ], [ 26.716411032058414, 48.153990128756973 ], [ 26.717466512586775, 48.155672908139209 ], [ 26.718197617409984, 48.156993179690787 ], [ 26.718358602876069, 48.157709484830789 ], [ 26.717967251010581, 48.158654582273336 ], [ 26.717010941542068, 48.161017557468476 ], [ 26.716824710415271, 48.161638741002676 ], [ 26.717026284957694, 48.162920750717682 ], [ 26.717464727906549, 48.164027988541015 ], [ 26.717895291346942, 48.164854212848418 ], [ 26.715818820375357, 48.167424990290179 ], [ 26.715915865307597, 48.167451770500747 ], [ 26.754165074238038, 48.178010620566099 ], [ 26.776961245953256, 48.177740554628926 ], [ 26.799360403831805, 48.163341466852557 ], [ 26.810195283064516, 48.161366607201252 ], [ 26.82136461442342, 48.17191997220371 ], [ 26.831667753966041, 48.156338551942419 ], [ 26.851230475543417, 48.152729707343212 ], [ 26.892601130454064, 48.15664685743554 ], [ 26.909365684021864, 48.150251060661283 ], [ 26.931438676974963, 48.130150481040282 ], [ 26.942355689505714, 48.134248794878665 ], [ 26.983364541690626, 48.103762954137309 ], [ 26.988856223823063, 48.096668446240706 ], [ 26.989370684035187, 48.096003678001573 ], [ 26.990616659891185, 48.089686873523213 ], [ 26.992737512408919, 48.078935053251222 ], [ 27.002579491589124, 48.08198971926182 ], [ 27.003269444108405, 48.082611714711717 ], [ 27.014372441157754, 48.092621863320758 ], [ 27.01547018995706, 48.093262527789783 ], [ 27.023633941547278, 48.09802643102082 ], [ 27.035793941544622, 48.090259272813952 ], [ 27.040404414536276, 48.078546558475253 ], [ 27.047425432940713, 48.0676443458431 ], [ 27.081574937746595, 48.057492384511349 ], [ 27.08123794201126, 48.048868911085016 ], [ 27.073465318362548, 48.044154141918817 ], [ 27.069584243081636, 48.04179982666804 ], [ 27.049929857627689, 48.041740257757013 ], [ 27.049857247541617, 48.039881073737568 ], [ 27.049686702821951, 48.035517961774268 ], [ 27.07662656880284, 48.023501570605909 ], [ 27.092910677455684, 48.019092040064251 ], [ 27.095151699877121, 48.018485286565621 ], [ 27.107814990405036, 48.024920445289361 ], [ 27.111653799216562, 48.023562898162162 ], [ 27.116282777704871, 48.021925996612538 ], [ 27.119970576587551, 48.019668719739343 ], [ 27.122870974024835, 48.017893192835082 ], [ 27.125172143735817, 48.016484638476015 ], [ 27.130241414119791, 48.011218575438825 ], [ 27.130120421871833, 48.010400102178558 ], [ 27.129397794811947, 48.005511096333599 ], [ 27.120290616689228, 47.998212404307822 ], [ 27.11850662985653, 47.996782708701112 ], [ 27.115706875492641, 47.99130690183987 ], [ 27.116984029702518, 47.986425267155305 ], [ 27.120694952363181, 47.972240461966308 ], [ 27.122186153936092, 47.966540354013283 ], [ 27.123807017702706, 47.964610212451532 ], [ 27.131671127402335, 47.955244961824334 ], [ 27.138888885994671, 47.946649578490252 ], [ 27.16202545777433, 47.931502966854922 ], [ 27.16228648141616, 47.931332305789155 ], [ 27.188018295882003, 47.920164533503971 ], [ 27.187728728312841, 47.912754571736606 ], [ 27.170708544147431, 47.908225720608229 ], [ 27.170454651625803, 47.907760159435689 ], [ 27.168645871793487, 47.90360151822059 ], [ 27.168326182809089, 47.902114771001145 ], [ 27.169306407062248, 47.899226729193686 ], [ 27.171083830768392, 47.895744165438195 ], [ 27.173399777919794, 47.892809233755393 ], [ 27.183179946860413, 47.895291232244269 ], [ 27.199359986663932, 47.899396968822778 ], [ 27.204158992333603, 47.8943612848581 ], [ 27.211978401845943, 47.886155935092589 ], [ 27.217295177932208, 47.877531198073491 ], [ 27.220586492034389, 47.872192579219636 ], [ 27.234211824651997, 47.876779748750081 ], [ 27.237758229566598, 47.873829597964786 ], [ 27.245431496257755, 47.867446390222575 ], [ 27.246102024160187, 47.858137122109412 ], [ 27.238839644657606, 47.849629266814496 ], [ 27.229532218099706, 47.84447002320681 ], [ 27.248307956869805, 47.833847840489163 ], [ 27.253388562685426, 47.830972330968756 ], [ 27.252811690612553, 47.830449795218541 ], [ 27.251262513450868, 47.829047232818695 ], [ 27.253412243512209, 47.828166438514764 ], [ 27.253356878307478, 47.826748699813017 ], [ 27.253332877160659, 47.826134852713899 ], [ 27.253170124715044, 47.821970086109495 ], [ 27.234980953859967, 47.806467952498387 ], [ 27.244707734301727, 47.797646924061489 ], [ 27.25659196047307, 47.792236395292996 ], [ 27.267751624468815, 47.787500427429407 ], [ 27.268592187281719, 47.786772684296011 ], [ 27.273595044684463, 47.78244115331605 ], [ 27.285359856715218, 47.77225441076726 ], [ 27.284358142106218, 47.767794404715538 ], [ 27.28480485362746, 47.73687659311183 ], [ 27.283736551087411, 47.730712566217591 ], [ 27.293961418840986, 47.725038019119836 ], [ 27.30594858094992, 47.722112839102181 ], [ 27.314647985829886, 47.718844668568259 ], [ 27.316303746910123, 47.718222447676261 ], [ 27.316702794523206, 47.718072716725842 ], [ 27.323961503327482, 47.709281799078362 ], [ 27.2909639504533, 47.696965484982726 ], [ 27.289218832176605, 47.696314017140601 ], [ 27.300834078343982, 47.689163101657421 ], [ 27.301784659817876, 47.688082873539138 ], [ 27.309883698359879, 47.678880140729014 ], [ 27.314055161540828, 47.674140145088678 ], [ 27.317759252050905, 47.668796003228699 ], [ 27.319731078033612, 47.665950949469497 ], [ 27.324776454249974, 47.658671735679874 ], [ 27.329092835546753, 47.650021528763567 ], [ 27.332737430195571, 47.645354036366584 ], [ 27.333455058968116, 47.644960673577081 ], [ 27.339590356460228, 47.641596763054075 ], [ 27.350154506596663, 47.635804140437344 ], [ 27.352716257149844, 47.633957028716416 ], [ 27.355083794676293, 47.632250074467173 ], [ 27.355621066493221, 47.630576116103427 ], [ 27.356158098723299, 47.628902792770674 ], [ 27.357305441277454, 47.625327658090605 ], [ 27.358310984865266, 47.622194608022319 ], [ 27.356343163587169, 47.6115404000209 ], [ 27.357972634947842, 47.609195351478014 ], [ 27.361111708278248, 47.604677984819197 ], [ 27.361533189265714, 47.604071531579734 ], [ 27.361289030456206, 47.597823439943994 ], [ 27.338133833964793, 47.595521986635795 ], [ 27.343869623120089, 47.579980447812979 ], [ 27.344874441194751, 47.577257827986955 ], [ 27.346364319812785, 47.573220853078759 ], [ 27.355569110879514, 47.561728998387593 ], [ 27.360849695161193, 47.555136151811908 ], [ 27.368258064068634, 47.54588692522551 ], [ 27.416357165397557, 47.49935906188847 ], [ 27.425488697070065, 47.490526006717467 ], [ 27.431046618294754, 47.485149496223798 ], [ 27.458179997250539, 47.464850976914761 ], [ 27.46725415693049, 47.462133210348782 ], [ 27.479327549322452, 47.458516913586443 ], [ 27.489157250205881, 47.455572790011928 ], [ 27.489179680107778, 47.45550043447431 ], [ 27.490065114710671, 47.452640268862062 ], [ 27.491787582125156, 47.44707656936523 ] ] ] } },
{ "type": "Feature", "properties": { "source": "https://simplemaps.com", "id": "ROIS", "name": "Iasi", "changing": false, "mainFeature": false, "color_id": 2, "new_color_id": 2 }, "geometry": { "type": "Polygon", "coordinates": [ [ [ 26.7137907984023, 47.331395629583795 ], [ 26.75500964822335, 47.356573821585314 ], [ 26.77025493475584, 47.376147130925318 ], [ 26.775737099025271, 47.386741575209726 ], [ 26.782688019852529, 47.392572454510351 ], [ 26.791787877923159, 47.395164663483641 ], [ 26.801517009957617, 47.39400875379512 ], [ 26.820378903011477, 47.384376484693192 ], [ 26.831219213186817, 47.379893295301372 ], [ 26.846504133614008, 47.376658484711236 ], [ 27.013947852973203, 47.369727368686668 ], [ 27.023922227764189, 47.366906920564382 ], [ 27.03260790849431, 47.362869939068084 ], [ 27.040780374262273, 47.357611575151097 ], [ 27.054982381891584, 47.343869055751433 ], [ 27.065110392783417, 47.335715931208277 ], [ 27.076959389048348, 47.329253866941507 ], [ 27.096002904857126, 47.324269024823067 ], [ 27.111256821100419, 47.325534675556099 ], [ 27.132580184273255, 47.32992482207969 ], [ 27.143030303669939, 47.335308607059716 ], [ 27.148102928000675, 47.342040282259156 ], [ 27.147351483478285, 47.3506027330263 ], [ 27.13059405220184, 47.37835669714115 ], [ 27.129068066402994, 47.38694948130626 ], [ 27.132770706083125, 47.394355279726078 ], [ 27.139997963792538, 47.40064076133649 ], [ 27.151069775044405, 47.406052110944152 ], [ 27.162577582258244, 47.406740153425481 ], [ 27.170409422782498, 47.404675683777825 ], [ 27.18639379001177, 47.39551798648079 ], [ 27.214105262351044, 47.390013413258089 ], [ 27.231785026211728, 47.384538838133921 ], [ 27.248406000345071, 47.377114570505277 ], [ 27.262253156109196, 47.374142808596808 ], [ 27.289426342074862, 47.373391280626954 ], [ 27.301364029268559, 47.37713960973128 ], [ 27.309388031384035, 47.383962795335158 ], [ 27.314394444998342, 47.400910953228987 ], [ 27.319799092198839, 47.408198552091882 ], [ 27.328417542434359, 47.414352187531456 ], [ 27.338149785904474, 47.41989330084435 ], [ 27.355702532413488, 47.4323432387163 ], [ 27.36704781920368, 47.436812894136494 ], [ 27.379453811762755, 47.436664215840601 ], [ 27.395472751179621, 47.433685169324583 ], [ 27.435942057528138, 47.431741764321394 ], [ 27.477465223798159, 47.443143850327502 ], [ 27.491669175346061, 47.447044225445005 ], [ 27.491787582125156, 47.44707656936523 ], [ 27.495769712069439, 47.434214325405428 ], [ 27.498676428021039, 47.427869001578031 ], [ 27.499826103497774, 47.424203946648731 ], [ 27.499265421402608, 47.415149690809891 ], [ 27.500888163608053, 47.411319974356459 ], [ 27.501159395797476, 47.410679865524706 ], [ 27.505015196222047, 47.408770822766456 ], [ 27.515282172029046, 47.407435914016894 ], [ 27.51582064746626, 47.407366045821391 ], [ 27.518376263015099, 47.406593858013196 ], [ 27.524556173657878, 47.379460081155841 ], [ 27.530390118985096, 47.364648139937657 ], [ 27.539170188335465, 47.358875194583753 ], [ 27.540675904360828, 47.357885261728377 ], [ 27.549523164079314, 47.356660344564766 ], [ 27.54967373927035, 47.356589010130016 ], [ 27.554397569567936, 47.354349435305764 ], [ 27.55822513922163, 47.351717550818897 ], [ 27.562913271811745, 47.349919834902224 ], [ 27.563931815010775, 47.349529380374108 ], [ 27.568706951496644, 47.349236986004172 ], [ 27.577751705419203, 47.348683347355539 ], [ 27.589624857446697, 47.347956506594407 ], [ 27.591196162469679, 47.348463971625883 ], [ 27.60128526753407, 47.345284222300592 ], [ 27.604683032231151, 47.344213303940428 ], [ 27.619426745460096, 47.337715774024971 ], [ 27.627194519099557, 47.332436456305707 ], [ 27.629095151689555, 47.331144893992622 ], [ 27.631819717207016, 47.329293111405768 ], [ 27.638565272541825, 47.319281096816056 ], [ 27.630182449207187, 47.315186900043827 ], [ 27.624459917141607, 47.307704906054241 ], [ 27.620237244038691, 47.297578511258813 ], [ 27.618909117165867, 47.293115037926391 ], [ 27.616784233434913, 47.285973859769939 ], [ 27.628734998134949, 47.278240630736455 ], [ 27.631564900994263, 47.276409357688195 ], [ 27.634135721812839, 47.274745721105241 ], [ 27.631887818664882, 47.267265208082883 ], [ 27.624980999729068, 47.244280795431912 ], [ 27.628199479857141, 47.242652822397211 ], [ 27.630930303179987, 47.241271443339322 ], [ 27.638775059536812, 47.237303181227851 ], [ 27.640261483126316, 47.236340527825504 ], [ 27.641034897695178, 47.235839702730281 ], [ 27.651104664838222, 47.229318434508642 ], [ 27.651990207086214, 47.228745042773802 ], [ 27.661757365277825, 47.211311695230378 ], [ 27.665126314142736, 47.205298719432783 ], [ 27.672061125123903, 47.192920929680419 ], [ 27.674518482902851, 47.188534671693873 ], [ 27.677193494779637, 47.185227858519546 ], [ 27.686851657919838, 47.173287874499763 ], [ 27.694492301885845, 47.170300156096147 ], [ 27.695869952043722, 47.170033924528298 ], [ 27.71934229328788, 47.165499194723267 ], [ 27.721337040940593, 47.165113889591538 ], [ 27.722878965152784, 47.164371511963779 ], [ 27.730153838731535, 47.160869480303035 ], [ 27.731743034147637, 47.160104486576905 ], [ 27.73884950426195, 47.155612234130537 ], [ 27.739111532444934, 47.155446551214752 ], [ 27.746931459345163, 47.151753551033771 ], [ 27.771760352651558, 47.146594411785323 ], [ 27.781890364977517, 47.138492842056529 ], [ 27.796438523010298, 47.119774870011938 ], [ 27.79875006958704, 47.11680084578196 ], [ 27.801291003948617, 47.113531657832411 ], [ 27.8005184786604, 47.107965401270512 ], [ 27.79956340615345, 47.101083939158876 ], [ 27.806814163627831, 47.091781883296107 ], [ 27.809708301891728, 47.088068914153148 ], [ 27.827040510705135, 47.071717299430702 ], [ 27.830987072521388, 47.067994044261454 ], [ 27.834098189524632, 47.065058937817845 ], [ 27.834256690514916, 47.06465778053628 ], [ 27.840694901079509, 47.048358046375022 ], [ 27.843530478772081, 47.041178960100659 ], [ 27.845063209586883, 47.037298672263475 ], [ 27.84679464656983, 47.036610387982101 ], [ 27.849173069556251, 47.028656661847769 ], [ 27.850504430763714, 47.025585143938869 ], [ 27.851829654500207, 47.022527894308013 ], [ 27.850832457492974, 47.020423240128089 ], [ 27.849856916195176, 47.018364367622922 ], [ 27.846692000375278, 47.017814380391584 ], [ 27.845954767948729, 47.017029842349388 ], [ 27.845295928318119, 47.016329161764283 ], [ 27.845053772964398, 47.013679537811164 ], [ 27.841590663914797, 47.013307049614063 ], [ 27.849996504762245, 47.004731792347108 ], [ 27.879813129928664, 46.992302587344469 ], [ 27.892639758197799, 46.986955833868258 ], [ 27.892465362842245, 46.982493138375418 ], [ 27.892374404035664, 46.98016551494478 ], [ 27.885994733568936, 46.973071292083389 ], [ 27.88672228110461, 46.972542491395579 ], [ 27.89031947297067, 46.969928540299094 ], [ 27.89728328988285, 46.968107945394834 ], [ 27.899738957862251, 46.967465938791278 ], [ 27.90704225553462, 46.963429310834961 ], [ 27.908851012263021, 46.962429595090796 ], [ 27.921700199992394, 46.951857630182374 ], [ 27.927357906475653, 46.947202579464488 ], [ 27.936881485616912, 46.939366746321497 ], [ 27.938513134221722, 46.938024271745817 ], [ 27.966315845580169, 46.924267384789758 ], [ 27.975523975766077, 46.918089503239457 ], [ 27.978511340592934, 46.916085112006193 ], [ 27.978258210681147, 46.901666369128591 ], [ 28.002503767113684, 46.897460842870551 ], [ 28.017540178802975, 46.890243093823116 ], [ 28.022548126909143, 46.887839268338084 ], [ 28.025550469362411, 46.886398059366606 ], [ 28.035901436820772, 46.882644284816799 ], [ 28.046967619507345, 46.87863116433941 ], [ 28.066953254808983, 46.884521506726244 ], [ 28.068363348266026, 46.881672869014459 ], [ 28.074988187086568, 46.868289036277758 ], [ 28.075293426352456, 46.867672480400891 ], [ 28.076373535351088, 46.866652906161796 ], [ 28.092567058307296, 46.851368885394301 ], [ 28.106216729223423, 46.838485759599592 ], [ 28.119186045527634, 46.820990271821437 ], [ 28.120962126917565, 46.81735543806473 ], [ 28.12900339234994, 46.800898255203002 ], [ 28.132788826580811, 46.793151205104465 ], [ 28.137334932233458, 46.783847277528118 ], [ 28.137698433327081, 46.781263297986776 ], [ 28.138375415145113, 46.776450776658983 ], [ 28.1387512926071, 46.773778439964303 ], [ 28.139449190883894, 46.768817174345024 ], [ 28.13980377448101, 46.766296688854965 ], [ 28.135644144125351, 46.759613372971991 ], [ 28.130643833424614, 46.751579447007067 ], [ 28.14701588140764, 46.743078858402214 ], [ 28.147083630390149, 46.740744856141795 ], [ 28.147178982965119, 46.737459400313789 ], [ 28.147346519615937, 46.731688464139232 ], [ 28.146964157419973, 46.729020760035908 ], [ 28.146292026905108, 46.724331352423462 ], [ 28.145640109511383, 46.719782936459666 ], [ 28.156411322901963, 46.709561842168533 ], [ 28.156120741269547, 46.70212603904173 ], [ 28.155987787670114, 46.701377828983162 ], [ 28.155672357479872, 46.6996027067404 ], [ 28.154014571586437, 46.690273325141952 ], [ 28.153689161119665, 46.690170467823364 ], [ 28.146044229754416, 46.687754168216721 ], [ 28.144430174936989, 46.687671545668806 ], [ 28.095623851687868, 46.685173506257783 ], [ 28.078298087433676, 46.678532629730704 ], [ 28.071153570977046, 46.674364315048848 ], [ 28.061868517443532, 46.671003525804871 ], [ 28.050075106337243, 46.670947253294152 ], [ 28.038150444494104, 46.675472944205872 ], [ 28.029336934862158, 46.681531950592706 ], [ 28.020206734921814, 46.68610363064299 ], [ 28.011716873432821, 46.687211030981253 ], [ 27.99926704817792, 46.682267462250095 ], [ 27.99545488697207, 46.67602949311847 ], [ 27.986286409135566, 46.671681556162333 ], [ 27.971986987299893, 46.67234375867821 ], [ 27.935612078216423, 46.682453536132549 ], [ 27.904493310880831, 46.69737429506138 ], [ 27.893577338073772, 46.699921128251034 ], [ 27.877721944918598, 46.699144458822936 ], [ 27.864539187623766, 46.700590485608046 ], [ 27.854532958735735, 46.706566706645141 ], [ 27.853415226599452, 46.71369557957717 ], [ 27.856347336576214, 46.721234876396501 ], [ 27.861639454884827, 46.729612944567279 ], [ 27.871314038492699, 46.749559285475158 ], [ 27.872673285385993, 46.760521583720752 ], [ 27.869440070538008, 46.770422265310025 ], [ 27.860993065841278, 46.776596247988344 ], [ 27.848650609219039, 46.77837137116358 ], [ 27.835219851795102, 46.772147326173865 ], [ 27.830067513667345, 46.763375946319528 ], [ 27.828908567340125, 46.753569377940373 ], [ 27.829326966495483, 46.744425125697397 ], [ 27.82617179229732, 46.739118282596465 ], [ 27.819492461261387, 46.738913872184206 ], [ 27.808201384152575, 46.745095558992382 ], [ 27.771419963711704, 46.780535991317372 ], [ 27.745031739029308, 46.801374453323227 ], [ 27.686740259122466, 46.83558687114305 ], [ 27.673589421186136, 46.840496615265209 ], [ 27.662444884253674, 46.841164734775688 ], [ 27.653977346036971, 46.834901941983652 ], [ 27.652405937502238, 46.827774814492862 ], [ 27.654639529681866, 46.820085290133896 ], [ 27.659167343940247, 46.812874966371815 ], [ 27.660413794030042, 46.805068937149173 ], [ 27.659457158418995, 46.796469698403641 ], [ 27.653937038774561, 46.782256708592683 ], [ 27.655596214611695, 46.777072037654428 ], [ 27.662300310800084, 46.773939816559896 ], [ 27.673424624365129, 46.772755119969894 ], [ 27.692080564959987, 46.773732839301694 ], [ 27.698242682254374, 46.772612770867902 ], [ 27.701217832023342, 46.769341913837224 ], [ 27.701191311349906, 46.763369713539959 ], [ 27.699045658644614, 46.757428631900666 ], [ 27.694142074650376, 46.751052382091736 ], [ 27.681728542204063, 46.747038148350072 ], [ 27.661827303135212, 46.745954145539727 ], [ 27.62415088282232, 46.751873918884613 ], [ 27.606378960903033, 46.757636624642089 ], [ 27.592907741381087, 46.758318132598703 ], [ 27.58594673279746, 46.752229082326103 ], [ 27.58131260022385, 46.744807919768938 ], [ 27.574039945952023, 46.737360625567518 ], [ 27.562791055345862, 46.731387454537867 ], [ 27.525534608869595, 46.72423258991094 ], [ 27.507996367057267, 46.724064632207089 ], [ 27.483674769903367, 46.728971258672814 ], [ 27.465845144543298, 46.734581004278155 ], [ 27.447081216782347, 46.73877934273532 ], [ 27.428190109381816, 46.739724274163294 ], [ 27.352747696617367, 46.733389418052553 ], [ 27.237605469263379, 46.743396487187098 ], [ 27.232853039124947, 46.756769753610108 ], [ 27.227467405682344, 46.765849574835705 ], [ 27.210931538161098, 46.787363016741082 ], [ 27.190275023011786, 46.807977499810605 ], [ 27.180050248656876, 46.820271663044771 ], [ 27.179063635190609, 46.830756755560344 ], [ 27.185960347910957, 46.840494275352945 ], [ 27.200099544898013, 46.848966193871057 ], [ 27.216827017346514, 46.854854632199576 ], [ 27.234985368471946, 46.858980493738677 ], [ 27.264675908322207, 46.863095212199013 ], [ 27.273832295806223, 46.867133407553929 ], [ 27.277361851119082, 46.874080470627931 ], [ 27.271979237150244, 46.883237712458957 ], [ 27.259169754022079, 46.894236481748806 ], [ 27.236769584661921, 46.908609735350424 ], [ 27.224912963701644, 46.918847291950328 ], [ 27.216011799693064, 46.929279839923822 ], [ 27.213124889448913, 46.938779023166603 ], [ 27.208927895911156, 46.947838152870766 ], [ 27.201486029186473, 46.955912222422448 ], [ 27.189270688962463, 46.960940447030211 ], [ 27.166716228394012, 46.963425014447679 ], [ 27.15049654145535, 46.961266297175932 ], [ 27.137069619905336, 46.956464210019874 ], [ 27.101461061117629, 46.930601419945667 ], [ 27.090619191789358, 46.924457086269243 ], [ 27.078406994534451, 46.921624517404176 ], [ 27.060783472022063, 46.923244166130452 ], [ 27.013780559262138, 46.932683035326797 ], [ 26.999444002754935, 46.931071251318485 ], [ 26.990072210876665, 46.925490192577449 ], [ 26.981313415323974, 46.909128104604697 ], [ 26.975335541719151, 46.903052412636946 ], [ 26.966374461291757, 46.900041094795249 ], [ 26.951793655973255, 46.900119587754581 ], [ 26.911400464361151, 46.907981412645128 ], [ 26.885901610870796, 46.918493628133909 ], [ 26.8282065773274, 46.952088045850772 ], [ 26.790299967771116, 46.967998050618824 ], [ 26.762014246766448, 46.974688642724871 ], [ 26.738746109230878, 46.97611496014747 ], [ 26.720092220898394, 46.975189035562479 ], [ 26.702702665166107, 46.976178930089091 ], [ 26.690042787812548, 46.981741765337233 ], [ 26.681747562938185, 46.995770545977109 ], [ 26.675238104439906, 47.011824152608028 ], [ 26.647468603845883, 47.063487405097419 ], [ 26.598439806518666, 47.116369387298292 ], [ 26.531054159592742, 47.165340022403903 ], [ 26.608151642128238, 47.174325405683 ], [ 26.618742547804224, 47.179341674597644 ], [ 26.627562290550713, 47.186676776435704 ], [ 26.622570754287054, 47.193931082753608 ], [ 26.562838584871063, 47.234948752791567 ], [ 26.552640487100525, 47.251896224785661 ], [ 26.557025325594047, 47.260878573368963 ], [ 26.573731987188815, 47.263587352661503 ], [ 26.678222197651579, 47.25097104564361 ], [ 26.699551951329436, 47.252878455405117 ], [ 26.708587697568575, 47.257800373971591 ], [ 26.713140583683913, 47.267112406307319 ], [ 26.715375470238115, 47.279307570483404 ], [ 26.726459743957182, 47.296949148816012 ], [ 26.729984739312798, 47.30774933238326 ], [ 26.728169094291381, 47.316870520690387 ], [ 26.7137907984023, 47.331395629583795 ] ] ] } },
{ "type": "Feature", "properties": { "source": "https://simplemaps.com", "id": "ROVS", "name": "Vaslui", "changing": false, "mainFeature": false, "color_id": 1, "new_color_id": 1 }, "geometry": { "type": "Polygon", "coordinates": [ [ [ 27.237605469263379, 46.743396487187098 ], [ 27.352747696617367, 46.733389418052553 ], [ 27.428190109381816, 46.739724274163294 ], [ 27.447081216782347, 46.73877934273532 ], [ 27.465845144543298, 46.734581004278155 ], [ 27.483674769903367, 46.728971258672814 ], [ 27.507996367057267, 46.724064632207089 ], [ 27.525534608869595, 46.72423258991094 ], [ 27.562791055345862, 46.731387454537867 ], [ 27.574039945952023, 46.737360625567518 ], [ 27.58131260022385, 46.744807919768938 ], [ 27.58594673279746, 46.752229082326103 ], [ 27.592907741381087, 46.758318132598703 ], [ 27.606378960903033, 46.757636624642089 ], [ 27.62415088282232, 46.751873918884613 ], [ 27.661827303135212, 46.745954145539727 ], [ 27.681728542204063, 46.747038148350072 ], [ 27.694142074650376, 46.751052382091736 ], [ 27.699045658644614, 46.757428631900666 ], [ 27.701191311349906, 46.763369713539959 ], [ 27.701217832023342, 46.769341913837224 ], [ 27.698242682254374, 46.772612770867902 ], [ 27.692080564959987, 46.773732839301694 ], [ 27.673424624365129, 46.772755119969894 ], [ 27.662300310800084, 46.773939816559896 ], [ 27.655596214611695, 46.777072037654428 ], [ 27.653937038774561, 46.782256708592683 ], [ 27.659457158418995, 46.796469698403641 ], [ 27.660413794030042, 46.805068937149173 ], [ 27.659167343940247, 46.812874966371815 ], [ 27.654639529681866, 46.820085290133896 ], [ 27.652405937502238, 46.827774814492862 ], [ 27.653977346036971, 46.834901941983652 ], [ 27.662444884253674, 46.841164734775688 ], [ 27.673589421186136, 46.840496615265209 ], [ 27.686740259122466, 46.83558687114305 ], [ 27.745031739029308, 46.801374453323227 ], [ 27.771419963711704, 46.780535991317372 ], [ 27.808201384152575, 46.745095558992382 ], [ 27.819492461261387, 46.738913872184206 ], [ 27.82617179229732, 46.739118282596465 ], [ 27.829326966495483, 46.744425125697397 ], [ 27.828908567340125, 46.753569377940373 ], [ 27.830067513667345, 46.763375946319528 ], [ 27.835219851795102, 46.772147326173865 ], [ 27.848650609219039, 46.77837137116358 ], [ 27.860993065841278, 46.776596247988344 ], [ 27.869440070538008, 46.770422265310025 ], [ 27.872673285385993, 46.760521583720752 ], [ 27.871314038492699, 46.749559285475158 ], [ 27.861639454884827, 46.729612944567279 ], [ 27.856347336576214, 46.721234876396501 ], [ 27.853415226599452, 46.71369557957717 ], [ 27.854532958735735, 46.706566706645141 ], [ 27.864539187623766, 46.700590485608046 ], [ 27.877721944918598, 46.699144458822936 ], [ 27.893577338073772, 46.699921128251034 ], [ 27.904493310880831, 46.69737429506138 ], [ 27.935612078216423, 46.682453536132549 ], [ 27.971986987299893, 46.67234375867821 ], [ 27.986286409135566, 46.671681556162333 ], [ 27.99545488697207, 46.67602949311847 ], [ 27.99926704817792, 46.682267462250095 ], [ 28.011716873432821, 46.687211030981253 ], [ 28.020206734921814, 46.68610363064299 ], [ 28.029336934862158, 46.681531950592706 ], [ 28.038150444494104, 46.675472944205872 ], [ 28.050075106337243, 46.670947253294152 ], [ 28.061868517443532, 46.671003525804871 ], [ 28.071153570977046, 46.674364315048848 ], [ 28.078298087433676, 46.678532629730704 ], [ 28.095623851687868, 46.685173506257783 ], [ 28.144430174936989, 46.687671545668806 ], [ 28.146044229754416, 46.687754168216721 ], [ 28.153689161119665, 46.690170467823364 ], [ 28.154014571586437, 46.690273325141952 ], [ 28.152607129375383, 46.682352780783745 ], [ 28.167777124989563, 46.653678309941178 ], [ 28.171836585147865, 46.648493597773069 ], [ 28.190574940526606, 46.624561127805656 ], [ 28.194118905958696, 46.62003481719816 ], [ 28.20624720715124, 46.604544599922036 ], [ 28.206204261637595, 46.603517755141986 ], [ 28.205567572332924, 46.588296166019305 ], [ 28.205461100178866, 46.585750815766445 ], [ 28.214406830801124, 46.572313225341581 ], [ 28.217513299175891, 46.567647069472038 ], [ 28.248879418120332, 46.520531702277886 ], [ 28.249652021447424, 46.519371094488974 ], [ 28.258412923361742, 46.506211172861356 ], [ 28.260992084178671, 46.498407240715963 ], [ 28.262674828266892, 46.493315565581831 ], [ 28.264526412247992, 46.491266410732223 ], [ 28.265929834264202, 46.489713386520471 ], [ 28.266438236512542, 46.489150556846596 ], [ 28.266922786377432, 46.486619720117027 ], [ 28.267171313014373, 46.485321656157538 ], [ 28.26775677877815, 46.482261923407847 ], [ 28.267782008985737, 46.48194760793173 ], [ 28.267875284901269, 46.480774201925257 ], [ 28.267788732171656, 46.480006858845542 ], [ 28.267783341472544, 46.479958534445068 ], [ 28.267726522423491, 46.479451905094926 ], [ 28.268451286380987, 46.477459612322001 ], [ 28.269449472584789, 46.474717112185566 ], [ 28.270664921643444, 46.4713755975963 ], [ 28.271680229363625, 46.469827230758185 ], [ 28.272894969917186, 46.46760712321209 ], [ 28.273916990062407, 46.465052680046249 ], [ 28.27408601624775, 46.46411535025905 ], [ 28.274157164243942, 46.46372077559883 ], [ 28.274116289626672, 46.462520575943017 ], [ 28.274046521664626, 46.461593506070258 ], [ 28.273682477512967, 46.456772034822961 ], [ 28.273384785419733, 46.456427359229245 ], [ 28.271243321948027, 46.453947166988243 ], [ 28.271047309884757, 46.453720156410114 ], [ 28.269402592308889, 46.452969533178056 ], [ 28.26926742105789, 46.450477007547647 ], [ 28.262237143480178, 46.439968860529596 ], [ 28.261361690653839, 46.43896230534925 ], [ 28.25173228064601, 46.42789008300246 ], [ 28.250395349251818, 46.424528534887237 ], [ 28.246297490629896, 46.414225145070404 ], [ 28.247595133008822, 46.41072654355235 ], [ 28.247697829637275, 46.41044980857238 ], [ 28.248976776190702, 46.407781650782653 ], [ 28.253970521036074, 46.39736336437241 ], [ 28.254145243521407, 46.396998910408577 ], [ 28.244627416818219, 46.39297493717315 ], [ 28.240666590292882, 46.385579211201822 ], [ 28.240053968529661, 46.379093083567696 ], [ 28.238039107412735, 46.357761254301501 ], [ 28.237138183824754, 46.348223056158695 ], [ 28.237732343696877, 46.345503231758897 ], [ 28.238892937136775, 46.340190316462603 ], [ 28.245552396279233, 46.330356718906138 ], [ 28.251214349764997, 46.321996085597405 ], [ 28.252296135141872, 46.321261595131745 ], [ 28.255093570979056, 46.319362253818632 ], [ 28.259364104846217, 46.32012615578688 ], [ 28.262784437506483, 46.318984037715971 ], [ 28.263190473132784, 46.315646516766954 ], [ 28.263802130382413, 46.310618011993085 ], [ 28.263699902311956, 46.307757288644268 ], [ 28.26341536093685, 46.299795804273728 ], [ 28.263084117351859, 46.290527238068144 ], [ 28.262694718669785, 46.279631789834184 ], [ 28.261182207590643, 46.2713646835359 ], [ 28.25505059276859, 46.264002001002922 ], [ 28.240710364685054, 46.259649404805877 ], [ 28.243889660898283, 46.253069558991896 ], [ 28.247408852987611, 46.24578633236451 ], [ 28.245265589201757, 46.243377042360507 ], [ 28.242540562114979, 46.240313647382386 ], [ 28.24067296208915, 46.239824730023862 ], [ 28.23553123241204, 46.238478713208742 ], [ 28.233344522128473, 46.237906343644099 ], [ 28.2321162585793, 46.23711249897832 ], [ 28.226553379776298, 46.233517292108075 ], [ 28.224268289798886, 46.223594699506712 ], [ 28.220172816319028, 46.205810845665816 ], [ 28.21961277567344, 46.203378968150105 ], [ 28.219577502270742, 46.203225807212384 ], [ 28.214661408201898, 46.199177087161416 ], [ 28.206254197027903, 46.197536229121198 ], [ 28.202519023655324, 46.196807301363989 ], [ 28.20204056203778, 46.195539223043419 ], [ 28.20021127388538, 46.190691233582697 ], [ 28.199807563993701, 46.189621288202325 ], [ 28.200831586969706, 46.183157403258456 ], [ 28.202495324362136, 46.172654952178597 ], [ 28.203043265450418, 46.16919640801764 ], [ 28.203493473498263, 46.156896170902321 ], [ 28.201809183074676, 46.153497086521156 ], [ 28.198167749198273, 46.148372511151322 ], [ 28.191659620013155, 46.139213715087458 ], [ 28.187471142643918, 46.13331933199904 ], [ 28.186992046133366, 46.133019066183394 ], [ 28.175118876967769, 46.125579174291417 ], [ 28.16553411000039, 46.12248875972459 ], [ 28.154079120812856, 46.12050571189318 ], [ 28.145889990375135, 46.117815725814076 ], [ 28.144230118192578, 46.117270492389963 ], [ 28.140051475945803, 46.110854506819614 ], [ 28.139828770610723, 46.110512562818862 ], [ 28.140862313718813, 46.104039701678545 ], [ 28.142038760494483, 46.096672098469412 ], [ 28.142570927056166, 46.093339141797372 ], [ 28.139983757500065, 46.088010095402659 ], [ 28.128646179543274, 46.086384529547551 ], [ 28.118751582644752, 46.083706496430167 ], [ 28.119091015868921, 46.082876325357894 ], [ 28.119397909948095, 46.082125206233755 ], [ 28.119462584136215, 46.080476448056025 ], [ 28.118656310621187, 46.077898485449545 ], [ 28.117957181838651, 46.076312730464281 ], [ 28.118305286652241, 46.074531964006113 ], [ 28.1309199159776, 46.058953109197795 ], [ 28.132312157416393, 46.057233790276044 ], [ 28.135819208304255, 46.052902626280918 ], [ 28.141890910937672, 46.046821460574407 ], [ 28.147193499155307, 46.040122446231891 ], [ 28.147509164172451, 46.039723718842886 ], [ 28.147982181549352, 46.038259911032661 ], [ 28.150369636403013, 46.030871907409235 ], [ 28.148501748949933, 46.027431200486646 ], [ 28.146562294484912, 46.023858654482737 ], [ 28.143576700285077, 46.018359059559522 ], [ 28.137998205021375, 46.00808322827524 ], [ 28.137540867231255, 46.006453912309098 ], [ 28.133154562994942, 45.990827160187187 ], [ 28.133146428572665, 45.990798184532643 ], [ 28.131149094182863, 45.983682448175919 ], [ 28.130450031091254, 45.982406309665031 ], [ 28.131264578719357, 45.980917203667211 ], [ 28.131945960325943, 45.979671635547327 ], [ 28.133179723213306, 45.97929568439411 ], [ 28.132998240061049, 45.977724585666707 ], [ 28.132551123555068, 45.973850557418537 ], [ 28.128634910326223, 45.968453855691635 ], [ 28.12531110219015, 45.961672975751036 ], [ 28.124851984987856, 45.960680146567917 ], [ 28.124412530196167, 45.959729568156064 ], [ 28.123889995425575, 45.95859913306203 ], [ 28.123252116383533, 45.956258720540426 ], [ 28.123160985525093, 45.955924059741818 ], [ 28.122953589765629, 45.955162559058351 ], [ 28.122868323136693, 45.954850136429712 ], [ 28.120912776029016, 45.952850999198894 ], [ 28.116479722295271, 45.951220350025643 ], [ 28.114578890717194, 45.951005867853326 ], [ 28.113161245646946, 45.950845959748733 ], [ 28.112989684705365, 45.950532772988076 ], [ 28.110097676935339, 45.945253458813738 ], [ 28.109523456484027, 45.945067419867456 ], [ 28.10848780291559, 45.944731955713877 ], [ 28.105961695683067, 45.943913721420586 ], [ 28.072757802704974, 45.939884489164925 ], [ 28.057696955357883, 45.94091266480909 ], [ 28.032456992795606, 45.946139625379331 ], [ 27.996235241475688, 45.961492521301956 ], [ 27.921715597208287, 45.981419032348938 ], [ 27.90747083409315, 45.982156641480124 ], [ 27.891578459122648, 45.977787087779284 ], [ 27.881440180834286, 45.972442836480653 ], [ 27.873532743088344, 45.964632449869377 ], [ 27.862914670810479, 45.950980630813142 ], [ 27.856624955931213, 45.944865400740213 ], [ 27.847954519111028, 45.941351381784507 ], [ 27.837671686208992, 45.941572182954729 ], [ 27.830926685247032, 45.947627939855984 ], [ 27.829515249577526, 45.955181906476184 ], [ 27.82935116047145, 45.962893932172733 ], [ 27.821531874013679, 45.969250264061728 ], [ 27.806047287997291, 45.973992652589239 ], [ 27.635285678209986, 45.99527521509102 ], [ 27.621273607870641, 45.990056452951158 ], [ 27.617151625952289, 45.983830596467023 ], [ 27.618495283459861, 45.975865554622416 ], [ 27.637942899783663, 45.948135830460252 ], [ 27.643160517222896, 45.938726475943987 ], [ 27.646061535723298, 45.929588668789606 ], [ 27.645387499217566, 45.920280301579453 ], [ 27.638604503690296, 45.893601384312589 ], [ 27.637849291524603, 45.878245422079821 ], [ 27.635449497926061, 45.872417735766106 ], [ 27.631870951082004, 45.8681876001802 ], [ 27.626337080455801, 45.865533639829643 ], [ 27.619160723467317, 45.86452116611828 ], [ 27.609295306027921, 45.870129986647548 ], [ 27.600849588733634, 45.88163065802857 ], [ 27.589747179449713, 45.907198389853868 ], [ 27.581260561152437, 45.936180594627459 ], [ 27.570014432030138, 45.954100022213517 ], [ 27.536692897608589, 45.988086600851489 ], [ 27.525170438059952, 46.034667407678867 ], [ 27.523291961218732, 46.161289576138849 ], [ 27.513799496248872, 46.208204828606952 ], [ 27.493548169066372, 46.270951695936766 ], [ 27.458725141065539, 46.334009539300425 ], [ 27.3596375261757, 46.463706270978875 ], [ 27.355867962618007, 46.486350060370093 ], [ 27.360163842424441, 46.508937148677809 ], [ 27.360507706252676, 46.533618042803305 ], [ 27.349221029164344, 46.55182344805926 ], [ 27.330890912963223, 46.567123653319378 ], [ 27.286324515444164, 46.595240291275395 ], [ 27.273244751426933, 46.605939381303372 ], [ 27.26730861742703, 46.612842746448315 ], [ 27.253702050972851, 46.625941456442732 ], [ 27.26548114479716, 46.641512952915164 ], [ 27.265609200172989, 46.652730343351706 ], [ 27.262822642263838, 46.66876770914233 ], [ 27.242108355736608, 46.711725702062147 ], [ 27.237605469263379, 46.743396487187098 ] ] ] } },
{ "type": "Feature", "properties": { "source": "https://simplemaps.com", "id": "ROCL", "name": "Calarasi", "changing": false, "mainFeature": false, "color_id": 1, "new_color_id": 1 }, "geometry": { "type": "Polygon", "coordinates": [ [ [ 27.176991616435949, 44.006479664978045 ], [ 27.152554341083725, 44.005779537751522 ], [ 27.131716123155467, 44.015127055420642 ], [ 27.027075128050306, 44.03447229003033 ], [ 26.95564142349567, 44.069844681767663 ], [ 26.92925353496674, 44.058929545672221 ], [ 26.811599247643386, 44.054942209302723 ], [ 26.715416260146071, 44.018103921788402 ], [ 26.679376742852824, 44.011651478534986 ], [ 26.634400897035881, 44.013408999402301 ], [ 26.622858728797311, 44.011842841767354 ], [ 26.602625365358723, 44.003583264143543 ], [ 26.593047522721886, 44.001992574562038 ], [ 26.572945731403149, 44.001071266895885 ], [ 26.539048729096365, 43.993862752333371 ], [ 26.339999788010203, 43.980558386160112 ], [ 26.339958250356155, 43.98100727906585 ], [ 26.338685636909581, 43.994761509607365 ], [ 26.342646135972238, 44.004794946070575 ], [ 26.350111481738335, 44.017173523108525 ], [ 26.380289700394385, 44.045679072992733 ], [ 26.387165731845315, 44.058856733703102 ], [ 26.390297065686084, 44.075464415017521 ], [ 26.388619016672344, 44.100017462659387 ], [ 26.38125622917142, 44.122025919256743 ], [ 26.368333131096453, 44.142027773219347 ], [ 26.346263374658321, 44.160887159888738 ], [ 26.259086744819918, 44.202330943645997 ], [ 26.214403129623243, 44.243329365597909 ], [ 26.2261261048771, 44.269375540493542 ], [ 26.252977400267678, 44.29744244401401 ], [ 26.279851583338726, 44.320802105332255 ], [ 26.297676809731978, 44.332284588711524 ], [ 26.316216282132483, 44.340869149236568 ], [ 26.377310226161072, 44.358521667693225 ], [ 26.388960748674947, 44.366832210198794 ], [ 26.396110778931963, 44.375111753782527 ], [ 26.400444123937998, 44.382777154618601 ], [ 26.399886527918891, 44.388358626999064 ], [ 26.394159323526853, 44.392668027098338 ], [ 26.375850792757138, 44.397934234743964 ], [ 26.361985956857016, 44.404423466325724 ], [ 26.35267809118842, 44.412389428965795 ], [ 26.35425988495151, 44.425075702341381 ], [ 26.358212803788689, 44.430946018145711 ], [ 26.376213651453611, 44.43898245007798 ], [ 26.353176688128421, 44.452941019134364 ], [ 26.322135124054899, 44.465867593375258 ], [ 26.313794082661776, 44.474752661417845 ], [ 26.311321460500015, 44.482942756939345 ], [ 26.313521409937756, 44.491596796306091 ], [ 26.316946503446108, 44.499840853207132 ], [ 26.322535355863231, 44.507871310036933 ], [ 26.328914004984519, 44.514939637917472 ], [ 26.337529427756678, 44.521015821079082 ], [ 26.377796491162048, 44.539042564811325 ], [ 26.3843557057819, 44.544113109073578 ], [ 26.389078802643827, 44.552487531486825 ], [ 26.386550700636448, 44.559257660337451 ], [ 26.378097463794809, 44.566595515870141 ], [ 26.317806319683854, 44.593309542810552 ], [ 26.308100313221843, 44.602997704929273 ], [ 26.306107555461242, 44.611556908382319 ], [ 26.306276546619465, 44.619850919870856 ], [ 26.303632834638012, 44.627633785791666 ], [ 26.29675562929993, 44.638245958667625 ], [ 26.294750752671519, 44.646495279546912 ], [ 26.294612842104957, 44.662817141870576 ], [ 26.289219623666, 44.667733826377983 ], [ 26.27957221341072, 44.670981039949417 ], [ 26.23956410818375, 44.676785324339264 ], [ 26.221140226255677, 44.681745901200976 ], [ 26.257850837278546, 44.704048817036828 ], [ 26.292430898331414, 44.714178626449467 ], [ 26.306719053279291, 44.714551260038313 ], [ 26.317620879903682, 44.711642866675128 ], [ 26.340702866791869, 44.701483591766191 ], [ 26.363122623716691, 44.699521597054392 ], [ 26.374413411687705, 44.702596958955084 ], [ 26.383962300800444, 44.70873991736223 ], [ 26.392198972227284, 44.715710281370718 ], [ 26.405982893916711, 44.723032205762152 ], [ 26.419398110570416, 44.724887144549584 ], [ 26.473378483502238, 44.719312625540084 ], [ 26.488057178755113, 44.72173865130943 ], [ 26.501416316531426, 44.72612964352939 ], [ 26.512386820803616, 44.731596416714531 ], [ 26.519406726901629, 44.736545505181915 ], [ 26.532586069109882, 44.752217402375237 ], [ 26.559238772003514, 44.773879197997914 ], [ 26.581388158196358, 44.764997927638504 ], [ 26.614387107629899, 44.742608195599196 ], [ 26.631910786466037, 44.738432705334958 ], [ 26.655870509349953, 44.736177486033576 ], [ 26.721755818010269, 44.737481790020311 ], [ 26.781356085841264, 44.727498639969781 ], [ 26.791766940641512, 44.723937091834394 ], [ 26.803606343387539, 44.721199121344519 ], [ 26.818318822264562, 44.720520583952698 ], [ 26.853568073711681, 44.723953006001892 ], [ 26.872756863819056, 44.722685987230889 ], [ 26.89612192453604, 44.715799770613387 ], [ 26.925031351774429, 44.701249543991217 ], [ 26.938659028780997, 44.696631464805932 ], [ 26.952956468205546, 44.695917802886157 ], [ 26.967289479950484, 44.70140856925152 ], [ 26.977508472074437, 44.708818305004023 ], [ 26.989968368047023, 44.714019965891588 ], [ 27.005823823555993, 44.714796935074489 ], [ 27.028761480557069, 44.708884159177849 ], [ 27.044497353166385, 44.702632093065262 ], [ 27.057730476501959, 44.695857444354864 ], [ 27.066967331235521, 44.688721605203156 ], [ 27.072116803991605, 44.681538687698158 ], [ 27.073397533243622, 44.67461037339843 ], [ 27.072516577979751, 44.667947578981988 ], [ 27.070418530517511, 44.661901215729365 ], [ 27.070051796815697, 44.656485624071436 ], [ 27.071417283880329, 44.65172610612283 ], [ 27.075181093020053, 44.648786347812234 ], [ 27.082280763168768, 44.647836571136139 ], [ 27.08898433374814, 44.648660755710097 ], [ 27.117707539852162, 44.655812841507988 ], [ 27.140789706569294, 44.658892766842243 ], [ 27.150382591176097, 44.662189950267773 ], [ 27.154885529851978, 44.666254531524999 ], [ 27.15107377114397, 44.671937191487359 ], [ 27.143976569331603, 44.67692065492043 ], [ 27.133335563792276, 44.682533814707817 ], [ 27.126867083692687, 44.687725418952574 ], [ 27.127563906828371, 44.693645717057208 ], [ 27.131449210609038, 44.697786105421486 ], [ 27.153760394753284, 44.704956278614262 ], [ 27.235339086714252, 44.677746441485652 ], [ 27.251087514745112, 44.675786237805291 ], [ 27.270932294455509, 44.675424595373606 ], [ 27.29423362989705, 44.682788637481337 ], [ 27.311590171098686, 44.686247601279206 ], [ 27.325000825630912, 44.684016828615391 ], [ 27.337057214817147, 44.678891368036048 ], [ 27.364533250262664, 44.670008627141897 ], [ 27.637365857045953, 44.653606746134486 ], [ 27.676528148127616, 44.657920109093034 ], [ 27.699206153187411, 44.662567489016531 ], [ 27.717132372312346, 44.668693506429747 ], [ 27.739550220681956, 44.673299568164843 ], [ 27.785852901058913, 44.67505836143733 ], [ 27.807177361048641, 44.671535950414381 ], [ 27.824363485988506, 44.662693211968623 ], [ 27.83196332833116, 44.654690728791316 ], [ 27.861737428111461, 44.633151208006737 ], [ 27.845379494330849, 44.62745523553658 ], [ 27.833897301591083, 44.616836451552508 ], [ 27.826547506379978, 44.603444836403284 ], [ 27.8334258511676, 44.584920313042375 ], [ 27.846773011174335, 44.566505323998179 ], [ 27.864054046662442, 44.552151065150092 ], [ 27.882688672022937, 44.545966822421939 ], [ 27.90763177346313, 44.542406508282959 ], [ 27.925013115908847, 44.534590212297203 ], [ 27.976137646740007, 44.490340808253357 ], [ 27.979669006165217, 44.48410014603715 ], [ 27.978382393310799, 44.474996746614025 ], [ 27.971883445291084, 44.45161652509347 ], [ 27.964822783830247, 44.441652899345037 ], [ 27.963591430698298, 44.406172107394262 ], [ 27.956934553654641, 44.397278492810649 ], [ 27.945492846877606, 44.39431224166848 ], [ 27.948487934635249, 44.386257077609542 ], [ 27.961225349502172, 44.376062382694769 ], [ 27.983137866543647, 44.366414355152848 ], [ 28.007262352229056, 44.359110606161558 ], [ 28.026219602731256, 44.355887671049246 ], [ 28.033193719766288, 44.347754360400081 ], [ 28.041309316577646, 44.329129681161646 ], [ 28.04731623024562, 44.308156747950164 ], [ 28.047962281259622, 44.29292704330183 ], [ 28.036021692901127, 44.281163058367078 ], [ 27.993599710774635, 44.258281611175839 ], [ 27.984212943224971, 44.250994405287493 ], [ 27.957108497124558, 44.208508663738911 ], [ 27.925918609368068, 44.159407950851076 ], [ 27.899012999838497, 44.136566829914315 ], [ 27.864933552472387, 44.123366333456715 ], [ 27.718864148578991, 44.102906091484449 ], [ 27.682464945977948, 44.08327990083697 ], [ 27.661820540842999, 44.075088282705693 ], [ 27.620561230047848, 44.071373627156767 ], [ 27.536790657925522, 44.07557798174625 ], [ 27.497520548428202, 44.067183044950262 ], [ 27.443649140562993, 44.046430022191743 ], [ 27.434330173034144, 44.039553988448503 ], [ 27.426519074143059, 44.030239803390096 ], [ 27.408519430899897, 44.02091049145703 ], [ 27.38765313195238, 44.013658286480137 ], [ 27.371038618609798, 44.010661326314029 ], [ 27.219390416950663, 44.034041385175975 ], [ 27.204371415239564, 44.025552351726326 ], [ 27.191675833424171, 44.018290952269069 ], [ 27.178616493014907, 44.005691163633912 ], [ 27.178487522630537, 44.005566825355672 ], [ 27.176991616435949, 44.006479664978045 ] ] ] } },
{ "type": "Feature", "properties": { "source": "https://simplemaps.com", "id": "ROHR", "name": "Harghita", "changing": false, "mainFeature": false, "color_id": 3, "new_color_id": 3 }, "geometry": { "type": "Polygon", "coordinates": [ [ [ 25.53390304535753, 47.023345484665988 ], [ 25.544593044892487, 47.023345484665988 ], [ 25.555283044427441, 47.023345484665988 ], [ 25.565973043962394, 47.027621484479965 ], [ 25.566409586243097, 47.028203540854236 ], [ 25.572491313812904, 47.023498746171292 ], [ 25.5819421868399, 47.013898250538539 ], [ 25.593817952476495, 47.004151129759997 ], [ 25.609340440409074, 46.996407859877529 ], [ 25.624927917761624, 46.994298871554257 ], [ 25.64581733507725, 46.995525319407179 ], [ 25.66019528106273, 46.998195779749572 ], [ 25.712969619839321, 47.001460328852652 ], [ 25.714603743475543, 47.023427320940577 ], [ 25.727078098002803, 47.04884955493965 ], [ 25.740452730013889, 47.065548251462474 ], [ 25.786395496662792, 47.100445409466786 ], [ 25.801951090482049, 47.109430859192557 ], [ 25.841717289534714, 47.125227560555992 ], [ 25.859162065076411, 47.13491483604524 ], [ 25.867038892738705, 47.144588295995909 ], [ 25.869367331516244, 47.153883725267484 ], [ 25.867522428945794, 47.162256178412441 ], [ 25.860371207453234, 47.169827550048808 ], [ 25.840730184472267, 47.183343140368116 ], [ 25.823888065319476, 47.200989828543534 ], [ 25.821370047664445, 47.208018128570686 ], [ 25.825774633904189, 47.213534891062466 ], [ 25.833653340268928, 47.21664014662381 ], [ 25.844354335061837, 47.216532396378589 ], [ 25.856614036586599, 47.212640035083439 ], [ 25.870063760525596, 47.206115324634354 ], [ 25.914318709075086, 47.175321757049439 ], [ 25.926829910649879, 47.168601116131107 ], [ 25.939632021078083, 47.166678573514595 ], [ 25.957376641160163, 47.16815728140412 ], [ 26.031307491941575, 47.188747345695319 ], [ 26.045951007152766, 47.1889507181399 ], [ 26.059924852227422, 47.185250118108378 ], [ 26.072089711884292, 47.178930796203332 ], [ 26.088358961480843, 47.174416418955772 ], [ 26.107446489212144, 47.173205042551359 ], [ 26.159440652775601, 47.180326913474239 ], [ 26.271840338988707, 47.175572730917523 ], [ 26.308485555313585, 47.180320724856095 ], [ 26.403455615669767, 47.209940543567804 ], [ 26.426221932550952, 47.212877792821054 ], [ 26.446247011459732, 47.211836708302748 ], [ 26.465809740703364, 47.208227904997692 ], [ 26.482856758026426, 47.20244196216219 ], [ 26.497113701364533, 47.194075722515777 ], [ 26.531054159592742, 47.165340022403903 ], [ 26.598439806518666, 47.116369387298292 ], [ 26.647468603845883, 47.063487405097419 ], [ 26.675238104439906, 47.011824152608028 ], [ 26.681747562938185, 46.995770545977109 ], [ 26.690042787812548, 46.981741765337233 ], [ 26.702702665166107, 46.976178930089091 ], [ 26.720092220898394, 46.975189035562479 ], [ 26.738746109230878, 46.97611496014747 ], [ 26.762014246766448, 46.974688642724871 ], [ 26.790299967771116, 46.967998050618824 ], [ 26.8282065773274, 46.952088045850772 ], [ 26.885901610870796, 46.918493628133909 ], [ 26.911400464361151, 46.907981412645128 ], [ 26.951793655973255, 46.900119587754581 ], [ 26.966374461291757, 46.900041094795249 ], [ 26.975335541719151, 46.903052412636946 ], [ 26.981313415323974, 46.909128104604697 ], [ 26.990072210876665, 46.925490192577449 ], [ 26.999444002754935, 46.931071251318485 ], [ 27.013780559262138, 46.932683035326797 ], [ 27.060783472022063, 46.923244166130452 ], [ 27.078406994534451, 46.921624517404176 ], [ 27.090619191789358, 46.924457086269243 ], [ 27.101461061117629, 46.930601419945667 ], [ 27.137069619905336, 46.956464210019874 ], [ 27.15049654145535, 46.961266297175932 ], [ 27.166716228394012, 46.963425014447679 ], [ 27.189270688962463, 46.960940447030211 ], [ 27.201486029186473, 46.955912222422448 ], [ 27.208927895911156, 46.947838152870766 ], [ 27.213124889448913, 46.938779023166603 ], [ 27.216011799693064, 46.929279839923822 ], [ 27.224912963701644, 46.918847291950328 ], [ 27.236769584661921, 46.908609735350424 ], [ 27.259169754022079, 46.894236481748806 ], [ 27.271979237150244, 46.883237712458957 ], [ 27.277361851119082, 46.874080470627931 ], [ 27.273832295806223, 46.867133407553929 ], [ 27.264675908322207, 46.863095212199013 ], [ 27.234985368471946, 46.858980493738677 ], [ 27.216827017346514, 46.854854632199576 ], [ 27.200099544898013, 46.848966193871057 ], [ 27.185960347910957, 46.840494275352945 ], [ 27.179063635190609, 46.830756755560344 ], [ 27.180050248656876, 46.820271663044771 ], [ 27.190275023011786, 46.807977499810605 ], [ 27.210931538161098, 46.787363016741082 ], [ 27.227467405682344, 46.765849574835705 ], [ 27.232853039124947, 46.756769753610108 ], [ 27.237605469263379, 46.743396487187098 ], [ 27.242108355736608, 46.711725702062147 ], [ 27.262822642263838, 46.66876770914233 ], [ 27.265609200172989, 46.652730343351706 ], [ 27.26548114479716, 46.641512952915164 ], [ 27.253702050972851, 46.625941456442732 ], [ 27.213770286529932, 46.613848816186824 ], [ 27.185423844148954, 46.620309041746118 ], [ 27.17505033013839, 46.624825925097355 ], [ 27.094633519314879, 46.640742197860988 ], [ 27.07056057582767, 46.641424311128496 ], [ 26.999576894155265, 46.636699263328602 ], [ 26.979974748156256, 46.647239626570375 ], [ 26.966859503833746, 46.658353895485185 ], [ 26.961048441460829, 46.668458593061885 ], [ 26.960389368000474, 46.675414300494268 ], [ 26.962805323139847, 46.68165516509444 ], [ 26.961863649080897, 46.689319991294674 ], [ 26.956442691887169, 46.697496106993043 ], [ 26.936719922421354, 46.70892027226715 ], [ 26.925892282949007, 46.709757075653471 ], [ 26.920337218388031, 46.70656090200103 ], [ 26.921442889534308, 46.699122419778412 ], [ 26.921763878056037, 46.691455840600838 ], [ 26.918962459305245, 46.683290813087496 ], [ 26.912644475138993, 46.676452574109923 ], [ 26.885195949422535, 46.662217286601511 ], [ 26.879992622927166, 46.656111283705329 ], [ 26.878906315917746, 46.648163642075438 ], [ 26.880902091577845, 46.639681847143116 ], [ 26.879971713927251, 46.631754014298181 ], [ 26.874094245990413, 46.624277949526039 ], [ 26.862523415352513, 46.61800701001512 ], [ 26.846327292904654, 46.613804574937696 ], [ 26.830376480086791, 46.614557086138419 ], [ 26.818163186002231, 46.619637081132083 ], [ 26.788187322696977, 46.636012989610549 ], [ 26.76195276310473, 46.643580108776163 ], [ 26.742853319569665, 46.64316293946721 ], [ 26.73067376715607, 46.638519018568743 ], [ 26.721299007654387, 46.624921985936105 ], [ 26.712961132651511, 46.618007555717348 ], [ 26.650713649314419, 46.602597998817622 ], [ 26.636361505319844, 46.596616863178319 ], [ 26.616283139451145, 46.580412845266146 ], [ 26.607550129527073, 46.575297974181609 ], [ 26.594811107986025, 46.574864925658538 ], [ 26.553922933724852, 46.581970440477342 ], [ 26.518224325827308, 46.577624994512639 ], [ 26.480231582514985, 46.579419919946858 ], [ 26.469275811498935, 46.576977776210036 ], [ 26.460167242769828, 46.571515692733833 ], [ 26.451923742192843, 46.563046091826159 ], [ 26.442473245284162, 46.555451144937727 ], [ 26.432339000943443, 46.550210160564198 ], [ 26.414918335660058, 46.549080839870882 ], [ 26.335803370519525, 46.551991485450934 ], [ 26.324412573723158, 46.55429827713197 ], [ 26.322088382203479, 46.558345478507505 ], [ 26.323227693767528, 46.563679367803601 ], [ 26.3259726186031, 46.570398573044848 ], [ 26.326719854101121, 46.577609632314612 ], [ 26.324517726990916, 46.584780806846311 ], [ 26.31921535086104, 46.59202136152571 ], [ 26.312830593673784, 46.599355821693322 ], [ 26.302445324442051, 46.615483270339055 ], [ 26.295785447443563, 46.621070304915733 ], [ 26.281220226561931, 46.625518131303252 ], [ 26.269388487141047, 46.624480811694553 ], [ 26.258072451517926, 46.620759858807688 ], [ 26.195307379586591, 46.592105321852102 ], [ 26.169247949035913, 46.585624976236289 ], [ 26.149793261326433, 46.58405797799297 ], [ 26.13655160695216, 46.58664398387009 ], [ 26.108444290895857, 46.599223262641154 ], [ 26.085828741868539, 46.604114976404539 ], [ 26.071824032053293, 46.604377906507906 ], [ 26.034984534352127, 46.598628929938762 ], [ 25.953940820229008, 46.615707382838103 ], [ 25.944253612172052, 46.613965617483053 ], [ 25.933527980329135, 46.609471808872684 ], [ 25.93348366107341, 46.600397331332715 ], [ 25.939010739749804, 46.579055436293302 ], [ 25.940049811083629, 46.569912877792362 ], [ 25.93593285780338, 46.563816037853456 ], [ 25.925739002749125, 46.564990159855917 ], [ 25.913994474095595, 46.570155252471054 ], [ 25.881686761302095, 46.594353677679344 ], [ 25.867302613426506, 46.607405203674745 ], [ 25.859676013760289, 46.618692798156189 ], [ 25.855514989719758, 46.63131899110396 ], [ 25.855372511668691, 46.635905813343115 ], [ 25.854603031406171, 46.636367501500629 ], [ 25.843913031871214, 46.640643501314614 ], [ 25.83322303233626, 46.647057501035583 ], [ 25.822533032801307, 46.649195500942575 ], [ 25.811843033266353, 46.651333500849567 ], [ 25.801153033731396, 46.653471500756552 ], [ 25.786187034382461, 46.655609500663545 ], [ 25.775497034847504, 46.657747500570537 ], [ 25.76480703531255, 46.662023500384521 ], [ 25.754117035777597, 46.664161500291513 ], [ 25.743427036242643, 46.662023500384521 ], [ 25.734875036614678, 46.655609500663545 ], [ 25.726323036986713, 46.649195500942575 ], [ 25.715633037451759, 46.644919501128591 ], [ 25.702805038009814, 46.649195500942575 ], [ 25.689977038567868, 46.655609500663545 ], [ 25.679287039032914, 46.659885500477529 ], [ 25.666459039590968, 46.666299500198498 ], [ 25.653631040149023, 46.670575500012482 ], [ 25.642941040614069, 46.672713499919475 ], [ 25.632251041079115, 46.672713499919475 ], [ 25.621561041544158, 46.674851499826467 ], [ 25.610871042009205, 46.676989499733459 ], [ 25.598043042567259, 46.676989499733459 ], [ 25.587353043032305, 46.676989499733459 ], [ 25.576663043497348, 46.676989499733459 ], [ 25.563835044055406, 46.676989499733459 ], [ 25.553145044520448, 46.676989499733459 ], [ 25.540317045078503, 46.674851499826467 ], [ 25.529627045543549, 46.672713499919475 ], [ 25.518937046008595, 46.670575500012482 ], [ 25.508247046473642, 46.674851499826467 ], [ 25.501833046752669, 46.683403499454428 ], [ 25.508247046473642, 46.69195549908239 ], [ 25.518937046008595, 46.696231498896374 ], [ 25.527489045636557, 46.704783498524336 ], [ 25.53390304535753, 46.713335498152304 ], [ 25.536041045264522, 46.72616349759425 ], [ 25.53390304535753, 46.736853497129204 ], [ 25.531765045450541, 46.747543496664157 ], [ 25.529627045543549, 46.758233496199111 ], [ 25.525351045729568, 46.768923495734064 ], [ 25.523213045822576, 46.779613495269018 ], [ 25.523213045822576, 46.790303494803972 ], [ 25.525351045729568, 46.800993494338933 ], [ 25.527489045636557, 46.811683493873886 ], [ 25.527489045636557, 46.82237349340884 ], [ 25.531765045450541, 46.833063492943793 ], [ 25.531765045450541, 46.843753492478747 ], [ 25.53390304535753, 46.854443492013701 ], [ 25.538179045171514, 46.865133491548654 ], [ 25.548869044706468, 46.873685491176623 ], [ 25.557421044334433, 46.882237490804584 ], [ 25.561697044148413, 46.892927490339538 ], [ 25.568111043869386, 46.903617489874492 ], [ 25.572387043683367, 46.914307489409445 ], [ 25.572387043683367, 46.924997488944406 ], [ 25.572387043683367, 46.93568748847936 ], [ 25.568111043869386, 46.946377488014313 ], [ 25.559559044241421, 46.954929487642275 ], [ 25.546731044799476, 46.961343487363251 ], [ 25.531765045450541, 46.965619487177229 ], [ 25.518937046008595, 46.969895486991213 ], [ 25.51038504638063, 46.976309486712182 ], [ 25.514661046194611, 46.986999486247143 ], [ 25.521075045915584, 46.997689485782097 ], [ 25.525351045729568, 47.00837948531705 ], [ 25.525351045729568, 47.019069484852004 ], [ 25.525351045729568, 47.019924684814804 ], [ 25.53390304535753, 47.023345484665988 ] ] ] } },
{ "type": "Feature", "properties": { "source": "https://simplemaps.com", "id": "ROMM", "name": "Maramures", "changing": false, "mainFeature": false, "color_id": 2, "new_color_id": 2 }, "geometry": { "type": "Polygon", "coordinates": [ [ [ 23.147638876878563, 47.448357102381721 ], [ 23.056140465473366, 47.463904809397185 ], [ 23.039661293233518, 47.470987415593001 ], [ 23.025869086580617, 47.47933552218975 ], [ 23.024610533216887, 47.486831739623547 ], [ 23.027655208884603, 47.493280747712113 ], [ 23.035779651111707, 47.498703730090838 ], [ 23.072986387574879, 47.513850624364608 ], [ 23.082873531768843, 47.519385624974788 ], [ 23.091039341724304, 47.525867180301802 ], [ 23.096586808008464, 47.532838980323852 ], [ 23.101099301870157, 47.541118091825886 ], [ 23.105382708340375, 47.55147491165927 ], [ 23.11137922736815, 47.561997561651218 ], [ 23.119813932966245, 47.571390437985741 ], [ 23.180697145954319, 47.619382634672391 ], [ 23.19062199257252, 47.623235447255965 ], [ 23.199349662472052, 47.622920276471042 ], [ 23.207413688873356, 47.618855924010305 ], [ 23.223746102591679, 47.604047498160924 ], [ 23.234764031711808, 47.59616980128952 ], [ 23.279421708343687, 47.574359012891684 ], [ 23.294734236075413, 47.569183780224108 ], [ 23.311671179301829, 47.568521935391416 ], [ 23.330236203563302, 47.575114250206624 ], [ 23.346658153856527, 47.586418863331033 ], [ 23.365207599623453, 47.603199855504947 ], [ 23.387743157690021, 47.620083509765948 ], [ 23.405625296813547, 47.644932527578618 ], [ 23.412466992391256, 47.657232192702793 ], [ 23.425817043664068, 47.675948760930886 ], [ 23.430001039854261, 47.687731705955734 ], [ 23.428197971805453, 47.701144859288071 ], [ 23.420916053575173, 47.709341931590103 ], [ 23.410472138626115, 47.717352103512717 ], [ 23.39489922594073, 47.723804552088254 ], [ 23.327494922485119, 47.739212220401257 ], [ 23.316219213398359, 47.744462695068563 ], [ 23.31013819589737, 47.751629976664731 ], [ 23.309027362283736, 47.760258461647929 ], [ 23.314114173306631, 47.773971038839179 ], [ 23.325904474349166, 47.781888258481814 ], [ 23.34235379594023, 47.785951809712252 ], [ 23.413342568845401, 47.782867352783946 ], [ 23.451964140374972, 47.773342274276601 ], [ 23.467563269734804, 47.767561027623856 ], [ 23.484222211320741, 47.763755356290623 ], [ 23.501548050775785, 47.762457799521194 ], [ 23.524286124426009, 47.764672160251735 ], [ 23.549279362477222, 47.771659726613571 ], [ 23.693518806121723, 47.83925318818757 ], [ 23.702458573510103, 47.849660503182221 ], [ 23.703719643333471, 47.860756188462915 ], [ 23.694546792325866, 47.873500612706955 ], [ 23.681573502845033, 47.882954312762287 ], [ 23.648626035297411, 47.898722083600205 ], [ 23.635133579423236, 47.906799993786194 ], [ 23.625206093836226, 47.914790293840674 ], [ 23.579517231312959, 47.961826897452198 ], [ 23.565774499552187, 47.999272670795037 ], [ 23.566153078938246, 47.99899595871269 ], [ 23.567321964975566, 47.998719522734177 ], [ 23.567965965991146, 47.997102492217145 ], [ 23.570189235675414, 47.996460005344581 ], [ 23.571064676365282, 47.996261057051925 ], [ 23.57159060244172, 47.996136849676645 ], [ 23.571812410837801, 47.996018356360103 ], [ 23.572191485459509, 47.995787593951114 ], [ 23.572493644389102, 47.99560117616064 ], [ 23.572747368512704, 47.995602984336159 ], [ 23.573018003626316, 47.99563405606127 ], [ 23.573356837421123, 47.995730024042246 ], [ 23.573949482625672, 47.995874997192907 ], [ 23.574720487081766, 47.996104316487042 ], [ 23.574972261643516, 47.996167592246728 ], [ 23.575153854414015, 47.996180548609907 ], [ 23.575420917090085, 47.996187697071761 ], [ 23.575839270141554, 47.996172891589303 ], [ 23.576262602032607, 47.996172699523164 ], [ 23.577433328058728, 47.996271945858368 ], [ 23.578109144080035, 47.996330374409602 ], [ 23.578483428983407, 47.996328088469497 ], [ 23.579019397414786, 47.99628030495893 ], [ 23.579603779683794, 47.996239576074217 ], [ 23.579875127836164, 47.996265992568333 ], [ 23.580138908304249, 47.996344224254074 ], [ 23.580383186782583, 47.996459621037069 ], [ 23.580746273886913, 47.996680201237403 ], [ 23.581644202980993, 47.997347568647108 ], [ 23.582202047170082, 47.997733916788448 ], [ 23.582350413115726, 47.997878359294013 ], [ 23.582451269833072, 47.998058902082285 ], [ 23.582633127694034, 47.998361840007654 ], [ 23.582799111634642, 47.998530891565949 ], [ 23.58298305470705, 47.998624583867489 ], [ 23.583426176146158, 47.998877207674674 ], [ 23.583726057807958, 47.999047505797996 ], [ 23.583777507869751, 47.999130642070178 ], [ 23.583810793088261, 47.999241327955176 ], [ 23.583809424729196, 47.999371261222542 ], [ 23.582749917522392, 48.000108030495639 ], [ 23.581858907717468, 48.001122658430695 ], [ 23.581847413546765, 48.001179255486861 ], [ 23.581847400837091, 48.001179255983509 ], [ 23.581847391277286, 48.001179256357084 ], [ 23.581781375987138, 48.001708454486128 ], [ 23.581796821879845, 48.001820455443415 ], [ 23.582300683838263, 48.002630030359718 ], [ 23.582397622617762, 48.002800548513463 ], [ 23.582439367906709, 48.003023510191696 ], [ 23.582532088083347, 48.003405520880897 ], [ 23.582636411943174, 48.003781216992884 ], [ 23.583196324775852, 48.005176008216935 ], [ 23.583828012953074, 48.006659320702134 ], [ 23.584147497451369, 48.007229922217455 ], [ 23.584429811004387, 48.007691838644512 ], [ 23.584687294037515, 48.007960054865364 ], [ 23.584891699783903, 48.008083185022905 ], [ 23.58533311363189, 48.008323852335025 ], [ 23.585742217132061, 48.008641676646747 ], [ 23.586210069235015, 48.008919258483154 ], [ 23.586523991951278, 48.009089939761587 ], [ 23.586946239897419, 48.0092443560969 ], [ 23.587471546939831, 48.009417266803041 ], [ 23.587941227843167, 48.009609319613041 ], [ 23.588383690395709, 48.009842851561771 ], [ 23.589013890151769, 48.010241507236515 ], [ 23.589735732865982, 48.010665891339762 ], [ 23.590287460963918, 48.011168190854605 ], [ 23.591133470075118, 48.011904879337052 ], [ 23.59163264652274, 48.012404915483074 ], [ 23.591896821278795, 48.012773143144877 ], [ 23.592183594892894, 48.013278087247357 ], [ 23.592396795416228, 48.013780045419338 ], [ 23.59270198721806, 48.014449637937197 ], [ 23.592930580284239, 48.014845174380405 ], [ 23.593239941059093, 48.01519405387441 ], [ 23.593816395088272, 48.01567719278767 ], [ 23.594364917243155, 48.016192893235122 ], [ 23.594636434254397, 48.016447920103076 ], [ 23.595465842784254, 48.017508294688213 ], [ 23.596106022927319, 48.018494000491167 ], [ 23.596390300420392, 48.018931794206495 ], [ 23.596893944913621, 48.019532247672068 ], [ 23.597974436921312, 48.019741473187722 ], [ 23.598575187144718, 48.019882133104574 ], [ 23.59893048536436, 48.020012021957363 ], [ 23.599245920532184, 48.02017339559692 ], [ 23.599540525336675, 48.020402533444049 ], [ 23.599922129106528, 48.020621792781235 ], [ 23.600223531934773, 48.020782481041543 ], [ 23.600555909432696, 48.020973120187371 ], [ 23.600740349233543, 48.021162135792764 ], [ 23.6008258716268, 48.021351314600871 ], [ 23.600864728222284, 48.021619448898043 ], [ 23.60088619741758, 48.021954904846552 ], [ 23.601405665837717, 48.024510513910805 ], [ 23.601254859170215, 48.026430226820757 ], [ 23.601716505789927, 48.027163464265122 ], [ 23.605780317442129, 48.027799445141071 ], [ 23.641045712519553, 48.030694606132286 ], [ 23.641635379828408, 48.030412700043584 ], [ 23.645501998128221, 48.028441234514666 ], [ 23.646653431000754, 48.02792047742296 ], [ 23.647694501561162, 48.027799576223437 ], [ 23.649267355105462, 48.027785011263688 ], [ 23.650383027887408, 48.027881180849654 ], [ 23.652318512486286, 48.028167769288117 ], [ 23.652991759435107, 48.028372863116303 ], [ 23.661873249938992, 48.02599532939518 ], [ 23.72362164937423, 48.018803229067778 ], [ 23.723926081154563, 48.017984838203134 ], [ 23.724412159107533, 48.016305348105469 ], [ 23.724893134562269, 48.014661238660985 ], [ 23.725200408087456, 48.013865887329501 ], [ 23.725523292301062, 48.013332790111946 ], [ 23.726233720595726, 48.012804603763811 ], [ 23.727013255982975, 48.012409776272818 ], [ 23.728238003629066, 48.011986753395412 ], [ 23.729333265679728, 48.011605813543369 ], [ 23.730611302675168, 48.011303809336297 ], [ 23.731975377031759, 48.011017571596106 ], [ 23.733397822666628, 48.010816981633702 ], [ 23.734933148035608, 48.010442911184114 ], [ 23.736962998797718, 48.009816274969729 ], [ 23.738099622511331, 48.009328515613632 ], [ 23.738897935360296, 48.008985714953077 ], [ 23.740559338178301, 48.008222304709946 ], [ 23.742037187205948, 48.007381843415367 ], [ 23.743604405564152, 48.006533572684134 ], [ 23.744110662208804, 48.006198485241264 ], [ 23.744595255339949, 48.005767370491817 ], [ 23.745111533192382, 48.0053612420432 ], [ 23.745697087572935, 48.005089079456603 ], [ 23.746267561821686, 48.004923327220574 ], [ 23.747114350867687, 48.004923865458785 ], [ 23.748438768842909, 48.005039943771699 ], [ 23.750016182653418, 48.005238073660855 ], [ 23.750954772812779, 48.005337452030382 ], [ 23.751610247961519, 48.005567598146655 ], [ 23.751978435206937, 48.005833035147255 ], [ 23.752666378430852, 48.006457123674807 ], [ 23.753223257104214, 48.006885181444439 ], [ 23.753790237261477, 48.007039806437476 ], [ 23.755049660726762, 48.007070189659522 ], [ 23.761360893100868, 48.007232352674968 ], [ 23.766666733541747, 48.007518029692754 ], [ 23.766970028078184, 48.007543200163767 ], [ 23.789909000818994, 48.004494591542247 ], [ 23.859507303178244, 48.004205714630707 ], [ 23.875711977463617, 47.998038930030241 ], [ 23.910684121158571, 47.974306546974482 ], [ 23.910741618614036, 47.97366665152056 ], [ 23.910836762753, 47.972469698351965 ], [ 23.910958503619426, 47.971844263251995 ], [ 23.911205874774925, 47.971331453783407 ], [ 23.911679524804935, 47.970839726080193 ], [ 23.912222835826672, 47.970481627902778 ], [ 23.912749772892624, 47.970241703119584 ], [ 23.913674678419298, 47.970184892026744 ], [ 23.914673683471253, 47.970356858434194 ], [ 23.915855462562003, 47.970227078296531 ], [ 23.916317631880958, 47.96981816639569 ], [ 23.916301455383607, 47.969425170963142 ], [ 23.915966072112781, 47.968662128634321 ], [ 23.915599806891933, 47.967612479963563 ], [ 23.915617050354285, 47.967232680271358 ], [ 23.916009193719443, 47.966309492376503 ], [ 23.91691511880747, 47.965240986935036 ], [ 23.917699814411009, 47.964667088887872 ], [ 23.920142437637107, 47.963578641754495 ], [ 23.920931515171439, 47.96309989527591 ], [ 23.921541953187084, 47.962637384527838 ], [ 23.921811166271667, 47.962220598667969 ], [ 23.921842575383074, 47.961864930272611 ], [ 23.921723242928699, 47.96132513089578 ], [ 23.921329112637235, 47.960476489321707 ], [ 23.92022704004766, 47.958243009730651 ], [ 23.920117507392632, 47.95763219387058 ], [ 23.920296603725649, 47.956973700791622 ], [ 23.920641971179968, 47.95664309536329 ], [ 23.921151603376646, 47.956271522466444 ], [ 23.921737531022409, 47.955986733777998 ], [ 23.922824869732359, 47.95538930419238 ], [ 23.924562050997039, 47.954426239203954 ], [ 23.926302922826434, 47.953309106723196 ], [ 23.926734192851058, 47.952993656287539 ], [ 23.927057087066608, 47.95269786456744 ], [ 23.927294362417364, 47.952255811930883 ], [ 23.927854088251323, 47.951137338572359 ], [ 23.92925757042509, 47.949268716437125 ], [ 23.929949730004573, 47.948595744459226 ], [ 23.930551336551929, 47.948322996624007 ], [ 23.930969169628519, 47.948233254586903 ], [ 23.931659272665062, 47.948213999027836 ], [ 23.932166004439036, 47.948246944776777 ], [ 23.932401770509788, 47.948300041439786 ], [ 23.932747297149476, 47.948377844612942 ], [ 23.933376678058984, 47.948415560023683 ], [ 23.934248586179631, 47.948356194426744 ], [ 23.934808641729791, 47.948129489120603 ], [ 23.93508067265817, 47.947958149385983 ], [ 23.935464852604401, 47.94771641612386 ], [ 23.936633837644642, 47.946908523699939 ], [ 23.937594514420137, 47.94646041994158 ], [ 23.939575802211795, 47.94576884968491 ], [ 23.940693825690371, 47.945458033150707 ], [ 23.94170916829259, 47.945380724347324 ], [ 23.942708228193311, 47.945421575545829 ], [ 23.943794586145554, 47.945596897675088 ], [ 23.944869578568778, 47.945855023386727 ], [ 23.945565088449648, 47.946180725468629 ], [ 23.946580672338211, 47.946614837785638 ], [ 23.947291421784637, 47.947214786039531 ], [ 23.947819886337381, 47.947583724675624 ], [ 23.953892922392015, 47.947405016796658 ], [ 23.994553095824529, 47.956963306743212 ], [ 23.994707914170345, 47.956912219491073 ], [ 23.995730001714271, 47.956787140174988 ], [ 23.996675522947672, 47.956706697027066 ], [ 23.998138985823569, 47.956706577232261 ], [ 24.000029750281275, 47.956676186869068 ], [ 24.001402066043646, 47.95682677168152 ], [ 24.002160466341973, 47.957083401189287 ], [ 24.002832637979083, 47.957455685896953 ], [ 24.003775417005688, 47.958040733875031 ], [ 24.004152903455722, 47.958246235490421 ], [ 24.004763175538343, 47.958425365971259 ], [ 24.005687512920403, 47.958629241183807 ], [ 24.006603813816106, 47.95889234992525 ], [ 24.007335260222479, 47.959088339265065 ], [ 24.008146373783383, 47.959347230022679 ], [ 24.008992713009725, 47.959476417384465 ], [ 24.009909463462023, 47.959477919458173 ], [ 24.010729250070465, 47.959285167279077 ], [ 24.011455045908928, 47.959005086948153 ], [ 24.012259332740417, 47.958538395258685 ], [ 24.013155859220525, 47.958170205802155 ], [ 24.014084265838907, 47.957827299979733 ], [ 24.015186203904211, 47.957634011201229 ], [ 24.016375411638307, 47.957705687263001 ], [ 24.017070218691856, 47.957912053588544 ], [ 24.018185701571465, 47.958266091503837 ], [ 24.019090655063671, 47.958742802258151 ], [ 24.019907500775314, 47.959477143604573 ], [ 24.020619212253685, 47.960207574798211 ], [ 24.021439515729057, 47.960787544661066 ], [ 24.022317274846529, 47.961334114000707 ], [ 24.023422724498875, 47.962151580161013 ], [ 24.024120023288088, 47.962988391462297 ], [ 24.024761295689327, 47.963977317867275 ], [ 24.024819469769184, 47.964078078297888 ], [ 24.055569481912983, 47.971306836873623 ], [ 24.057842835742477, 47.971139335326804 ], [ 24.057839355356691, 47.971132992977992 ], [ 24.057397855739747, 47.970746736965602 ], [ 24.05716848846038, 47.970357127886793 ], [ 24.056899386833003, 47.969739862818088 ], [ 24.05692692956066, 47.969146483562838 ], [ 24.057386613070111, 47.968617968652133 ], [ 24.058042354646521, 47.968204263723358 ], [ 24.05874737657857, 47.967946888718402 ], [ 24.059516096661071, 47.967870576006746 ], [ 24.060528717250282, 47.96794668945504 ], [ 24.061297341733525, 47.968132288304545 ], [ 24.062210947751524, 47.968418342503682 ], [ 24.063145433652281, 47.968550878320542 ], [ 24.064626946588128, 47.968681472972371 ], [ 24.06574158217196, 47.968916175058609 ], [ 24.066916746307712, 47.969355509822918 ], [ 24.068083954117746, 47.969722969188837 ], [ 24.068849437884147, 47.969801028562387 ], [ 24.070034427210704, 47.969776934165772 ], [ 24.071138104154659, 47.969702031112085 ], [ 24.073079067579933, 47.969696211784367 ], [ 24.074630518707526, 47.969903973950835 ], [ 24.08702565777455, 47.968991422117178 ], [ 24.10313548936994, 47.960397671099827 ], [ 24.107461872165185, 47.95943241414728 ], [ 24.108093915127775, 47.958006282258374 ], [ 24.108407832555496, 47.957245949286836 ], [ 24.108734545097722, 47.956783109722949 ], [ 24.109243117829394, 47.95641095231516 ], [ 24.110029107596016, 47.956073301155769 ], [ 24.110764140152632, 47.955852704244442 ], [ 24.112049398258435, 47.955867877792414 ], [ 24.112851510963523, 47.955935246981966 ], [ 24.114018860900106, 47.956171580623888 ], [ 24.114966183752831, 47.956470496510185 ], [ 24.11645905872744, 47.957040842145325 ], [ 24.117109406260855, 47.957280104954961 ], [ 24.152456192727225, 47.949394303837082 ], [ 24.16731592967691, 47.944065636269258 ], [ 24.168624351315408, 47.943272639984976 ], [ 24.170274750975821, 47.94239749385634 ], [ 24.171138291665617, 47.942003151099811 ], [ 24.171868021098923, 47.941686835866157 ], [ 24.172824401124615, 47.941522066677017 ], [ 24.17340978945122, 47.941413746225592 ], [ 24.176007107257483, 47.93959718206191 ], [ 24.176057004082658, 47.939221990179419 ], [ 24.176103088955163, 47.938213055036258 ], [ 24.175979381815853, 47.936944863992395 ], [ 24.175943807773098, 47.936733415462406 ], [ 24.175931581844356, 47.936346774023548 ], [ 24.17592627622323, 47.935789900762238 ], [ 24.175981517656059, 47.935374713477096 ], [ 24.176022034098775, 47.93520717862777 ], [ 24.176083575085642, 47.934676073628431 ], [ 24.176412694687446, 47.933632959490055 ], [ 24.176923357456406, 47.932497003646745 ], [ 24.177255166044887, 47.93191061597468 ], [ 24.177858361006681, 47.931192092770743 ], [ 24.17870405647275, 47.930240465036384 ], [ 24.179861041719313, 47.929015723873114 ], [ 24.180958826594203, 47.927916681850938 ], [ 24.181604328597228, 47.92735690955265 ], [ 24.181884819224507, 47.926996781221348 ], [ 24.182048473253911, 47.926560713123216 ], [ 24.182402531641497, 47.925647126481792 ], [ 24.182974771793109, 47.924841610605803 ], [ 24.1841672835561, 47.923346843742848 ], [ 24.184554521928693, 47.922819688334904 ], [ 24.184865153577732, 47.922232604202151 ], [ 24.185143092859644, 47.921572771607231 ], [ 24.185596857540119, 47.920862578893832 ], [ 24.186280203243058, 47.920175803172661 ], [ 24.187977732803311, 47.918857494005636 ], [ 24.18876496476976, 47.918502865851686 ], [ 24.189810608333417, 47.918272312762248 ], [ 24.191370954555627, 47.918147491435931 ], [ 24.192340600237369, 47.91817067229659 ], [ 24.193557129399821, 47.918246511202533 ], [ 24.196074647598518, 47.918558055305795 ], [ 24.198481391186313, 47.918908165997244 ], [ 24.199889217190421, 47.91897714689464 ], [ 24.201627616825697, 47.918944378092675 ], [ 24.203631344787524, 47.91866528135575 ], [ 24.20416676121819, 47.918614748274578 ], [ 24.20472543845062, 47.918707658002745 ], [ 24.205385557337863, 47.918833000151935 ], [ 24.205658419558215, 47.918859042376631 ], [ 24.206137352685552, 47.91890479195898 ], [ 24.206906124247674, 47.918849149802213 ], [ 24.207496708852027, 47.91870053474296 ], [ 24.20838344352978, 47.918392602443419 ], [ 24.209334714588973, 47.917915589033996 ], [ 24.210964058371253, 47.916963912005656 ], [ 24.211786863958256, 47.916483592686497 ], [ 24.212491630450824, 47.91611121458844 ], [ 24.213330151566652, 47.915687035536948 ], [ 24.214483415950369, 47.914960932005343 ], [ 24.215261054591608, 47.91467700623658 ], [ 24.216170933794487, 47.914512214458973 ], [ 24.217764026684428, 47.914546811386899 ], [ 24.218154469427315, 47.914596018068693 ], [ 24.219079628635825, 47.914795514092418 ], [ 24.2198709197427, 47.914968780510684 ], [ 24.22069142368137, 47.915160954182959 ], [ 24.220829160198114, 47.915205230854234 ], [ 24.224941797263082, 47.914472055378162 ], [ 24.226418918068056, 47.915215971686408 ], [ 24.284893386781604, 47.89759720613592 ], [ 24.295438641333238, 47.896908163544893 ], [ 24.296664300943924, 47.896607051671417 ], [ 24.29747255736698, 47.896775326707292 ], [ 24.299835099025906, 47.896621012282182 ], [ 24.300909819459154, 47.895935333508291 ], [ 24.302356651859618, 47.895971014486129 ], [ 24.303559417339201, 47.895826243552321 ], [ 24.30428229668852, 47.896281605074769 ], [ 24.304439941491783, 47.896320166369101 ], [ 24.306558767699411, 47.89618185256726 ], [ 24.311514289681668, 47.897655554030557 ], [ 24.311831871002354, 47.89761692766502 ], [ 24.313353475140694, 47.898165068510757 ], [ 24.315693608024873, 47.898324682834833 ], [ 24.317015881243069, 47.899291440941191 ], [ 24.31957284814407, 47.900052038636844 ], [ 24.320712175662059, 47.899945522874837 ], [ 24.321865829051731, 47.900721481126219 ], [ 24.323472490909801, 47.901211713144271 ], [ 24.336966603251337, 47.905224537012977 ], [ 24.337559861002934, 47.905244535233244 ], [ 24.339949965458402, 47.904967926576582 ], [ 24.340626529280541, 47.905240670780188 ], [ 24.341443594334248, 47.905190236204355 ], [ 24.342560995083659, 47.904889644897466 ], [ 24.343204631213634, 47.904778131685092 ], [ 24.343428875542585, 47.904739450685341 ], [ 24.345306226938028, 47.903993701701765 ], [ 24.349372404679649, 47.903765409968223 ], [ 24.349887773187152, 47.903884374825594 ], [ 24.350921099367064, 47.90385170640608 ], [ 24.352057703761865, 47.903456601538572 ], [ 24.355571676021285, 47.903045705141679 ], [ 24.356411678548071, 47.903581324441319 ], [ 24.357849231362042, 47.904619476519102 ], [ 24.362582369637529, 47.905847157923532 ], [ 24.363381009402922, 47.906376380099182 ], [ 24.368588506496124, 47.907645371619502 ], [ 24.370354182890953, 47.908001095315633 ], [ 24.371900455401203, 47.907793545981569 ], [ 24.373948962346734, 47.907730460657469 ], [ 24.375081412459537, 47.908952354623189 ], [ 24.375437308554591, 47.909180881831276 ], [ 24.377616416796602, 47.91066847388479 ], [ 24.378126612320862, 47.910933846597842 ], [ 24.380049008992653, 47.913398455561598 ], [ 24.383326046782877, 47.913681865542351 ], [ 24.385613155109088, 47.914261204056785 ], [ 24.386493676782482, 47.915088288995477 ], [ 24.387679334238118, 47.916088213412351 ], [ 24.407265882909229, 47.915754041648292 ], [ 24.411166358308378, 47.912877411922253 ], [ 24.414936619461187, 47.913155737738883 ], [ 24.418196078831826, 47.910837786757376 ], [ 24.41828461064576, 47.910786518303652 ], [ 24.420639831390474, 47.909252200545559 ], [ 24.421149991980069, 47.909342379160748 ], [ 24.426360427485594, 47.9098333856275 ], [ 24.426835365238503, 47.910088724711208 ], [ 24.427201938391978, 47.910254531536928 ], [ 24.428006880700078, 47.910464588778709 ], [ 24.42971022893423, 47.910969575316393 ], [ 24.433041211134906, 47.912802670311585 ], [ 24.435982677469816, 47.913439721832454 ], [ 24.43719854073175, 47.913787640109049 ], [ 24.438624407277025, 47.91442222981312 ], [ 24.439687501506789, 47.914789074180199 ], [ 24.441815069552554, 47.915760217592236 ], [ 24.445017561018563, 47.917000896415097 ], [ 24.448503718014337, 47.917617291868396 ], [ 24.453687775597668, 47.918663025801962 ], [ 24.457687498921953, 47.919668986184057 ], [ 24.458022685741401, 47.919674703868886 ], [ 24.458179527453112, 47.920187088934561 ], [ 24.458237537980256, 47.920739734804584 ], [ 24.457758541366381, 47.923417976621437 ], [ 24.457971556987765, 47.924063895509668 ], [ 24.457251610871321, 47.924815368389083 ], [ 24.457523140471981, 47.92538157997847 ], [ 24.457260321169912, 47.92720499153176 ], [ 24.458223723116944, 47.929164650953872 ], [ 24.459448269602778, 47.930969139523761 ], [ 24.460318513419391, 47.933064181848117 ], [ 24.462781023414784, 47.933873005283395 ], [ 24.46386236649974, 47.935143294359136 ], [ 24.46536924062444, 47.937225521013481 ], [ 24.465635225089283, 47.937434760763487 ], [ 24.486752146399006, 47.944217575116227 ], [ 24.506082563634628, 47.943927700648018 ], [ 24.562725653789553, 47.932379718383714 ], [ 24.619240720494947, 47.93079161927178 ], [ 24.638631438078587, 47.926750204801472 ], [ 24.646674632649102, 47.923184334596591 ], [ 24.684688157875897, 47.906332699708507 ], [ 24.709354329334712, 47.891715874135159 ], [ 24.724438185348308, 47.878042242244128 ], [ 24.73052947143875, 47.861875531770856 ], [ 24.730947465749683, 47.848749450976136 ], [ 24.73501027877564, 47.836256478717047 ], [ 24.752133385449007, 47.821830861032424 ], [ 24.785245840669358, 47.806315146673988 ], [ 24.865168709959601, 47.781729721980909 ], [ 24.879389324055634, 47.772433966505794 ], [ 24.891430521390806, 47.760301789741519 ], [ 24.923498683679021, 47.718063559698813 ], [ 24.945886205152799, 47.692778824375118 ], [ 24.964343094562608, 47.683369350769681 ], [ 24.996729128466548, 47.68598414747639 ], [ 25.010304517002353, 47.687079914448795 ], [ 25.021695366556674, 47.659510265159227 ], [ 25.044592371719833, 47.632705820579638 ], [ 25.0864731891166, 47.600712030718185 ], [ 25.094170438283065, 47.591231861577491 ], [ 25.096127018420169, 47.580424238053304 ], [ 25.088117487640428, 47.571324889562668 ], [ 25.079035361368962, 47.565215469219282 ], [ 25.018943969906864, 47.553367591134702 ], [ 24.933557493982519, 47.557247111790048 ], [ 24.89957135301125, 47.550404145915671 ], [ 24.857290349884643, 47.525836471411338 ], [ 24.841341640239285, 47.518702223755128 ], [ 24.820264197679155, 47.515311038730722 ], [ 24.631981025366805, 47.518324428245279 ], [ 24.445707959175927, 47.555572758377281 ], [ 24.42793006479198, 47.553242132524034 ], [ 24.357747161982157, 47.534600090922986 ], [ 24.343500473741603, 47.527347700791999 ], [ 24.335257007029671, 47.518878277143301 ], [ 24.314833304466088, 47.48854339934519 ], [ 24.304387580136826, 47.480625334159463 ], [ 24.283917205376031, 47.472917975657964 ], [ 24.19896987893242, 47.464213437663354 ], [ 24.184336984432971, 47.460311891928576 ], [ 24.179178043963983, 47.455341877472179 ], [ 24.177084036511786, 47.449398815435707 ], [ 24.174772644795144, 47.43392262663162 ], [ 24.171158337642243, 47.42480679945232 ], [ 24.163803957919317, 47.415268195015656 ], [ 24.100340371273546, 47.356826869312542 ], [ 24.060878020421725, 47.332924721370446 ], [ 23.895305231731204, 47.348031293711102 ], [ 23.866148843017967, 47.332440618139977 ], [ 23.840499621831903, 47.324547701885166 ], [ 23.829411154135371, 47.322679709835505 ], [ 23.814831356294583, 47.322784015917151 ], [ 23.80251009494501, 47.325101355043522 ], [ 23.789365139651501, 47.331484831459314 ], [ 23.781704769381754, 47.337938230407318 ], [ 23.772634108275611, 47.344033274512718 ], [ 23.761204421405807, 47.349315228594634 ], [ 23.741104610195368, 47.356384198698677 ], [ 23.73258744639671, 47.364733011009946 ], [ 23.727166466295103, 47.372909010691252 ], [ 23.724988559891671, 47.38069986850644 ], [ 23.712184883011929, 47.386552835319726 ], [ 23.688853637672793, 47.390334640233348 ], [ 23.535200748983151, 47.391529346244454 ], [ 23.512476075912463, 47.394951530017337 ], [ 23.388797364562237, 47.428693744090744 ], [ 23.348928523585343, 47.444680301963295 ], [ 23.329230895315739, 47.450130379471986 ], [ 23.302869231906453, 47.454444455793677 ], [ 23.198221169610186, 47.459050962646238 ], [ 23.147638876878563, 47.448357102381721 ] ] ] } },
{ "type": "Feature", "properties": { "source": "https://simplemaps.com", "id": "ROGL", "name": "Galati", "changing": false, "mainFeature": false, "color_id": 3, "new_color_id": 3 }, "geometry": { "type": "Polygon", "coordinates": [ [ [ 27.570014432030138, 45.954100022213517 ], [ 27.581260561152437, 45.936180594627459 ], [ 27.589747179449713, 45.907198389853868 ], [ 27.600849588733634, 45.88163065802857 ], [ 27.609295306027921, 45.870129986647548 ], [ 27.619160723467317, 45.86452116611828 ], [ 27.626337080455801, 45.865533639829643 ], [ 27.631870951082004, 45.8681876001802 ], [ 27.635449497926061, 45.872417735766106 ], [ 27.637849291524603, 45.878245422079821 ], [ 27.638604503690296, 45.893601384312589 ], [ 27.645387499217566, 45.920280301579453 ], [ 27.646061535723298, 45.929588668789606 ], [ 27.643160517222896, 45.938726475943987 ], [ 27.637942899783663, 45.948135830460252 ], [ 27.618495283459861, 45.975865554622416 ], [ 27.617151625952289, 45.983830596467023 ], [ 27.621273607870641, 45.990056452951158 ], [ 27.635285678209986, 45.99527521509102 ], [ 27.806047287997291, 45.973992652589239 ], [ 27.821531874013679, 45.969250264061728 ], [ 27.82935116047145, 45.962893932172733 ], [ 27.829515249577526, 45.955181906476184 ], [ 27.830926685247032, 45.947627939855984 ], [ 27.837671686208992, 45.941572182954729 ], [ 27.847954519111028, 45.941351381784507 ], [ 27.856624955931213, 45.944865400740213 ], [ 27.862914670810479, 45.950980630813142 ], [ 27.873532743088344, 45.964632449869377 ], [ 27.881440180834286, 45.972442836480653 ], [ 27.891578459122648, 45.977787087779284 ], [ 27.90747083409315, 45.982156641480124 ], [ 27.921715597208287, 45.981419032348938 ], [ 27.996235241475688, 45.961492521301956 ], [ 28.032456992795606, 45.946139625379331 ], [ 28.057696955357883, 45.94091266480909 ], [ 28.072757802704974, 45.939884489164925 ], [ 28.105961695683067, 45.943913721420586 ], [ 28.10848780291559, 45.944731955713877 ], [ 28.109523456484027, 45.945067419867456 ], [ 28.110097676935339, 45.945253458813738 ], [ 28.108815321167441, 45.942912561652861 ], [ 28.102525259549846, 45.931430127392744 ], [ 28.096117516847745, 45.928814405441933 ], [ 28.095316891182751, 45.928487562642879 ], [ 28.094963136998324, 45.927897758690712 ], [ 28.092632070105651, 45.92401074513689 ], [ 28.092354798898917, 45.923548221878825 ], [ 28.091569352060187, 45.922237966725895 ], [ 28.091651038462679, 45.917840119645525 ], [ 28.094666742287906, 45.916235219580855 ], [ 28.097629190644785, 45.914658703867921 ], [ 28.097722335138137, 45.90964371748543 ], [ 28.097729150016242, 45.909276295124492 ], [ 28.09516959916726, 45.902845846094543 ], [ 28.083966172705793, 45.87469907477896 ], [ 28.081825109099217, 45.864904999592248 ], [ 28.084680264920653, 45.850623254493051 ], [ 28.107095660121271, 45.799582958959164 ], [ 28.108516728456255, 45.788305097448614 ], [ 28.110761234319284, 45.782218331761548 ], [ 28.116480735647286, 45.775064878811094 ], [ 28.118400435249178, 45.771015838341818 ], [ 28.120302973747517, 45.767002995099361 ], [ 28.117837603697161, 45.759497126305618 ], [ 28.113511284216514, 45.752012258904749 ], [ 28.111859991668055, 45.744164239952283 ], [ 28.114359845603069, 45.736671199716 ], [ 28.117137175231477, 45.732348841924328 ], [ 28.122729588397476, 45.72364540595202 ], [ 28.122745030412144, 45.723621431372933 ], [ 28.12455992774936, 45.71977520840381 ], [ 28.121474546531289, 45.714931063550722 ], [ 28.117860896625977, 45.713283777688019 ], [ 28.112470799124605, 45.710826658483469 ], [ 28.107995167573417, 45.708786438853721 ], [ 28.103342508891629, 45.703538065118515 ], [ 28.103498240515062, 45.700812511726497 ], [ 28.103952960445508, 45.692854216206563 ], [ 28.105000940108944, 45.674512424154322 ], [ 28.119410851932027, 45.64359207247373 ], [ 28.130249988297578, 45.627590339221356 ], [ 28.136035213201829, 45.619049734702806 ], [ 28.13818503886014, 45.616482287938325 ], [ 28.144138455785175, 45.609372498243062 ], [ 28.145132093581385, 45.58881790301897 ], [ 28.149000157267267, 45.508801985632076 ], [ 28.147825778468292, 45.501554388018562 ], [ 28.146997243418308, 45.496441150915118 ], [ 28.146410408146238, 45.492819549365585 ], [ 28.149340023615377, 45.486021718497859 ], [ 28.152100380632433, 45.479616525565667 ], [ 28.137654854225389, 45.475216304677488 ], [ 28.134172128647364, 45.475374337745407 ], [ 28.104821779058188, 45.476706188878353 ], [ 28.101828213501118, 45.476075111594163 ], [ 28.095372471779552, 45.474714115011679 ], [ 28.091576837303236, 45.473913952598096 ], [ 28.074724083242963, 45.466142807803323 ], [ 28.057869676919157, 45.455682507397327 ], [ 28.04483036010318, 45.444917988479659 ], [ 28.099834783031596, 45.42187537488477 ], [ 28.122273308948166, 45.408483305811686 ], [ 28.138223996604452, 45.38655304933939 ], [ 28.141802997239033, 45.380207285597464 ], [ 28.14419884663598, 45.377993324864029 ], [ 28.145450607152437, 45.375617196229875 ], [ 28.145195162006214, 45.36485039228608 ], [ 28.144782633069276, 45.347462845988311 ], [ 28.144651357452169, 45.34192966895116 ], [ 28.15127446690143, 45.331431126672804 ], [ 28.176934109372503, 45.307828590759932 ], [ 28.189907746472851, 45.295737280355475 ], [ 28.192124854191814, 45.295817380809922 ], [ 28.190680228229098, 45.294309931332926 ], [ 28.176274136489113, 45.282978242356286 ], [ 28.172236445673157, 45.274939052804712 ], [ 28.17032559520592, 45.269712840289742 ], [ 28.166512431333608, 45.263449074429204 ], [ 28.162691659785782, 45.260960886550215 ], [ 28.157216299430047, 45.259804373332358 ], [ 28.146839094569469, 45.261580357149647 ], [ 28.11825511826293, 45.272549202282619 ], [ 28.101053385640945, 45.277022494185289 ], [ 28.092014891589304, 45.27732399290467 ], [ 28.08111865367098, 45.276405168444427 ], [ 28.037126380265455, 45.26760007151028 ], [ 28.026859879044412, 45.266915240967542 ], [ 28.019277851041618, 45.263462097991017 ], [ 28.005181115408163, 45.248136175049233 ], [ 27.944938146528251, 45.256230777280422 ], [ 27.920314624147419, 45.262674858372883 ], [ 27.896879122785446, 45.26643502201533 ], [ 27.831064480000528, 45.26693822564863 ], [ 27.796041743395541, 45.273271536119005 ], [ 27.741807837275953, 45.296180596841275 ], [ 27.708864535668269, 45.318671452734641 ], [ 27.689501306780464, 45.336649505490527 ], [ 27.681040171326412, 45.342462000813306 ], [ 27.669195759797006, 45.345071056986086 ], [ 27.650772805155469, 45.343437899481415 ], [ 27.615712458967792, 45.343515057400907 ], [ 27.559194786997278, 45.363565575835921 ], [ 27.499510635688655, 45.350227950752341 ], [ 27.479021095530403, 45.342030055055965 ], [ 27.461018568663864, 45.331304323514715 ], [ 27.434706148011692, 45.309086269543691 ], [ 27.408647406650459, 45.282772704621635 ], [ 27.398563773576125, 45.262945829353953 ], [ 27.352760914287636, 45.263391083446535 ], [ 27.330830131493389, 45.265954697478712 ], [ 27.283132383008255, 45.277463570113291 ], [ 27.273505150425439, 45.281227152122526 ], [ 27.266991741830921, 45.289239085859357 ], [ 27.264819872575615, 45.297184764899882 ], [ 27.263571414263762, 45.304939200373688 ], [ 27.259961967199153, 45.311829185745253 ], [ 27.253181653490277, 45.316981289755965 ], [ 27.240974768303683, 45.319578630054195 ], [ 27.223137805052897, 45.319706795721849 ], [ 27.215000158881381, 45.321886555154308 ], [ 27.205340093537142, 45.328780232912877 ], [ 27.194769085668693, 45.333537429868265 ], [ 27.178439315184374, 45.33650276716611 ], [ 27.168746049757633, 45.334606071524412 ], [ 27.158933728262063, 45.32966277371991 ], [ 27.150772963576078, 45.323310320812908 ], [ 27.1418223285553, 45.317919622742984 ], [ 27.132569579426931, 45.315385106618265 ], [ 27.124120096953781, 45.317525352332872 ], [ 27.120745258052686, 45.326448920033123 ], [ 27.123930072559435, 45.344425026251507 ], [ 27.122486344893414, 45.351152766953206 ], [ 27.116288352048056, 45.355325401109269 ], [ 27.102951868331314, 45.355484508627093 ], [ 27.090761867450979, 45.353219949004107 ], [ 27.066476591601511, 45.344498063844746 ], [ 27.054414252643269, 45.341530307144119 ], [ 27.041675221694032, 45.341097212773569 ], [ 27.028182282748471, 45.34519289695907 ], [ 27.010792620447678, 45.354121088516358 ], [ 26.985367316541808, 45.374456376412482 ], [ 26.978849139648474, 45.387640072930829 ], [ 26.978695607242589, 45.399592414337185 ], [ 26.979646176214448, 45.408036685651432 ], [ 26.973798820459159, 45.417212044014811 ], [ 26.956963873406981, 45.427101189732674 ], [ 26.927888933992921, 45.437416922191169 ], [ 26.904108113614345, 45.441604294796157 ], [ 26.888751742371873, 45.441687228791984 ], [ 26.881487605945374, 45.43842851892709 ], [ 26.879172560820198, 45.434769592543127 ], [ 26.880427533902896, 45.431152175110299 ], [ 26.881883820618992, 45.428716317838244 ], [ 26.882545377022868, 45.425794368694135 ], [ 26.881809708734654, 45.422849454236065 ], [ 26.879476504253493, 45.418725799600118 ], [ 26.875166780551268, 45.415636099675588 ], [ 26.868636305717338, 45.415270721709284 ], [ 26.858553784761643, 45.416647300795383 ], [ 26.843986552741882, 45.421043523366279 ], [ 26.824240671267905, 45.423935503661795 ], [ 26.81254896438346, 45.427805606812619 ], [ 26.770779304392754, 45.44676266918853 ], [ 26.737335305870623, 45.465704656603023 ], [ 26.715798924630278, 45.486301720505104 ], [ 26.654187628689755, 45.526875593182581 ], [ 26.631779276310503, 45.534422598457745 ], [ 26.618925697727434, 45.535028330060314 ], [ 26.608255540006695, 45.531954455757152 ], [ 26.59624566852137, 45.530329282085106 ], [ 26.582082993838512, 45.530520677381602 ], [ 26.553996127629759, 45.534359184592304 ], [ 26.53671460852911, 45.544731228371049 ], [ 26.518231400285945, 45.561407807613485 ], [ 26.455639214230587, 45.644375325230847 ], [ 26.415569099426992, 45.688296466176077 ], [ 26.372581709291019, 45.719764628679947 ], [ 26.38317365841062, 45.76848080571115 ], [ 26.399242982297174, 45.818405122513298 ], [ 26.401376260555931, 45.833293551153538 ], [ 26.418773369673815, 45.865582581570308 ], [ 26.485412777075759, 45.933829251433892 ], [ 26.600455653671339, 45.917309787963013 ], [ 26.630962588267248, 45.926434965970152 ], [ 26.632886009298218, 45.935953119418365 ], [ 26.63487793781427, 45.955165268392314 ], [ 26.638015427297585, 45.963989549277983 ], [ 26.644702748196455, 45.972338921725246 ], [ 26.656614669497525, 45.979398087777938 ], [ 26.673063122719164, 45.982116845490204 ], [ 26.769785787438, 45.982474518149715 ], [ 26.799430015613254, 45.977463253841243 ], [ 26.842972318780067, 45.974753308511559 ], [ 26.867560341297143, 45.968724320060431 ], [ 26.88409142964553, 45.966940569060263 ], [ 26.903779900193371, 45.969196563801447 ], [ 26.920994197548243, 45.9690151785748 ], [ 26.93611697106715, 45.966924497273325 ], [ 26.974301571334991, 45.95415826068681 ], [ 26.98333485278199, 45.955046503465837 ], [ 26.98767584979754, 45.958936563814191 ], [ 26.990250733995886, 45.965274571351706 ], [ 26.995514586407626, 45.97292963368421 ], [ 27.004668561344925, 45.979553576044154 ], [ 27.021628992039947, 45.984786441679724 ], [ 27.037003520810909, 45.985168227304996 ], [ 27.050559028159537, 45.982673369576816 ], [ 27.102162383312468, 45.967883049969004 ], [ 27.114822342891816, 45.96893977364936 ], [ 27.123530116726712, 45.97340911275775 ], [ 27.136035352770396, 45.987711126606037 ], [ 27.14580172809794, 45.995448891979763 ], [ 27.173299235509202, 46.006967214830205 ], [ 27.184415412071768, 46.013514452419841 ], [ 27.202100329867928, 46.029346631157537 ], [ 27.213444051086544, 46.037746712267619 ], [ 27.238650734854307, 46.046225785569504 ], [ 27.312708856042406, 46.054192084290953 ], [ 27.338341007957908, 46.053707664700617 ], [ 27.358068732319566, 46.050350962971855 ], [ 27.399857741681615, 46.030565676375566 ], [ 27.41822254346123, 46.028063838709613 ], [ 27.429616808272431, 46.029816508397801 ], [ 27.437572223535444, 46.034884128960051 ], [ 27.442923393056297, 46.040803315989869 ], [ 27.45079671716973, 46.046417140213784 ], [ 27.46029371077999, 46.047261350275186 ], [ 27.494863178703433, 46.038592677703392 ], [ 27.525170438059952, 46.034667407678867 ], [ 27.536692897608589, 45.988086600851489 ], [ 27.570014432030138, 45.954100022213517 ] ] ] } },
{ "type": "Feature", "properties": { "source": "https://simplemaps.com", "id": "ROBN", "name": "Bistrita-Nasaud", "changing": true, "mainFeature": false, "color_id": 3, "new_color_id": 2 }, "geometry": { "type": "Polygon", "coordinates": [ [ [ 25.018943969906864, 47.553367591134702 ], [ 25.029447728205259, 47.544242941947111 ], [ 25.106686609226855, 47.497292104691731 ], [ 25.131887389794976, 47.475181401943949 ], [ 25.14339335464334, 47.459941033771138 ], [ 25.148083680383792, 47.448949055468695 ], [ 25.148769737990303, 47.437389696207966 ], [ 25.14152219771994, 47.423968173287022 ], [ 25.130043723104748, 47.416090415818445 ], [ 25.116333416140719, 47.410653062261211 ], [ 25.104258972701526, 47.407375495626937 ], [ 25.096337850231347, 47.403185656052287 ], [ 25.093973384810386, 47.398261700423191 ], [ 25.097197801474373, 47.39342952797427 ], [ 25.102290230036097, 47.388757078390157 ], [ 25.106551615177199, 47.382669112675039 ], [ 25.107848492637007, 47.376153922683365 ], [ 25.104873979841425, 47.367530110065623 ], [ 25.100089461593765, 47.36420052537845 ], [ 25.093553931121523, 47.36370599117275 ], [ 25.085955031366332, 47.365114809282481 ], [ 25.078376481866663, 47.36572117986573 ], [ 25.069506201242891, 47.365033520877972 ], [ 25.062243085421706, 47.36180068249049 ], [ 25.057671494553318, 47.355980221875946 ], [ 25.05877715959226, 47.34854171327553 ], [ 25.067506285384834, 47.337676416797002 ], [ 25.086554665630533, 47.319581471831086 ], [ 25.093661470068234, 47.310873961061553 ], [ 25.104887413951261, 47.292438123734755 ], [ 25.109004546885842, 47.282658225004475 ], [ 25.109184282477518, 47.27137701328585 ], [ 25.100585660503345, 47.253819374383966 ], [ 25.087230024496041, 47.238930037529492 ], [ 25.079124833834598, 47.226059194751457 ], [ 25.077173148973117, 47.215818045388936 ], [ 25.088293728937877, 47.205273068992426 ], [ 25.099972131158044, 47.202386062640798 ], [ 25.110828027498435, 47.202272216775853 ], [ 25.118941905146013, 47.203454840511512 ], [ 25.123812283536207, 47.201040686335354 ], [ 25.125282249251363, 47.194984263483292 ], [ 25.120973149284996, 47.179999832107512 ], [ 25.116372885402857, 47.169474525684883 ], [ 25.109790732549794, 47.139995012161286 ], [ 25.112486566020824, 47.070021627551917 ], [ 25.034622865079051, 47.05201588967099 ], [ 24.968545907880628, 47.045806286378713 ], [ 24.941607438532753, 47.040653106951517 ], [ 24.90860027796154, 47.027100490127928 ], [ 24.856914802038478, 46.99876294530673 ], [ 24.84899405088608, 46.991935606814124 ], [ 24.834234384512836, 46.967585359476907 ], [ 24.828839821704253, 46.960555926340454 ], [ 24.802735329383157, 46.935718124532521 ], [ 24.794293898648004, 46.923506856219895 ], [ 24.788072027343361, 46.909864203502465 ], [ 24.779175131614863, 46.882026745568147 ], [ 24.771734437508222, 46.874249802776966 ], [ 24.759963784625395, 46.870805335943245 ], [ 24.742065736635567, 46.873340663457945 ], [ 24.725940121901189, 46.878883769904341 ], [ 24.697007436875101, 46.892839897651918 ], [ 24.684912717605584, 46.896984298937078 ], [ 24.673609075441721, 46.898874073073856 ], [ 24.661324683884256, 46.8981646084193 ], [ 24.643132039802015, 46.893160963466549 ], [ 24.618133487932479, 46.880743485540314 ], [ 24.596594306876909, 46.862889780602828 ], [ 24.586513616959021, 46.851078766444189 ], [ 24.576492542113233, 46.832852668619111 ], [ 24.57001360421663, 46.825865621378945 ], [ 24.550432249158082, 46.810469589736847 ], [ 24.543901851902053, 46.802165776259116 ], [ 24.540536839235646, 46.791488768271783 ], [ 24.53842519486394, 46.781124557804326 ], [ 24.534924418275732, 46.770944037667171 ], [ 24.529345700111303, 46.763171995997077 ], [ 24.515002616371966, 46.757423130023476 ], [ 24.495568466962041, 46.753734955303656 ], [ 24.459960669803742, 46.751713222400312 ], [ 24.414019658177804, 46.740682851681377 ], [ 24.397982103504276, 46.73921509513935 ], [ 24.376121303546459, 46.740922678903992 ], [ 24.310370608486508, 46.754973002029203 ], [ 24.22898783538021, 46.785872904887945 ], [ 24.25204300277073, 46.816053206751924 ], [ 24.258564752232431, 46.828106609517604 ], [ 24.266522316357705, 46.868961621797041 ], [ 24.272658036320394, 46.883047075673815 ], [ 24.275293366922568, 46.898872575327538 ], [ 24.2707099870658, 46.912601326808336 ], [ 24.252669480537321, 46.92737288205349 ], [ 24.218125522214716, 46.941987921275256 ], [ 24.206293675766094, 46.948888890715587 ], [ 24.199651582498358, 46.957578135383891 ], [ 24.198709369247538, 46.969199279301577 ], [ 24.200408281583531, 46.97694210625756 ], [ 24.203014439937206, 46.984080471588079 ], [ 24.201242731608577, 46.990355593606864 ], [ 24.18407575134631, 46.999688764884759 ], [ 24.176434576180107, 47.006632840350804 ], [ 24.17742678930512, 47.021436534384733 ], [ 24.180712601913562, 47.034056213598937 ], [ 24.18605276727655, 47.04631100750747 ], [ 24.187940318502161, 47.058881754499566 ], [ 24.184076985147826, 47.071185890512339 ], [ 24.170802258499219, 47.086159292720779 ], [ 24.156526123340438, 47.09403487052704 ], [ 24.133884822605129, 47.102237502150089 ], [ 24.123177055791874, 47.107465443958418 ], [ 24.102954719152894, 47.121986314371945 ], [ 24.088171485818233, 47.128795719246845 ], [ 24.031684182159697, 47.141682483952145 ], [ 24.019179196485506, 47.147239164767655 ], [ 24.008757531912448, 47.155817628687132 ], [ 24.002175975759851, 47.166055991585665 ], [ 23.998003822040605, 47.178398019844515 ], [ 23.989479063311951, 47.234196382401542 ], [ 23.985867072707254, 47.244991139370704 ], [ 23.986641986376615, 47.256881279878456 ], [ 23.992919045948934, 47.266642964803303 ], [ 24.026065437968764, 47.283758544699388 ], [ 24.039481542900383, 47.293577516745174 ], [ 24.050465472298495, 47.304680957085253 ], [ 24.060878020421725, 47.332924721370446 ], [ 24.100340371273546, 47.356826869312542 ], [ 24.163803957919317, 47.415268195015656 ], [ 24.171158337642243, 47.42480679945232 ], [ 24.174772644795144, 47.43392262663162 ], [ 24.177084036511786, 47.449398815435707 ], [ 24.179178043963983, 47.455341877472179 ], [ 24.184336984432971, 47.460311891928576 ], [ 24.19896987893242, 47.464213437663354 ], [ 24.283917205376031, 47.472917975657964 ], [ 24.304387580136826, 47.480625334159463 ], [ 24.314833304466088, 47.48854339934519 ], [ 24.335257007029671, 47.518878277143301 ], [ 24.343500473741603, 47.527347700791999 ], [ 24.357747161982157, 47.534600090922986 ], [ 24.42793006479198, 47.553242132524034 ], [ 24.445707959175927, 47.555572758377281 ], [ 24.631981025366805, 47.518324428245279 ], [ 24.820264197679155, 47.515311038730722 ], [ 24.841341640239285, 47.518702223755128 ], [ 24.857290349884643, 47.525836471411338 ], [ 24.89957135301125, 47.550404145915671 ], [ 24.933557493982519, 47.557247111790048 ], [ 25.018943969906864, 47.553367591134702 ] ] ] } },
{ "type": "Feature", "properties": { "source": "https://simplemaps.com", "id": "ROHR", "name": "Harghita", "changing": false, "mainFeature": false, "color_id": 2, "new_color_id": 2 }, "geometry": { "type": "Polygon", "coordinates": [ [ [ 25.739151036428666, 46.23442351898634 ], [ 25.751979035870612, 46.25152751824227 ], [ 25.751979035870612, 46.272907517312177 ], [ 25.751979035870612, 46.294287516382084 ], [ 25.739151036428666, 46.311391515638014 ], [ 25.72632303698672, 46.328495514893937 ], [ 25.717771037358759, 46.349875513963852 ], [ 25.709219037730794, 46.371255513033759 ], [ 25.72632303698672, 46.384083512475705 ], [ 25.74342703624265, 46.396911511917651 ], [ 25.760531035498577, 46.409739511359597 ], [ 25.773359034940523, 46.42684351061552 ], [ 25.790463034196449, 46.439671510057465 ], [ 25.807567033452376, 46.452499509499411 ], [ 25.828947032522287, 46.456775509313395 ], [ 25.850327031592194, 46.465327508941357 ], [ 25.86315503103414, 46.482431508197287 ], [ 25.875983030476085, 46.499535507453217 ], [ 25.88453503010405, 46.520915506523124 ], [ 25.897363029545996, 46.538019505779054 ], [ 25.910191028987942, 46.555123505034977 ], [ 25.905984838677234, 46.576154456588526 ], [ 25.913994474095595, 46.570155252471054 ], [ 25.925739002749125, 46.564990159855917 ], [ 25.93593285780338, 46.563816037853456 ], [ 25.940049811083629, 46.569912877792362 ], [ 25.939010739749804, 46.579055436293302 ], [ 25.93348366107341, 46.600397331332715 ], [ 25.933527980329135, 46.609471808872684 ], [ 25.944253612172052, 46.613965617483053 ], [ 25.953940820229008, 46.615707382838103 ], [ 26.034984534352127, 46.598628929938762 ], [ 26.071824032053293, 46.604377906507906 ], [ 26.085828741868539, 46.604114976404539 ], [ 26.108444290895857, 46.599223262641154 ], [ 26.13655160695216, 46.58664398387009 ], [ 26.149793261326433, 46.58405797799297 ], [ 26.169247949035913, 46.585624976236289 ], [ 26.195307379586591, 46.592105321852102 ], [ 26.258072451517926, 46.620759858807688 ], [ 26.269388487141047, 46.624480811694553 ], [ 26.281220226561931, 46.625518131303252 ], [ 26.295785447443563, 46.621070304915733 ], [ 26.302445324442051, 46.615483270339055 ], [ 26.312830593673784, 46.599355821693322 ], [ 26.31921535086104, 46.59202136152571 ], [ 26.324517726990916, 46.584780806846311 ], [ 26.326719854101121, 46.577609632314612 ], [ 26.3259726186031, 46.570398573044848 ], [ 26.323227693767528, 46.563679367803601 ], [ 26.322088382203479, 46.558345478507505 ], [ 26.324412573723158, 46.55429827713197 ], [ 26.335803370519525, 46.551991485450934 ], [ 26.414918335660058, 46.549080839870882 ], [ 26.432339000943443, 46.550210160564198 ], [ 26.442473245284162, 46.555451144937727 ], [ 26.451923742192843, 46.563046091826159 ], [ 26.460167242769828, 46.571515692733833 ], [ 26.469275811498935, 46.576977776210036 ], [ 26.480231582514985, 46.579419919946858 ], [ 26.518224325827308, 46.577624994512639 ], [ 26.553922933724852, 46.581970440477342 ], [ 26.594811107986025, 46.574864925658538 ], [ 26.607550129527073, 46.575297974181609 ], [ 26.616283139451145, 46.580412845266146 ], [ 26.636361505319844, 46.596616863178319 ], [ 26.650713649314419, 46.602597998817622 ], [ 26.712961132651511, 46.618007555717348 ], [ 26.721299007654387, 46.624921985936105 ], [ 26.73067376715607, 46.638519018568743 ], [ 26.742853319569665, 46.64316293946721 ], [ 26.76195276310473, 46.643580108776163 ], [ 26.788187322696977, 46.636012989610549 ], [ 26.818163186002231, 46.619637081132083 ], [ 26.830376480086791, 46.614557086138419 ], [ 26.846327292904654, 46.613804574937696 ], [ 26.862523415352513, 46.61800701001512 ], [ 26.874094245990413, 46.624277949526039 ], [ 26.879971713927251, 46.631754014298181 ], [ 26.880902091577845, 46.639681847143116 ], [ 26.878906315917746, 46.648163642075438 ], [ 26.879992622927166, 46.656111283705329 ], [ 26.885195949422535, 46.662217286601511 ], [ 26.912644475138993, 46.676452574109923 ], [ 26.918962459305245, 46.683290813087496 ], [ 26.921763878056037, 46.691455840600838 ], [ 26.921442889534308, 46.699122419778412 ], [ 26.920337218388031, 46.70656090200103 ], [ 26.925892282949007, 46.709757075653471 ], [ 26.936719922421354, 46.70892027226715 ], [ 26.956442691887169, 46.697496106993043 ], [ 26.961863649080897, 46.689319991294674 ], [ 26.962805323139847, 46.68165516509444 ], [ 26.960389368000474, 46.675414300494268 ], [ 26.961048441460829, 46.668458593061885 ], [ 26.966859503833746, 46.658353895485185 ], [ 26.979974748156256, 46.647239626570375 ], [ 26.999576894155265, 46.636699263328602 ], [ 27.07056057582767, 46.641424311128496 ], [ 27.094633519314879, 46.640742197860988 ], [ 27.17505033013839, 46.624825925097355 ], [ 27.185423844148954, 46.620309041746118 ], [ 27.213770286529932, 46.613848816186824 ], [ 27.253702050972851, 46.625941456442732 ], [ 27.26730861742703, 46.612842746448315 ], [ 27.273244751426933, 46.605939381303372 ], [ 27.286324515444164, 46.595240291275395 ], [ 27.330890912963223, 46.567123653319378 ], [ 27.349221029164344, 46.55182344805926 ], [ 27.360507706252676, 46.533618042803305 ], [ 27.360163842424441, 46.508937148677809 ], [ 27.355867962618007, 46.486350060370093 ], [ 27.3596375261757, 46.463706270978875 ], [ 27.458725141065539, 46.334009539300425 ], [ 27.493548169066372, 46.270951695936766 ], [ 27.513799496248872, 46.208204828606952 ], [ 27.523291961218732, 46.161289576138849 ], [ 27.525170438059952, 46.034667407678867 ], [ 27.494863178703433, 46.038592677703392 ], [ 27.46029371077999, 46.047261350275186 ], [ 27.45079671716973, 46.046417140213784 ], [ 27.442923393056297, 46.040803315989869 ], [ 27.437572223535444, 46.034884128960051 ], [ 27.429616808272431, 46.029816508397801 ], [ 27.41822254346123, 46.028063838709613 ], [ 27.399857741681615, 46.030565676375566 ], [ 27.358068732319566, 46.050350962971855 ], [ 27.338341007957908, 46.053707664700617 ], [ 27.312708856042406, 46.054192084290953 ], [ 27.238650734854307, 46.046225785569504 ], [ 27.213444051086544, 46.037746712267619 ], [ 27.202100329867928, 46.029346631157537 ], [ 27.184415412071768, 46.013514452419841 ], [ 27.173299235509202, 46.006967214830205 ], [ 27.14580172809794, 45.995448891979763 ], [ 27.136035352770396, 45.987711126606037 ], [ 27.123530116726712, 45.97340911275775 ], [ 27.114822342891816, 45.96893977364936 ], [ 27.102162383312468, 45.967883049969004 ], [ 27.050559028159537, 45.982673369576816 ], [ 27.037003520810909, 45.985168227304996 ], [ 27.021628992039947, 45.984786441679724 ], [ 27.004668561344925, 45.979553576044154 ], [ 26.995514586407626, 45.97292963368421 ], [ 26.990250733995886, 45.965274571351706 ], [ 26.98767584979754, 45.958936563814191 ], [ 26.98333485278199, 45.955046503465837 ], [ 26.974301571334991, 45.95415826068681 ], [ 26.93611697106715, 45.966924497273325 ], [ 26.920994197548243, 45.9690151785748 ], [ 26.903779900193371, 45.969196563801447 ], [ 26.88409142964553, 45.966940569060263 ], [ 26.867560341297143, 45.968724320060431 ], [ 26.842972318780067, 45.974753308511559 ], [ 26.799430015613254, 45.977463253841243 ], [ 26.769785787438, 45.982474518149715 ], [ 26.673063122719164, 45.982116845490204 ], [ 26.656614669497525, 45.979398087777938 ], [ 26.644702748196455, 45.972338921725246 ], [ 26.638015427297585, 45.963989549277983 ], [ 26.63487793781427, 45.955165268392314 ], [ 26.632886009298218, 45.935953119418365 ], [ 26.630962588267248, 45.926434965970152 ], [ 26.600455653671339, 45.917309787963013 ], [ 26.485412777075759, 45.933829251433892 ], [ 26.468921494365105, 45.940602016947906 ], [ 26.462573071971164, 45.948866006994301 ], [ 26.456735804630156, 45.958299555630234 ], [ 26.448266427230394, 45.979782299140332 ], [ 26.443353577414271, 45.989050408195396 ], [ 26.435047182935119, 45.996175673411905 ], [ 26.424431414636441, 46.002434362151909 ], [ 26.405647748830784, 46.010098334674858 ], [ 26.399959332248788, 46.019370883695224 ], [ 26.402865227456758, 46.026238982824978 ], [ 26.41738790063361, 46.036583557801876 ], [ 26.419664059497904, 46.043217668399485 ], [ 26.415184656767771, 46.051667193671335 ], [ 26.405593211764547, 46.060316601314014 ], [ 26.369464273477167, 46.078044765060092 ], [ 26.36145071181808, 46.083400148711789 ], [ 26.3485864170555, 46.095642404220612 ], [ 26.340643027630833, 46.098823030348854 ], [ 26.33192462552509, 46.098051826481175 ], [ 26.299363564472191, 46.080034152670976 ], [ 26.257413393821714, 46.071873326757732 ], [ 25.996193231138097, 46.04267353300915 ], [ 25.903181103568265, 46.051247011750817 ], [ 25.875932627518953, 46.061982659463858 ], [ 25.858513342845143, 46.072799638491546 ], [ 25.850833286916568, 46.082718936040287 ], [ 25.842004277010325, 46.091028180814845 ], [ 25.803014218220671, 46.114944800094293 ], [ 25.796631500526466, 46.122331007636177 ], [ 25.791255939864961, 46.131668936939541 ], [ 25.767429360792121, 46.166447983041522 ], [ 25.764871466342221, 46.176425731528369 ], [ 25.763842483536017, 46.185826472678876 ], [ 25.761570186746415, 46.195172417960642 ], [ 25.754626347789316, 46.204080336923859 ], [ 25.743943445471107, 46.212591301543057 ], [ 25.724462242611288, 46.225610242695915 ], [ 25.739151036428666, 46.23442351898634 ] ] ] } },
{ "type": "Feature", "properties": { "source": "https://simplemaps.com", "id": "ROHR", "name": "Harghita", "changing": false, "mainFeature": false, "color_id": 3, "new_color_id": 3 }, "geometry": { "type": "Polygon", "coordinates": [ [ [ 25.115538103432915, 47.069510535824769 ], [ 25.113786063633817, 47.067174482759306 ], [ 25.112717063680325, 47.061829482991833 ], [ 25.112717063680325, 47.056484483224352 ], [ 25.11592406354081, 47.052208483410375 ], [ 25.119131063401298, 47.047932483596391 ], [ 25.123407063215279, 47.043656483782406 ], [ 25.127683063029259, 47.040449483921925 ], [ 25.130890062889748, 47.036173484107941 ], [ 25.13730406261072, 47.030828484340461 ], [ 25.142649062378197, 47.028690484433476 ], [ 25.147994062145674, 47.025483484572987 ], [ 25.155477061820143, 47.021207484759003 ], [ 25.164029061448105, 47.016931484945026 ], [ 25.171512061122574, 47.012655485131042 ], [ 25.17685706089005, 47.010517485224049 ], [ 25.183271060611023, 47.006241485410065 ], [ 25.1886160603785, 47.003034485549584 ], [ 25.192892060192484, 46.9987584857356 ], [ 25.198237059959961, 46.995551485875112 ], [ 25.203582059727438, 46.992344486014623 ], [ 25.212134059355403, 46.98699948624715 ], [ 25.219617059029868, 46.982723486433166 ], [ 25.224962058797345, 46.980585486526174 ], [ 25.23351405842531, 46.976309486712196 ], [ 25.243135058006771, 46.973102486851708 ], [ 25.252756057588229, 46.96989548699122 ], [ 25.258101057355706, 46.968826487037724 ], [ 25.264515057076679, 46.968826487037724 ], [ 25.269860056844156, 46.96989548699122 ], [ 25.275205056611632, 46.970964486944716 ], [ 25.280550056379113, 46.96989548699122 ], [ 25.28589505614659, 46.967757487084228 ], [ 25.293378055821055, 46.965619487177243 ], [ 25.300861055495524, 46.963481487270251 ], [ 25.306206055263001, 46.962412487316755 ], [ 25.311551055030481, 46.961343487363258 ], [ 25.316896054797958, 46.959205487456266 ], [ 25.320103054658443, 46.954929487642289 ], [ 25.323310054518931, 46.950653487828305 ], [ 25.327586054332912, 46.946377488014321 ], [ 25.330793054193396, 46.942101488200343 ], [ 25.336138053960877, 46.938894488339855 ], [ 25.34255205368185, 46.937825488386359 ], [ 25.348966053402822, 46.938894488339855 ], [ 25.354311053170299, 46.941032488246847 ], [ 25.360725052891272, 46.942101488200343 ], [ 25.366070052658749, 46.943170488153832 ], [ 25.371415052426226, 46.945308488060824 ], [ 25.376760052193703, 46.946377488014321 ], [ 25.382105051961179, 46.946377488014321 ], [ 25.387450051728656, 46.946377488014321 ], [ 25.392795051496133, 46.945308488060824 ], [ 25.398140051263614, 46.944239488107328 ], [ 25.40348505103109, 46.943170488153832 ], [ 25.410968050705559, 46.942101488200343 ], [ 25.416313050473036, 46.941032488246847 ], [ 25.421658050240513, 46.939963488293351 ], [ 25.424865050100998, 46.935687488479367 ], [ 25.428072049961486, 46.930342488711887 ], [ 25.434486049682459, 46.929273488758398 ], [ 25.439831049449936, 46.929273488758398 ], [ 25.446245049170908, 46.930342488711887 ], [ 25.452659048891881, 46.931411488665383 ], [ 25.459073048612854, 46.931411488665383 ], [ 25.464418048380331, 46.932480488618879 ], [ 25.4719010480548, 46.933549488572375 ], [ 25.477246047822277, 46.934618488525871 ], [ 25.482591047589754, 46.934618488525871 ], [ 25.487936047357231, 46.935687488479367 ], [ 25.491143047217719, 46.939963488293351 ], [ 25.494350047078203, 46.945308488060824 ], [ 25.495419047031699, 46.950653487828305 ], [ 25.496488046985196, 46.955998487595778 ], [ 25.497557046938692, 46.962412487316755 ], [ 25.503971046659665, 46.964550487223747 ], [ 25.510385046380637, 46.963481487270251 ], [ 25.515730046148114, 46.964550487223747 ], [ 25.520006045962095, 46.967757487084228 ], [ 25.521075045915584, 46.969182820355549 ], [ 25.531765045450541, 46.965619487177229 ], [ 25.546731044799476, 46.961343487363251 ], [ 25.559559044241421, 46.954929487642275 ], [ 25.568111043869386, 46.946377488014313 ], [ 25.572387043683367, 46.93568748847936 ], [ 25.572387043683367, 46.924997488944406 ], [ 25.572387043683367, 46.914307489409445 ], [ 25.568111043869386, 46.903617489874492 ], [ 25.561697044148413, 46.892927490339538 ], [ 25.557421044334433, 46.882237490804584 ], [ 25.548869044706468, 46.873685491176623 ], [ 25.538179045171514, 46.865133491548654 ], [ 25.53390304535753, 46.854443492013701 ], [ 25.531765045450541, 46.843753492478747 ], [ 25.531765045450541, 46.833063492943793 ], [ 25.527489045636557, 46.82237349340884 ], [ 25.527489045636557, 46.811683493873886 ], [ 25.525351045729568, 46.800993494338933 ], [ 25.523213045822576, 46.790303494803972 ], [ 25.523213045822576, 46.779613495269018 ], [ 25.525351045729568, 46.768923495734064 ], [ 25.529627045543549, 46.758233496199111 ], [ 25.531765045450541, 46.747543496664157 ], [ 25.53390304535753, 46.736853497129204 ], [ 25.536041045264522, 46.72616349759425 ], [ 25.53390304535753, 46.713335498152304 ], [ 25.527489045636557, 46.704783498524336 ], [ 25.518937046008595, 46.696231498896374 ], [ 25.508247046473642, 46.69195549908239 ], [ 25.501833046752669, 46.683403499454428 ], [ 25.508247046473642, 46.674851499826467 ], [ 25.518937046008595, 46.670575500012482 ], [ 25.529627045543549, 46.672713499919475 ], [ 25.540317045078503, 46.674851499826467 ], [ 25.553145044520448, 46.676989499733459 ], [ 25.563835044055406, 46.676989499733459 ], [ 25.576663043497348, 46.676989499733459 ], [ 25.587353043032305, 46.676989499733459 ], [ 25.598043042567259, 46.676989499733459 ], [ 25.610871042009205, 46.676989499733459 ], [ 25.621561041544158, 46.674851499826467 ], [ 25.632251041079115, 46.672713499919475 ], [ 25.642941040614069, 46.672713499919475 ], [ 25.653631040149023, 46.670575500012482 ], [ 25.666459039590968, 46.666299500198498 ], [ 25.679287039032914, 46.659885500477529 ], [ 25.689977038567868, 46.655609500663545 ], [ 25.702805038009814, 46.649195500942575 ], [ 25.715633037451759, 46.644919501128591 ], [ 25.726323036986713, 46.649195500942575 ], [ 25.734875036614678, 46.655609500663545 ], [ 25.743427036242643, 46.662023500384521 ], [ 25.754117035777597, 46.664161500291513 ], [ 25.76480703531255, 46.662023500384521 ], [ 25.775497034847504, 46.657747500570537 ], [ 25.786187034382461, 46.655609500663545 ], [ 25.801153033731396, 46.653471500756552 ], [ 25.811843033266353, 46.651333500849567 ], [ 25.822533032801307, 46.649195500942575 ], [ 25.83322303233626, 46.647057501035583 ], [ 25.843913031871214, 46.640643501314614 ], [ 25.854603031406171, 46.636367501500629 ], [ 25.855372511668691, 46.635905813343115 ], [ 25.855514989719758, 46.63131899110396 ], [ 25.859676013760289, 46.618692798156189 ], [ 25.867302613426506, 46.607405203674745 ], [ 25.881686761302095, 46.594353677679344 ], [ 25.905984838677234, 46.576154456588526 ], [ 25.910191028987942, 46.555123505034977 ], [ 25.897363029545996, 46.538019505779054 ], [ 25.88453503010405, 46.520915506523124 ], [ 25.875983030476085, 46.499535507453217 ], [ 25.86315503103414, 46.482431508197287 ], [ 25.850327031592194, 46.465327508941357 ], [ 25.828947032522287, 46.456775509313395 ], [ 25.807567033452376, 46.452499509499411 ], [ 25.790463034196449, 46.439671510057465 ], [ 25.773359034940523, 46.42684351061552 ], [ 25.760531035498577, 46.409739511359597 ], [ 25.74342703624265, 46.396911511917651 ], [ 25.72632303698672, 46.384083512475705 ], [ 25.709219037730794, 46.371255513033759 ], [ 25.717771037358759, 46.349875513963852 ], [ 25.72632303698672, 46.328495514893937 ], [ 25.739151036428666, 46.311391515638014 ], [ 25.751979035870612, 46.294287516382084 ], [ 25.751979035870612, 46.272907517312177 ], [ 25.751979035870612, 46.25152751824227 ], [ 25.739151036428666, 46.23442351898634 ], [ 25.724462242611288, 46.225610242695915 ], [ 25.718340403989341, 46.229701358493017 ], [ 25.702773529730898, 46.236308646712004 ], [ 25.68984528422239, 46.235003766032101 ], [ 25.677996937418861, 46.229571227207138 ], [ 25.666487544937699, 46.221574140534351 ], [ 25.665876616462928, 46.221149648279734 ], [ 25.631937976682824, 46.207581741735986 ], [ 25.615113827177783, 46.197895942700626 ], [ 25.578010086422193, 46.162886172320086 ], [ 25.562692689183265, 46.152055542818893 ], [ 25.541304314342604, 46.142030992368092 ], [ 25.504464534475709, 46.116423162848967 ], [ 25.499573052560045, 46.110356718435895 ], [ 25.500311375019574, 46.101458597975217 ], [ 25.49031487708303, 46.095772583237704 ], [ 25.48531572320503, 46.09224443880408 ], [ 25.459178012538203, 46.058616185411097 ], [ 25.43274701538073, 46.081007634918826 ], [ 25.388823632989265, 46.093817068234067 ], [ 25.373896421600282, 46.102235392246264 ], [ 25.357744669516137, 46.113726833571349 ], [ 25.337285231264406, 46.122180312617964 ], [ 25.320508886990662, 46.125628540125078 ], [ 25.303706669516828, 46.12576792270481 ], [ 25.248136518201228, 46.110511232214606 ], [ 25.194404471288266, 46.106560127999387 ], [ 25.14416275379401, 46.100610943528494 ], [ 25.052291776078167, 46.101330749291073 ], [ 25.037414619914863, 46.099119416814673 ], [ 25.023558473161728, 46.093920441349198 ], [ 25.000757918877081, 46.082166865574571 ], [ 24.990681722920048, 46.074441216698268 ], [ 24.983712192222278, 46.064163560774219 ], [ 24.979977249759504, 46.055931472089163 ], [ 24.985255228594873, 46.034832060574658 ], [ 24.938387442471242, 46.055669096165936 ], [ 24.928112780006533, 46.062716086992879 ], [ 24.912546745068724, 46.070668018818708 ], [ 24.899393883962766, 46.075526093100081 ], [ 24.877310204699366, 46.078147383780106 ], [ 24.863747003146035, 46.077798228391117 ], [ 24.850491798206054, 46.076066621163299 ], [ 24.841880882990864, 46.074075872002737 ], [ 24.830657668217, 46.072730226044797 ], [ 24.799575386423815, 46.072703626841992 ], [ 24.791913119059362, 46.071167167105799 ], [ 24.780814092778154, 46.065058844080944 ], [ 24.772973700924553, 46.062934569374903 ], [ 24.7496712727716, 46.063483114790699 ], [ 24.738261869592225, 46.061343143434605 ], [ 24.725561187436128, 46.061891200864395 ], [ 24.711794747936629, 46.066928467221757 ], [ 24.694988321193819, 46.082841357993637 ], [ 24.685482997965838, 46.105605781228931 ], [ 24.680597220378864, 46.131447799041965 ], [ 24.678187643322467, 46.188894825132863 ], [ 24.672418802935482, 46.215960783311985 ], [ 24.673568678269575, 46.225535027066336 ], [ 24.678842632428925, 46.233448346206657 ], [ 24.686081999166472, 46.240043655112324 ], [ 24.688939454398668, 46.245672397455301 ], [ 24.685342663472586, 46.248915930310453 ], [ 24.676227125365376, 46.24989273770408 ], [ 24.65675986944504, 46.24403381397736 ], [ 24.642196575707086, 46.241913673008206 ], [ 24.623190940216123, 46.243897525119195 ], [ 24.597038499893205, 46.250918581433893 ], [ 24.584158681378593, 46.250852993676666 ], [ 24.571708829328575, 46.245909291269122 ], [ 24.563896234265346, 46.240525878225185 ], [ 24.556670989362107, 46.234292008726442 ], [ 24.544114663629536, 46.230593700848999 ], [ 24.524350980419197, 46.230383396373391 ], [ 24.454559564358949, 46.236317052366417 ], [ 24.423190197501725, 46.232914246088427 ], [ 24.406132370208034, 46.229159123270009 ], [ 24.386654485953439, 46.22699834691727 ], [ 24.368120646088183, 46.229144773107507 ], [ 24.313804374247791, 46.247299179387838 ], [ 24.276892704289864, 46.243673420689554 ], [ 24.202878688875078, 46.246100207218433 ], [ 24.1872214939341, 46.254366034734268 ], [ 24.180464385033712, 46.260111963393641 ], [ 24.173222815704484, 46.26934174199264 ], [ 24.166399323384461, 46.301180943240112 ], [ 24.157074227959708, 46.316646423938742 ], [ 24.136723544384701, 46.329206936361636 ], [ 24.082152129990604, 46.347448980992681 ], [ 24.072421435790854, 46.352535331471366 ], [ 24.042515284204708, 46.37731235466741 ], [ 24.037956002718442, 46.3850410135408 ], [ 24.043580768681906, 46.396638249468729 ], [ 24.051909547723582, 46.403320231146736 ], [ 24.064615199858714, 46.410839719490646 ], [ 24.072524675753822, 46.418701840760626 ], [ 24.077047252644306, 46.427239105617353 ], [ 24.075771582563295, 46.434296597259284 ], [ 24.07179074549526, 46.43962363560918 ], [ 24.060352459456677, 46.448655429770952 ], [ 24.045920443647272, 46.456511446262134 ], [ 24.014631244761965, 46.459130424906149 ], [ 23.992468681651115, 46.47561456667448 ], [ 23.987742871561828, 46.487021715351524 ], [ 23.992454308403964, 46.499068341768165 ], [ 24.013270194732886, 46.51958776607632 ], [ 24.026798826492822, 46.528316248749768 ], [ 24.048550839527866, 46.537059438273538 ], [ 24.055327691031497, 46.542405873480874 ], [ 24.057003845273865, 46.55353690706022 ], [ 24.054231481210998, 46.561997243523386 ], [ 24.049120352811858, 46.57016129333924 ], [ 24.047104224786736, 46.57944551979012 ], [ 24.049718912766572, 46.590772530926024 ], [ 24.061121713346132, 46.611271841404339 ], [ 24.071281090475114, 46.625096654094818 ], [ 24.088296470580257, 46.6357058655163 ], [ 24.101469421280186, 46.639302540285072 ], [ 24.137632955431268, 46.64231111943085 ], [ 24.147481587363341, 46.648183830188302 ], [ 24.154571548624393, 46.658896391524934 ], [ 24.15415407401818, 46.676004870569571 ], [ 24.147725396635074, 46.68618547103911 ], [ 24.139201167015806, 46.694353535937886 ], [ 24.133435066966769, 46.701638072577822 ], [ 24.133928967162998, 46.710307007452407 ], [ 24.138859266500027, 46.72133675765491 ], [ 24.177875795718112, 46.769562797702328 ], [ 24.189096900809965, 46.778795174179486 ], [ 24.19848080218722, 46.784686059243164 ], [ 24.22898783538021, 46.785872904887945 ], [ 24.310370608486508, 46.754973002029203 ], [ 24.376121303546459, 46.740922678903992 ], [ 24.397982103504276, 46.73921509513935 ], [ 24.414019658177804, 46.740682851681377 ], [ 24.459960669803742, 46.751713222400312 ], [ 24.495568466962041, 46.753734955303656 ], [ 24.515002616371966, 46.757423130023476 ], [ 24.529345700111303, 46.763171995997077 ], [ 24.534924418275732, 46.770944037667171 ], [ 24.53842519486394, 46.781124557804326 ], [ 24.540536839235646, 46.791488768271783 ], [ 24.543901851902053, 46.802165776259116 ], [ 24.550432249158082, 46.810469589736847 ], [ 24.57001360421663, 46.825865621378945 ], [ 24.576492542113233, 46.832852668619111 ], [ 24.586513616959021, 46.851078766444189 ], [ 24.596594306876909, 46.862889780602828 ], [ 24.618133487932479, 46.880743485540314 ], [ 24.643132039802015, 46.893160963466549 ], [ 24.661324683884256, 46.8981646084193 ], [ 24.673609075441721, 46.898874073073856 ], [ 24.684912717605584, 46.896984298937078 ], [ 24.697007436875101, 46.892839897651918 ], [ 24.725940121901189, 46.878883769904341 ], [ 24.742065736635567, 46.873340663457945 ], [ 24.759963784625395, 46.870805335943245 ], [ 24.771734437508222, 46.874249802776966 ], [ 24.779175131614863, 46.882026745568147 ], [ 24.788072027343361, 46.909864203502465 ], [ 24.794293898648004, 46.923506856219895 ], [ 24.802735329383157, 46.935718124532521 ], [ 24.828839821704253, 46.960555926340454 ], [ 24.834234384512836, 46.967585359476907 ], [ 24.84899405088608, 46.991935606814124 ], [ 24.856914802038478, 46.99876294530673 ], [ 24.90860027796154, 47.027100490127928 ], [ 24.941607438532753, 47.040653106951517 ], [ 24.968545907880628, 47.045806286378713 ], [ 25.034622865079051, 47.05201588967099 ], [ 25.112486566020824, 47.070021627551917 ], [ 25.115538103432915, 47.069510535824769 ] ] ] } },
{ "type": "Feature", "properties": { "source": "https://simplemaps.com", "id": "ROHD", "name": "Hunedoara", "changing": false, "mainFeature": false, "color_id": 2, "new_color_id": 2 }, "geometry": { "type": "Polygon", "coordinates": [ [ [ 22.355897619968381, 46.023752805666994 ], [ 22.40405499026151, 46.0637090853362 ], [ 22.415733686317324, 46.080680993322126 ], [ 22.423494193009898, 46.096642340311625 ], [ 22.424434126348629, 46.108784718269746 ], [ 22.422509993368724, 46.119099679838428 ], [ 22.412898179273398, 46.143109407126275 ], [ 22.415607246010868, 46.152881263049295 ], [ 22.42181819486655, 46.164921114562517 ], [ 22.436880163675657, 46.185096437641846 ], [ 22.442426526375158, 46.199980767886252 ], [ 22.44498517559056, 46.213844036595376 ], [ 22.443325194047155, 46.246800172888356 ], [ 22.448245404623794, 46.25757173857307 ], [ 22.457626746897652, 46.267367304216393 ], [ 22.481334192715202, 46.28115399914909 ], [ 22.49548604570419, 46.285979457499167 ], [ 22.513360352016139, 46.286806648468598 ], [ 22.56881373678052, 46.275253254159686 ], [ 22.587418378723079, 46.273595341645454 ], [ 22.611677320182565, 46.27502628462198 ], [ 22.630552164633077, 46.281606477126637 ], [ 22.65203235404142, 46.29398052906172 ], [ 22.675823285987221, 46.319167404342679 ], [ 22.685284789343722, 46.334984716598456 ], [ 22.704032430823322, 46.36080817446792 ], [ 22.770922022371035, 46.391783789181353 ], [ 22.818462476253483, 46.368308885621481 ], [ 22.827696606416136, 46.366396570400035 ], [ 22.919145867960147, 46.369442634927644 ], [ 22.92897946797429, 46.366989758675643 ], [ 22.938096093777826, 46.358100341381466 ], [ 22.948212891327472, 46.343043480139684 ], [ 22.962443340501206, 46.314147199453181 ], [ 22.977803901566251, 46.269174712108516 ], [ 22.984242108475517, 46.263208523559427 ], [ 22.996207133816547, 46.259715612973494 ], [ 23.041298082990313, 46.25296301532768 ], [ 23.052932082672676, 46.248939936291599 ], [ 23.063714870861617, 46.242985033004899 ], [ 23.076092240933153, 46.23019294003133 ], [ 23.087454583599886, 46.213923911008841 ], [ 23.102721966670639, 46.183771651477009 ], [ 23.103104061322693, 46.173698017939842 ], [ 23.09877314522387, 46.170066093304257 ], [ 23.091574055163893, 46.172441954006082 ], [ 23.084182711277077, 46.173868506968503 ], [ 23.077899326361056, 46.173209048956174 ], [ 23.07360271031019, 46.170454942582957 ], [ 23.071882085070236, 46.166126335160818 ], [ 23.074459806885613, 46.159302548025771 ], [ 23.080932870541407, 46.150257938972508 ], [ 23.173879635885726, 46.057958974739762 ], [ 23.19733504329006, 46.049414351001147 ], [ 23.216913908520425, 46.046218611348827 ], [ 23.227823342466046, 46.039534641361563 ], [ 23.26385548938693, 45.967715482694594 ], [ 23.279866531363954, 45.948653107372827 ], [ 23.304908549353815, 45.925126429780697 ], [ 23.313443417982185, 45.913260274266506 ], [ 23.335540534476543, 45.835547017379106 ], [ 23.356272991149098, 45.793053800128426 ], [ 23.363645895436829, 45.77130367525789 ], [ 23.36678161856743, 45.756261103586894 ], [ 23.363416662668875, 45.737645543113977 ], [ 23.364950734951837, 45.729259395407823 ], [ 23.36991907233751, 45.721411286996855 ], [ 23.390305954498789, 45.703160470692922 ], [ 23.393247521369094, 45.693736697116897 ], [ 23.390759765512499, 45.686981541109986 ], [ 23.386751330633047, 45.67969107400296 ], [ 23.383508377850283, 45.672138012598857 ], [ 23.384103894984214, 45.663555763833607 ], [ 23.387581180118843, 45.653283580290676 ], [ 23.39748878209755, 45.635519883587605 ], [ 23.409077481644477, 45.622396655415443 ], [ 23.432105381150194, 45.608205801051383 ], [ 23.470386386514832, 45.593936089902442 ], [ 23.487087607594059, 45.584595175904646 ], [ 23.50782284690349, 45.565994669855769 ], [ 23.556402714443152, 45.530739571651658 ], [ 23.562720494899434, 45.524338497837093 ], [ 23.565743137361551, 45.514342659130698 ], [ 23.567307467055063, 45.506731007370519 ], [ 23.564615807218733, 45.473582867841614 ], [ 23.560621588884644, 45.458715503717634 ], [ 23.562737964148901, 45.449349780040436 ], [ 23.575344625600792, 45.418603375554312 ], [ 23.577708273723353, 45.407624816315597 ], [ 23.562466253896094, 45.378871668907635 ], [ 23.499875111013345, 45.36657851520696 ], [ 23.442045762871597, 45.346445358479045 ], [ 23.424149355449785, 45.337111817661587 ], [ 23.414295118488607, 45.335066230477501 ], [ 23.405340543710512, 45.336191887142775 ], [ 23.387569069490397, 45.345936630454865 ], [ 23.373941209725324, 45.351873477487324 ], [ 23.358415249058943, 45.355557259578035 ], [ 23.333171811114465, 45.356724724898442 ], [ 23.314217533014595, 45.353405689420761 ], [ 23.279210286380749, 45.342930741795776 ], [ 23.234916723740852, 45.338326407395094 ], [ 23.218800464806403, 45.334844758676013 ], [ 23.163306061258258, 45.313586025381142 ], [ 23.147337473324814, 45.311236382690765 ], [ 23.134802791787124, 45.31206234846443 ], [ 23.104820581782636, 45.322982405080801 ], [ 23.090268847869343, 45.32512837827759 ], [ 23.064975971106435, 45.325030719083699 ], [ 23.000487092301626, 45.307846985214091 ], [ 22.985233993813949, 45.307925873276723 ], [ 22.975114792242998, 45.311010541487754 ], [ 22.967890930413763, 45.316722984456881 ], [ 22.959403569395519, 45.321864233946883 ], [ 22.950215849825629, 45.324964194303455 ], [ 22.907638329084349, 45.328541488195974 ], [ 22.895833262859952, 45.332157453883461 ], [ 22.886895292596837, 45.337678318553792 ], [ 22.880132954033819, 45.344613906623216 ], [ 22.867461987119515, 45.349892780306305 ], [ 22.856402764951515, 45.348773456861643 ], [ 22.642151096966977, 45.302637243058633 ], [ 22.643673251728377, 45.321738483765365 ], [ 22.646281432702867, 45.328928513068071 ], [ 22.651470270411814, 45.337310580624447 ], [ 22.673906892181417, 45.359602534319144 ], [ 22.679802506193997, 45.367543263354655 ], [ 22.682263843135523, 45.374945877061435 ], [ 22.683042346996544, 45.382957271472208 ], [ 22.680616148578327, 45.39233508473081 ], [ 22.675139142705039, 45.403047416674525 ], [ 22.662186513967836, 45.416999700233632 ], [ 22.655278991423888, 45.426837064912647 ], [ 22.653559563822078, 45.435773512311165 ], [ 22.657220846961252, 45.442120805059588 ], [ 22.670179910477305, 45.454801935405058 ], [ 22.675685456084604, 45.464671420261723 ], [ 22.677753692022922, 45.473925302005441 ], [ 22.674530651722858, 45.490703751732582 ], [ 22.675418121404732, 45.501503565948177 ], [ 22.674761516819338, 45.5124929584901 ], [ 22.671968449146089, 45.524393332474567 ], [ 22.661288684480972, 45.554159425641835 ], [ 22.65207510765639, 45.568508610748871 ], [ 22.637273632873455, 45.58279171089967 ], [ 22.604937219801275, 45.602285161283284 ], [ 22.586054124010587, 45.61137516144094 ], [ 22.573960889565903, 45.619527560787283 ], [ 22.568227075268016, 45.627638288321975 ], [ 22.561906446452934, 45.63264312334789 ], [ 22.551690204689159, 45.634567960921984 ], [ 22.542344087527173, 45.633614432350548 ], [ 22.533825997470469, 45.633999011428493 ], [ 22.528354123857728, 45.636902052424027 ], [ 22.527427599287957, 45.644954229176413 ], [ 22.529579113943619, 45.652368942481282 ], [ 22.529228851317754, 45.659286717406125 ], [ 22.524462378254153, 45.664360109867403 ], [ 22.51001979379717, 45.667975743299138 ], [ 22.498235267548733, 45.669470542175354 ], [ 22.484120663052526, 45.673538784415129 ], [ 22.471056593341508, 45.680668931446384 ], [ 22.442427502364534, 45.710334813534423 ], [ 22.435057457307018, 45.733481241846064 ], [ 22.443424300478284, 45.735843475952308 ], [ 22.44725113042923, 45.738486603557142 ], [ 22.451646613546377, 45.743770891417725 ], [ 22.454237642732103, 45.75052200358909 ], [ 22.459305604325309, 45.769045117318491 ], [ 22.464481135254761, 45.778410261717553 ], [ 22.472933025100865, 45.788242222576791 ], [ 22.484903456899239, 45.796798836230899 ], [ 22.525920973712136, 45.820795372903554 ], [ 22.534582783410929, 45.828059085849304 ], [ 22.537349907723947, 45.835346319832809 ], [ 22.534819792751385, 45.842064842811219 ], [ 22.524000694653321, 45.847090340109247 ], [ 22.516738037742396, 45.847839604334141 ], [ 22.508933961816354, 45.846644763184564 ], [ 22.496455683806396, 45.842296943554018 ], [ 22.488222659401519, 45.846006089485378 ], [ 22.480502235192603, 45.854892578042588 ], [ 22.463022167021222, 45.887975679902404 ], [ 22.453898933258909, 45.900666437789766 ], [ 22.445889238292835, 45.907443918804667 ], [ 22.419067251289189, 45.923799926855892 ], [ 22.410018207185448, 45.934419100159303 ], [ 22.404089039844628, 45.949441536744715 ], [ 22.400385679853539, 45.96186881108747 ], [ 22.39816272318329, 45.980418198788705 ], [ 22.388994365563303, 45.997247980976887 ], [ 22.355897619968381, 46.023752805666994 ] ] ] } },
{ "type": "Feature", "properties": { "source": "https://simplemaps.com", "id": "ROHR", "name": "Harghita", "changing": true, "mainFeature": false, "color_id": 3, "new_color_id": 1 }, "geometry": { "type": "Polygon", "coordinates": [ [ [ 25.555283044427441, 47.023345484665988 ], [ 25.544593044892487, 47.023345484665988 ], [ 25.53390304535753, 47.023345484665988 ], [ 25.525351045729568, 47.019924684814804 ], [ 25.525351045729568, 47.019069484852004 ], [ 25.525351045729568, 47.00837948531705 ], [ 25.521075045915584, 46.997689485782097 ], [ 25.514661046194611, 46.986999486247143 ], [ 25.51038504638063, 46.976309486712182 ], [ 25.518937046008595, 46.969895486991213 ], [ 25.521075045915584, 46.969182820355549 ], [ 25.520006045962095, 46.967757487084228 ], [ 25.515730046148114, 46.964550487223747 ], [ 25.510385046380637, 46.963481487270251 ], [ 25.503971046659665, 46.964550487223747 ], [ 25.497557046938692, 46.962412487316755 ], [ 25.496488046985196, 46.955998487595778 ], [ 25.495419047031699, 46.950653487828305 ], [ 25.494350047078203, 46.945308488060824 ], [ 25.491143047217719, 46.939963488293351 ], [ 25.487936047357231, 46.935687488479367 ], [ 25.482591047589754, 46.934618488525871 ], [ 25.477246047822277, 46.934618488525871 ], [ 25.4719010480548, 46.933549488572375 ], [ 25.464418048380331, 46.932480488618879 ], [ 25.459073048612854, 46.931411488665383 ], [ 25.452659048891881, 46.931411488665383 ], [ 25.446245049170908, 46.930342488711887 ], [ 25.439831049449936, 46.929273488758398 ], [ 25.434486049682459, 46.929273488758398 ], [ 25.428072049961486, 46.930342488711887 ], [ 25.424865050100998, 46.935687488479367 ], [ 25.421658050240513, 46.939963488293351 ], [ 25.416313050473036, 46.941032488246847 ], [ 25.410968050705559, 46.942101488200343 ], [ 25.40348505103109, 46.943170488153832 ], [ 25.398140051263614, 46.944239488107328 ], [ 25.392795051496133, 46.945308488060824 ], [ 25.387450051728656, 46.946377488014321 ], [ 25.382105051961179, 46.946377488014321 ], [ 25.376760052193703, 46.946377488014321 ], [ 25.371415052426226, 46.945308488060824 ], [ 25.366070052658749, 46.943170488153832 ], [ 25.360725052891272, 46.942101488200343 ], [ 25.354311053170299, 46.941032488246847 ], [ 25.348966053402822, 46.938894488339855 ], [ 25.34255205368185, 46.937825488386359 ], [ 25.336138053960877, 46.938894488339855 ], [ 25.330793054193396, 46.942101488200343 ], [ 25.327586054332912, 46.946377488014321 ], [ 25.323310054518931, 46.950653487828305 ], [ 25.320103054658443, 46.954929487642289 ], [ 25.316896054797958, 46.959205487456266 ], [ 25.311551055030481, 46.961343487363258 ], [ 25.306206055263001, 46.962412487316755 ], [ 25.300861055495524, 46.963481487270251 ], [ 25.293378055821055, 46.965619487177243 ], [ 25.28589505614659, 46.967757487084228 ], [ 25.280550056379113, 46.96989548699122 ], [ 25.275205056611632, 46.970964486944716 ], [ 25.269860056844156, 46.96989548699122 ], [ 25.264515057076679, 46.968826487037724 ], [ 25.258101057355706, 46.968826487037724 ], [ 25.252756057588229, 46.96989548699122 ], [ 25.243135058006771, 46.973102486851708 ], [ 25.23351405842531, 46.976309486712196 ], [ 25.224962058797345, 46.980585486526174 ], [ 25.219617059029868, 46.982723486433166 ], [ 25.212134059355403, 46.98699948624715 ], [ 25.203582059727438, 46.992344486014623 ], [ 25.198237059959961, 46.995551485875112 ], [ 25.192892060192484, 46.9987584857356 ], [ 25.1886160603785, 47.003034485549584 ], [ 25.183271060611023, 47.006241485410065 ], [ 25.17685706089005, 47.010517485224049 ], [ 25.171512061122574, 47.012655485131042 ], [ 25.164029061448105, 47.016931484945026 ], [ 25.155477061820143, 47.021207484759003 ], [ 25.147994062145674, 47.025483484572987 ], [ 25.142649062378197, 47.028690484433476 ], [ 25.13730406261072, 47.030828484340461 ], [ 25.130890062889748, 47.036173484107941 ], [ 25.127683063029259, 47.040449483921925 ], [ 25.123407063215279, 47.043656483782406 ], [ 25.119131063401298, 47.047932483596391 ], [ 25.11592406354081, 47.052208483410375 ], [ 25.112717063680325, 47.056484483224352 ], [ 25.112717063680325, 47.061829482991833 ], [ 25.113786063633817, 47.067174482759306 ], [ 25.115538103432915, 47.069510535824769 ], [ 25.113786063633796, 47.06984698264305 ], [ 25.112486566020824, 47.070021627551917 ], [ 25.109790732549794, 47.139995012161286 ], [ 25.116372885402857, 47.169474525684883 ], [ 25.120973149284996, 47.179999832107512 ], [ 25.125282249251363, 47.194984263483292 ], [ 25.123812283536207, 47.201040686335354 ], [ 25.118941905146013, 47.203454840511512 ], [ 25.110828027498435, 47.202272216775853 ], [ 25.099972131158044, 47.202386062640798 ], [ 25.088293728937877, 47.205273068992426 ], [ 25.077173148973117, 47.215818045388936 ], [ 25.079124833834598, 47.226059194751457 ], [ 25.087230024496041, 47.238930037529492 ], [ 25.100585660503345, 47.253819374383966 ], [ 25.109184282477518, 47.27137701328585 ], [ 25.109004546885842, 47.282658225004475 ], [ 25.104887413951261, 47.292438123734755 ], [ 25.093661470068234, 47.310873961061553 ], [ 25.086554665630533, 47.319581471831086 ], [ 25.067506285384834, 47.337676416797002 ], [ 25.05877715959226, 47.34854171327553 ], [ 25.057671494553318, 47.355980221875946 ], [ 25.062243085421706, 47.36180068249049 ], [ 25.069506201242891, 47.365033520877972 ], [ 25.078376481866663, 47.36572117986573 ], [ 25.085955031366332, 47.365114809282481 ], [ 25.093553931121523, 47.36370599117275 ], [ 25.100089461593765, 47.36420052537845 ], [ 25.104873979841425, 47.367530110065623 ], [ 25.107848492637007, 47.376153922683365 ], [ 25.106551615177199, 47.382669112675039 ], [ 25.102290230036097, 47.388757078390157 ], [ 25.097197801474373, 47.39342952797427 ], [ 25.093973384810386, 47.398261700423191 ], [ 25.096337850231347, 47.403185656052287 ], [ 25.104258972701526, 47.407375495626937 ], [ 25.116333416140719, 47.410653062261211 ], [ 25.130043723104748, 47.416090415818445 ], [ 25.14152219771994, 47.423968173287022 ], [ 25.148769737990303, 47.437389696207966 ], [ 25.148083680383792, 47.448949055468695 ], [ 25.14339335464334, 47.459941033771138 ], [ 25.131887389794976, 47.475181401943949 ], [ 25.106686609226855, 47.497292104691731 ], [ 25.029447728205259, 47.544242941947111 ], [ 25.018943969906864, 47.553367591134702 ], [ 25.079035361368962, 47.565215469219282 ], [ 25.088117487640428, 47.571324889562668 ], [ 25.096127018420169, 47.580424238053304 ], [ 25.094170438283065, 47.591231861577491 ], [ 25.0864731891166, 47.600712030718185 ], [ 25.044592371719833, 47.632705820579638 ], [ 25.021695366556674, 47.659510265159227 ], [ 25.010304517002353, 47.687079914448795 ], [ 25.085637469326624, 47.693161743161895 ], [ 25.097532936768033, 47.696152669329855 ], [ 25.112252306921835, 47.699853548178375 ], [ 25.148834580859866, 47.709051264374892 ], [ 25.148943951114465, 47.709202356027575 ], [ 25.149152470252297, 47.709245687983724 ], [ 25.152970729509146, 47.711530244270335 ], [ 25.156168433666252, 47.713443251277916 ], [ 25.15789124784817, 47.714473987359014 ], [ 25.185882451939285, 47.731220336613397 ], [ 25.191833282501168, 47.734780393287892 ], [ 25.197228299655023, 47.740340257582531 ], [ 25.199355166340357, 47.742532093168037 ], [ 25.199994647709723, 47.743190917379167 ], [ 25.293030905234957, 47.839067213943395 ], [ 25.296234555186611, 47.840422374021465 ], [ 25.32775111915506, 47.853752896804103 ], [ 25.33657132846141, 47.857483437744108 ], [ 25.359730678169665, 47.858275714610095 ], [ 25.828374518484772, 47.874311067620312 ], [ 25.84711921017615, 47.87865254882103 ], [ 25.880978184834873, 47.88649451524757 ], [ 25.894862314937086, 47.889710187434979 ], [ 25.947602308224624, 47.892096697567489 ], [ 25.964120867625507, 47.896279687824304 ], [ 25.978210694990054, 47.899847504290676 ], [ 25.985561409014011, 47.900515059898375 ], [ 25.995130147124307, 47.901384391502532 ], [ 26.042612370511062, 47.89627088699735 ], [ 26.106629355971428, 47.9066724148718 ], [ 26.179827819257028, 47.904283133075182 ], [ 26.194330279241754, 47.842891980828774 ], [ 26.201173243849446, 47.831402290833324 ], [ 26.21565426609785, 47.820829434152017 ], [ 26.241911708203549, 47.808555059376197 ], [ 26.28132614984996, 47.783587569200705 ], [ 26.331536203955544, 47.762257851882303 ], [ 26.354508800684602, 47.745328244358141 ], [ 26.464340151998833, 47.643086574814561 ], [ 26.482539684219194, 47.620473805432511 ], [ 26.546412206526309, 47.562331316532656 ], [ 26.558293803918477, 47.547438514762995 ], [ 26.589484676009228, 47.523775052865567 ], [ 26.599405645341218, 47.511647734660649 ], [ 26.607748567534468, 47.489575318340805 ], [ 26.621510476519902, 47.436778593019497 ], [ 26.621633718277533, 47.42405158440809 ], [ 26.618891907175719, 47.409471436397844 ], [ 26.617820270481552, 47.397928956561344 ], [ 26.619702024975044, 47.386529604900751 ], [ 26.624577563652362, 47.376306295144119 ], [ 26.648290314948099, 47.35184894816063 ], [ 26.662203142806252, 47.342617025995324 ], [ 26.672742844403551, 47.337059312039777 ], [ 26.7137907984023, 47.331395629583795 ], [ 26.728169094291381, 47.316870520690387 ], [ 26.729984739312798, 47.30774933238326 ], [ 26.726459743957182, 47.296949148816012 ], [ 26.715375470238115, 47.279307570483404 ], [ 26.713140583683913, 47.267112406307319 ], [ 26.708587697568575, 47.257800373971591 ], [ 26.699551951329436, 47.252878455405117 ], [ 26.678222197651579, 47.25097104564361 ], [ 26.573731987188815, 47.263587352661503 ], [ 26.557025325594047, 47.260878573368963 ], [ 26.552640487100525, 47.251896224785661 ], [ 26.562838584871063, 47.234948752791567 ], [ 26.622570754287054, 47.193931082753608 ], [ 26.627562290550713, 47.186676776435704 ], [ 26.618742547804224, 47.179341674597644 ], [ 26.608151642128238, 47.174325405683 ], [ 26.531054159592742, 47.165340022403903 ], [ 26.497113701364533, 47.194075722515777 ], [ 26.482856758026426, 47.20244196216219 ], [ 26.465809740703364, 47.208227904997692 ], [ 26.446247011459732, 47.211836708302748 ], [ 26.426221932550952, 47.212877792821054 ], [ 26.403455615669767, 47.209940543567804 ], [ 26.308485555313585, 47.180320724856095 ], [ 26.271840338988707, 47.175572730917523 ], [ 26.159440652775601, 47.180326913474239 ], [ 26.107446489212144, 47.173205042551359 ], [ 26.088358961480843, 47.174416418955772 ], [ 26.072089711884292, 47.178930796203332 ], [ 26.059924852227422, 47.185250118108378 ], [ 26.045951007152766, 47.1889507181399 ], [ 26.031307491941575, 47.188747345695319 ], [ 25.957376641160163, 47.16815728140412 ], [ 25.939632021078083, 47.166678573514595 ], [ 25.926829910649879, 47.168601116131107 ], [ 25.914318709075086, 47.175321757049439 ], [ 25.870063760525596, 47.206115324634354 ], [ 25.856614036586599, 47.212640035083439 ], [ 25.844354335061837, 47.216532396378589 ], [ 25.833653340268928, 47.21664014662381 ], [ 25.825774633904189, 47.213534891062466 ], [ 25.821370047664445, 47.208018128570686 ], [ 25.823888065319476, 47.200989828543534 ], [ 25.840730184472267, 47.183343140368116 ], [ 25.860371207453234, 47.169827550048808 ], [ 25.867522428945794, 47.162256178412441 ], [ 25.869367331516244, 47.153883725267484 ], [ 25.867038892738705, 47.144588295995909 ], [ 25.859162065076411, 47.13491483604524 ], [ 25.841717289534714, 47.125227560555992 ], [ 25.801951090482049, 47.109430859192557 ], [ 25.786395496662792, 47.100445409466786 ], [ 25.740452730013889, 47.065548251462474 ], [ 25.727078098002803, 47.04884955493965 ], [ 25.714603743475543, 47.023427320940577 ], [ 25.712969619839321, 47.001460328852652 ], [ 25.66019528106273, 46.998195779749572 ], [ 25.64581733507725, 46.995525319407179 ], [ 25.624927917761624, 46.994298871554257 ], [ 25.609340440409074, 46.996407859877529 ], [ 25.593817952476495, 47.004151129759997 ], [ 25.5819421868399, 47.013898250538539 ], [ 25.572491313812904, 47.023498746171292 ], [ 25.561648466132915, 47.031886720069707 ], [ 25.566409586243097, 47.028203540854236 ], [ 25.565973043962394, 47.027621484479965 ], [ 25.555283044427441, 47.023345484665988 ] ] ] } },
{ "type": "Feature", "properties": { "source": "https://simplemaps.com", "id": "ROBZ", "name": "Buzau", "changing": true, "mainFeature": false, "color_id": 1, "new_color_id": 3 }, "geometry": { "type": "Polygon", "coordinates": [ [ [ 26.559238772003514, 44.773879197997914 ], [ 26.541224263412921, 44.798579362020646 ], [ 26.504747540350859, 44.827259038489565 ], [ 26.500793408389367, 44.837239528089931 ], [ 26.501766162515075, 44.846251752389264 ], [ 26.508562993908395, 44.853433238376482 ], [ 26.526946013510702, 44.865954391354265 ], [ 26.535161236199531, 44.873700932608926 ], [ 26.537703769291728, 44.88715124087058 ], [ 26.532935728257296, 44.896155043920409 ], [ 26.525326812451048, 44.903925191391728 ], [ 26.503581411968678, 44.920496626758258 ], [ 26.495166230559729, 44.923514692542255 ], [ 26.467351305288393, 44.930342078572551 ], [ 26.451149483261254, 44.937905123771415 ], [ 26.444748057862007, 44.948782884226411 ], [ 26.440838787319798, 44.963881535581891 ], [ 26.440453870179422, 45.001675015195801 ], [ 26.438363177370086, 45.015668289808858 ], [ 26.434482153921799, 45.031489851628585 ], [ 26.428683221901732, 45.041904483623767 ], [ 26.419753785052645, 45.051613997729405 ], [ 26.396827137202607, 45.065749159924174 ], [ 26.383009150137212, 45.07740803806464 ], [ 26.380833707988248, 45.08923255227937 ], [ 26.382613309904126, 45.099040734146364 ], [ 26.385405658106873, 45.106973442296017 ], [ 26.384606804569149, 45.114322465422177 ], [ 26.379732378650864, 45.116633281273117 ], [ 26.371428265291186, 45.114553004934301 ], [ 26.354434081425097, 45.1044860316239 ], [ 26.346859121474999, 45.101213645949834 ], [ 26.338806589944365, 45.102924641528332 ], [ 26.328225132535618, 45.110061204184348 ], [ 26.323915237806574, 45.122848294015689 ], [ 26.314375781320855, 45.128858086251149 ], [ 26.303172203286906, 45.13198513110229 ], [ 26.258878089991981, 45.131337069906884 ], [ 26.245322594069911, 45.133831983199954 ], [ 26.231552937889187, 45.140110515261121 ], [ 26.224395667188386, 45.147527001906525 ], [ 26.221582965907142, 45.154954699676367 ], [ 26.220830520103135, 45.163491367890764 ], [ 26.218476963095153, 45.174728117769348 ], [ 26.208033724857241, 45.185401804685682 ], [ 26.18065107413447, 45.207261615309847 ], [ 26.176524706052646, 45.218128053906824 ], [ 26.178702451243883, 45.226214044286699 ], [ 26.185064999399209, 45.23286948672758 ], [ 26.18698337260464, 45.242258537525338 ], [ 26.182316699462277, 45.257826375801258 ], [ 26.150083852746178, 45.311732672011921 ], [ 26.137321446259353, 45.326582549512537 ], [ 26.123848961486424, 45.336495457137019 ], [ 26.083940706914216, 45.359413591859038 ], [ 26.025865324463172, 45.412390426013367 ], [ 26.083498066737505, 45.492340674372983 ], [ 26.122922257030108, 45.49938496279853 ], [ 26.172296141804154, 45.499007023505847 ], [ 26.184486150106231, 45.501271624139193 ], [ 26.191224464508608, 45.506955635153737 ], [ 26.195886391230914, 45.525675608988351 ], [ 26.20046145700314, 45.535555571552713 ], [ 26.209709075064346, 45.545899384509084 ], [ 26.219884229582846, 45.548216851024179 ], [ 26.230193660744209, 45.54602981519308 ], [ 26.240077236210329, 45.540885711303424 ], [ 26.25809112635217, 45.528080295798532 ], [ 26.26908530942125, 45.523565097704839 ], [ 26.286096268619335, 45.522150478130484 ], [ 26.304023494419109, 45.528302303018812 ], [ 26.31357204082904, 45.537082898807405 ], [ 26.322058590462348, 45.559713093544914 ], [ 26.3291197526788, 45.573659011593946 ], [ 26.345284811158415, 45.590300435890683 ], [ 26.354301306446352, 45.6026702165111 ], [ 26.359158400331914, 45.61579723205665 ], [ 26.360987440101656, 45.626870528252084 ], [ 26.365803185208094, 45.638939063943248 ], [ 26.385069025962682, 45.666112720197816 ], [ 26.38784872940289, 45.677691938352943 ], [ 26.385645035586272, 45.688793523026852 ], [ 26.380584336989912, 45.698248416049417 ], [ 26.372581709291019, 45.719764628679947 ], [ 26.415569099426992, 45.688296466176077 ], [ 26.455639214230587, 45.644375325230847 ], [ 26.518231400285945, 45.561407807613485 ], [ 26.53671460852911, 45.544731228371049 ], [ 26.553996127629759, 45.534359184592304 ], [ 26.582082993838512, 45.530520677381602 ], [ 26.59624566852137, 45.530329282085106 ], [ 26.608255540006695, 45.531954455757152 ], [ 26.618925697727434, 45.535028330060314 ], [ 26.631779276310503, 45.534422598457745 ], [ 26.654187628689755, 45.526875593182581 ], [ 26.715798924630278, 45.486301720505104 ], [ 26.737335305870623, 45.465704656603023 ], [ 26.770779304392754, 45.44676266918853 ], [ 26.81254896438346, 45.427805606812619 ], [ 26.824240671267905, 45.423935503661795 ], [ 26.843986552741882, 45.421043523366279 ], [ 26.858553784761643, 45.416647300795383 ], [ 26.868636305717338, 45.415270721709284 ], [ 26.875166780551268, 45.415636099675588 ], [ 26.879476504253493, 45.418725799600118 ], [ 26.881809708734654, 45.422849454236065 ], [ 26.882545377022868, 45.425794368694135 ], [ 26.881883820618992, 45.428716317838244 ], [ 26.880427533902896, 45.431152175110299 ], [ 26.879172560820198, 45.434769592543127 ], [ 26.881487605945374, 45.43842851892709 ], [ 26.888751742371873, 45.441687228791984 ], [ 26.904108113614345, 45.441604294796157 ], [ 26.927888933992921, 45.437416922191169 ], [ 26.956963873406981, 45.427101189732674 ], [ 26.973798820459159, 45.417212044014811 ], [ 26.979646176214448, 45.408036685651432 ], [ 26.978695607242589, 45.399592414337185 ], [ 26.978849139648474, 45.387640072930829 ], [ 26.985367316541808, 45.374456376412482 ], [ 27.010792620447678, 45.354121088516358 ], [ 27.028182282748471, 45.34519289695907 ], [ 27.041675221694032, 45.341097212773569 ], [ 27.054414252643269, 45.341530307144119 ], [ 27.066476591601511, 45.344498063844746 ], [ 27.090761867450979, 45.353219949004107 ], [ 27.102951868331314, 45.355484508627093 ], [ 27.116288352048056, 45.355325401109269 ], [ 27.122486344893414, 45.351152766953206 ], [ 27.123930072559435, 45.344425026251507 ], [ 27.120745258052686, 45.326448920033123 ], [ 27.124120096953781, 45.317525352332872 ], [ 27.132569579426931, 45.315385106618265 ], [ 27.1418223285553, 45.317919622742984 ], [ 27.150772963576078, 45.323310320812908 ], [ 27.158933728262063, 45.32966277371991 ], [ 27.168746049757633, 45.334606071524412 ], [ 27.178439315184374, 45.33650276716611 ], [ 27.194769085668693, 45.333537429868265 ], [ 27.205340093537142, 45.328780232912877 ], [ 27.215000158881381, 45.321886555154308 ], [ 27.223137805052897, 45.319706795721849 ], [ 27.240974768303683, 45.319578630054195 ], [ 27.253181653490277, 45.316981289755965 ], [ 27.259961967199153, 45.311829185745253 ], [ 27.263571414263762, 45.304939200373688 ], [ 27.264819872575615, 45.297184764899882 ], [ 27.266991741830921, 45.289239085859357 ], [ 27.273505150425439, 45.281227152122526 ], [ 27.283132383008255, 45.277463570113291 ], [ 27.330830131493389, 45.265954697478712 ], [ 27.352760914287636, 45.263391083446535 ], [ 27.398563773576125, 45.262945829353953 ], [ 27.394403083177103, 45.243818391813953 ], [ 27.375087891039119, 45.221999208505189 ], [ 27.367583178350365, 45.208613618877052 ], [ 27.35926566016736, 45.186338805779421 ], [ 27.349758482767744, 45.178616787674308 ], [ 27.337441814080702, 45.177081171292073 ], [ 27.322499181020454, 45.179811297605077 ], [ 27.307094194654969, 45.179973683070713 ], [ 27.287971068748039, 45.174980503409635 ], [ 27.280990067358204, 45.167056328193652 ], [ 27.280282735108827, 45.156895946691556 ], [ 27.284500906344402, 45.133820981585117 ], [ 27.279902175250495, 45.119365090434336 ], [ 27.274015093007584, 45.115613013135423 ], [ 27.266784717991229, 45.117188451728531 ], [ 27.259186465697077, 45.121260625906935 ], [ 27.248848605616466, 45.12404352807566 ], [ 27.235516166415515, 45.124305943443268 ], [ 27.195830770910149, 45.117194323457937 ], [ 27.183385239958973, 45.117654802274075 ], [ 27.136642915611386, 45.124497794875268 ], [ 27.055987618112294, 45.107842377752583 ], [ 27.040938123626947, 45.099897339401849 ], [ 27.0322510859495, 45.091988132019004 ], [ 27.030732328780925, 45.084884828710393 ], [ 27.031375264768641, 45.077516048998781 ], [ 27.04517728194142, 45.049567293231135 ], [ 27.05120826483023, 45.04509092715405 ], [ 27.060909145505331, 45.04321208415643 ], [ 27.072792541073095, 45.044247478515921 ], [ 27.081725841889902, 45.050518029548776 ], [ 27.084907252638072, 45.056496166710083 ], [ 27.08608390220077, 45.062785381436782 ], [ 27.086669156355654, 45.069821732189126 ], [ 27.093039131449803, 45.074020377619114 ], [ 27.101802935512222, 45.07595341076955 ], [ 27.111085495333661, 45.075280393537426 ], [ 27.119778212011969, 45.071424016353106 ], [ 27.126066554441106, 45.065592985516446 ], [ 27.129811746783723, 45.058206410135782 ], [ 27.130626926891559, 45.049951726338413 ], [ 27.129013785206485, 45.029845576300829 ], [ 27.129521525836211, 45.019017108548972 ], [ 27.134425938017973, 45.012179970369957 ], [ 27.143886151013884, 45.008112608552487 ], [ 27.155868324627299, 45.005058594800509 ], [ 27.163890953931368, 44.99993552018833 ], [ 27.169474899758896, 44.991959925866219 ], [ 27.170489751242314, 44.982197692780602 ], [ 27.168628512080044, 44.962359811231465 ], [ 27.168760306219163, 44.953821541981654 ], [ 27.172203747258319, 44.946653623310148 ], [ 27.179805027232472, 44.942658905385827 ], [ 27.192513969187743, 44.940998667805324 ], [ 27.216694221609313, 44.940415789759847 ], [ 27.225274403204867, 44.937649854304723 ], [ 27.230142312061922, 44.931202007576893 ], [ 27.231792948539237, 44.92182864988218 ], [ 27.229614278457788, 44.9057784347725 ], [ 27.224756257524398, 44.884687190799959 ], [ 27.212615586591234, 44.847952108632398 ], [ 27.204513956130288, 44.831202367966398 ], [ 27.195781529703542, 44.822131387370973 ], [ 27.159377327073916, 44.816934287657432 ], [ 27.148225310317883, 44.813439786057408 ], [ 27.135167457057825, 44.804848008435286 ], [ 27.13139822497703, 44.795738159400763 ], [ 27.133362690774824, 44.786455830276147 ], [ 27.142727085659569, 44.779935853574116 ], [ 27.152913954592378, 44.77064255784714 ], [ 27.158640239239833, 44.758368964517459 ], [ 27.150317954578991, 44.712149979995964 ], [ 27.153760394753284, 44.704956278614262 ], [ 27.131449210609038, 44.697786105421486 ], [ 27.127563906828371, 44.693645717057208 ], [ 27.126867083692687, 44.687725418952574 ], [ 27.133335563792276, 44.682533814707817 ], [ 27.143976569331603, 44.67692065492043 ], [ 27.15107377114397, 44.671937191487359 ], [ 27.154885529851978, 44.666254531524999 ], [ 27.150382591176097, 44.662189950267773 ], [ 27.140789706569294, 44.658892766842243 ], [ 27.117707539852162, 44.655812841507988 ], [ 27.08898433374814, 44.648660755710097 ], [ 27.082280763168768, 44.647836571136139 ], [ 27.075181093020053, 44.648786347812234 ], [ 27.071417283880329, 44.65172610612283 ], [ 27.070051796815697, 44.656485624071436 ], [ 27.070418530517511, 44.661901215729365 ], [ 27.072516577979751, 44.667947578981988 ], [ 27.073397533243622, 44.67461037339843 ], [ 27.072116803991605, 44.681538687698158 ], [ 27.066967331235521, 44.688721605203156 ], [ 27.057730476501959, 44.695857444354864 ], [ 27.044497353166385, 44.702632093065262 ], [ 27.028761480557069, 44.708884159177849 ], [ 27.005823823555993, 44.714796935074489 ], [ 26.989968368047023, 44.714019965891588 ], [ 26.977508472074437, 44.708818305004023 ], [ 26.967289479950484, 44.70140856925152 ], [ 26.952956468205546, 44.695917802886157 ], [ 26.938659028780997, 44.696631464805932 ], [ 26.925031351774429, 44.701249543991217 ], [ 26.89612192453604, 44.715799770613387 ], [ 26.872756863819056, 44.722685987230889 ], [ 26.853568073711681, 44.723953006001892 ], [ 26.818318822264562, 44.720520583952698 ], [ 26.803606343387539, 44.721199121344519 ], [ 26.791766940641512, 44.723937091834394 ], [ 26.781356085841264, 44.727498639969781 ], [ 26.721755818010269, 44.737481790020311 ], [ 26.655870509349953, 44.736177486033576 ], [ 26.631910786466037, 44.738432705334958 ], [ 26.614387107629899, 44.742608195599196 ], [ 26.581388158196358, 44.764997927638504 ], [ 26.559238772003514, 44.773879197997914 ] ] ] } },
{ "type": "Feature", "properties": { "source": "https://simplemaps.com", "id": "ROSB", "name": "Sibiu", "changing": true, "mainFeature": false, "color_id": 1, "new_color_id": 2 }, "geometry": { "type": "Polygon", "coordinates": [ [ [ 24.694513099337581, 45.581009113513261 ], [ 24.511359675125341, 45.551189337023089 ], [ 24.306098295682574, 45.560425666059906 ], [ 24.166264308939237, 45.543367698204158 ], [ 24.152341023851388, 45.540420966113622 ], [ 24.050268362642825, 45.503735123413556 ], [ 24.031349034813655, 45.503957278903286 ], [ 24.016101622836896, 45.506828596820441 ], [ 23.980999090221488, 45.519060615801926 ], [ 23.943274260350051, 45.523741181868999 ], [ 23.776581418611205, 45.526066047610811 ], [ 23.761101961078669, 45.522999123452976 ], [ 23.752505718699883, 45.517413546356828 ], [ 23.743859038152515, 45.510537084667874 ], [ 23.734362589711267, 45.505736578037578 ], [ 23.721830294732456, 45.503976676743989 ], [ 23.704618012349762, 45.504209683387792 ], [ 23.691309327270311, 45.501109649798231 ], [ 23.660080382651046, 45.485418888681224 ], [ 23.639281022557238, 45.477233110962551 ], [ 23.627376622767137, 45.474336764802629 ], [ 23.606622387588136, 45.476569936840427 ], [ 23.635059272919477, 45.504186881832915 ], [ 23.634653981121929, 45.513666742798215 ], [ 23.630529266086203, 45.527222345467656 ], [ 23.607306748428144, 45.55760785548101 ], [ 23.598091062330703, 45.579843766498236 ], [ 23.601661914996281, 45.595787862308008 ], [ 23.609924489173785, 45.612686364329619 ], [ 23.618991254226376, 45.642223842230678 ], [ 23.618069324890062, 45.660981043420833 ], [ 23.612307998448578, 45.677651806454016 ], [ 23.605135508405311, 45.69261941009006 ], [ 23.599471139894142, 45.718388421819739 ], [ 23.603116644314099, 45.736243051032957 ], [ 23.627612900162099, 45.786096694320058 ], [ 23.634682680016031, 45.796292863112349 ], [ 23.640977446247764, 45.802537217914512 ], [ 23.649459125989523, 45.809161546113359 ], [ 23.657356013031468, 45.812731632258853 ], [ 23.663942997152805, 45.814542900686263 ], [ 23.671225833679777, 45.814310020430092 ], [ 23.686533962166138, 45.811669050230613 ], [ 23.696314544218421, 45.811829856772597 ], [ 23.70311091208713, 45.815029228070244 ], [ 23.70985932429204, 45.820971476461423 ], [ 23.7238778181563, 45.838265616323859 ], [ 23.759609558901612, 45.873897890721679 ], [ 23.761638452736527, 45.88214487884612 ], [ 23.755340021439054, 45.887717725800286 ], [ 23.743581367986927, 45.892521364359716 ], [ 23.718308948154029, 45.898240943141026 ], [ 23.708679700699832, 45.901952901876221 ], [ 23.702574513248756, 45.908500770251834 ], [ 23.699369462213568, 45.941620744647558 ], [ 23.704386604347345, 45.946932435200878 ], [ 23.712073100553848, 45.949088618668313 ], [ 23.722005565523865, 45.949165911166709 ], [ 23.731245745548392, 45.947408487761827 ], [ 23.740603701321419, 45.943371028259442 ], [ 23.749097113720644, 45.93838468419397 ], [ 23.757494126988018, 45.934901843108349 ], [ 23.76736606799458, 45.933430078412378 ], [ 23.783441963840172, 45.935878950071199 ], [ 23.790269154567845, 45.935896636360489 ], [ 23.797875111974509, 45.934668523228652 ], [ 23.807473536517804, 45.93413825836948 ], [ 23.819474334537706, 45.935531095225699 ], [ 23.834591973988701, 45.941249693789857 ], [ 23.848698875210307, 45.948895365213083 ], [ 23.864121396384235, 45.961092439328326 ], [ 23.867220989371141, 45.972917618364647 ], [ 23.864321997161138, 45.982107106693242 ], [ 23.85740337590498, 45.9916604690548 ], [ 23.853100899993269, 46.001990717959892 ], [ 23.854714585303853, 46.01814056235218 ], [ 23.862197661150539, 46.02700191991709 ], [ 23.874528917567055, 46.032881111039799 ], [ 23.943772694507853, 46.040725265910801 ], [ 23.955376904054798, 46.039909820917792 ], [ 23.964101910715318, 46.036879661275911 ], [ 23.973040880394699, 46.031384569677144 ], [ 23.990105118815325, 46.018099069091114 ], [ 23.999057218452535, 46.012939697940205 ], [ 24.007529903508676, 46.011393259882603 ], [ 24.01553327946791, 46.013718032083709 ], [ 24.019631040389726, 46.019324212970147 ], [ 24.025196213664753, 46.037336651458197 ], [ 24.03242237049799, 46.051534678371716 ], [ 24.044227267665189, 46.063795507931694 ], [ 24.130207437742893, 46.122753261336264 ], [ 24.152942051559648, 46.135466183829131 ], [ 24.168428477959385, 46.146652185967071 ], [ 24.188272151475626, 46.154203061322995 ], [ 24.199576533113348, 46.161596252355601 ], [ 24.204442435701953, 46.169654805673218 ], [ 24.205926342643611, 46.179836565649666 ], [ 24.202878688875078, 46.246100207218433 ], [ 24.276892704289864, 46.243673420689554 ], [ 24.313804374247791, 46.247299179387838 ], [ 24.368120646088183, 46.229144773107507 ], [ 24.386654485953439, 46.22699834691727 ], [ 24.406132370208034, 46.229159123270009 ], [ 24.423190197501725, 46.232914246088427 ], [ 24.454559564358949, 46.236317052366417 ], [ 24.524350980419197, 46.230383396373391 ], [ 24.544114663629536, 46.230593700848999 ], [ 24.556670989362107, 46.234292008726442 ], [ 24.563896234265346, 46.240525878225185 ], [ 24.571708829328575, 46.245909291269122 ], [ 24.584158681378593, 46.250852993676666 ], [ 24.597038499893205, 46.250918581433893 ], [ 24.623190940216123, 46.243897525119195 ], [ 24.642196575707086, 46.241913673008206 ], [ 24.65675986944504, 46.24403381397736 ], [ 24.676227125365376, 46.24989273770408 ], [ 24.685342663472586, 46.248915930310453 ], [ 24.688939454398668, 46.245672397455301 ], [ 24.686081999166472, 46.240043655112324 ], [ 24.678842632428925, 46.233448346206657 ], [ 24.673568678269575, 46.225535027066336 ], [ 24.672418802935482, 46.215960783311985 ], [ 24.678187643322467, 46.188894825132863 ], [ 24.680597220378864, 46.131447799041965 ], [ 24.685482997965838, 46.105605781228931 ], [ 24.694988321193819, 46.082841357993637 ], [ 24.711794747936629, 46.066928467221757 ], [ 24.725561187436128, 46.061891200864395 ], [ 24.738261869592225, 46.061343143434605 ], [ 24.7496712727716, 46.063483114790699 ], [ 24.772973700924553, 46.062934569374903 ], [ 24.780814092778154, 46.065058844080944 ], [ 24.791913119059362, 46.071167167105799 ], [ 24.799575386423815, 46.072703626841992 ], [ 24.830657668217, 46.072730226044797 ], [ 24.841880882990864, 46.074075872002737 ], [ 24.850491798206054, 46.076066621163299 ], [ 24.863747003146035, 46.077798228391117 ], [ 24.877310204699366, 46.078147383780106 ], [ 24.899393883962766, 46.075526093100081 ], [ 24.912546745068724, 46.070668018818708 ], [ 24.928112780006533, 46.062716086992879 ], [ 24.938387442471242, 46.055669096165936 ], [ 24.985255228594873, 46.034832060574658 ], [ 24.963036898421365, 46.015479391357268 ], [ 24.90247242624266, 45.983584293330139 ], [ 24.846144399415714, 45.964814622849076 ], [ 24.839609430336985, 45.960363879484426 ], [ 24.837204586853932, 45.9544070785767 ], [ 24.842881439311608, 45.940868398572661 ], [ 24.843668188707433, 45.933209562141009 ], [ 24.840193645156756, 45.92370033517264 ], [ 24.831708388071441, 45.920954823295695 ], [ 24.825219266362218, 45.921647937563975 ], [ 24.817755750952571, 45.925197712222072 ], [ 24.809456132882403, 45.927202804389495 ], [ 24.797566678785124, 45.926012468910642 ], [ 24.780121343717951, 45.920281428775439 ], [ 24.764661144808365, 45.909766684543868 ], [ 24.719348401128499, 45.894962386301714 ], [ 24.712906794747905, 45.888930633241785 ], [ 24.711974392708964, 45.880951133402505 ], [ 24.715472323379934, 45.87517744959878 ], [ 24.728658559673026, 45.863232967799341 ], [ 24.732542510854827, 45.855427190515876 ], [ 24.730724565444369, 45.844637879266379 ], [ 24.73007777175501, 45.836026630106211 ], [ 24.73214517097832, 45.829377904354814 ], [ 24.738155980336867, 45.824385191866689 ], [ 24.744935930142805, 45.821870618433486 ], [ 24.751595628372066, 45.817602354879774 ], [ 24.753972865729359, 45.810941612001258 ], [ 24.748446130395493, 45.800529921604266 ], [ 24.734790652687032, 45.793849153188503 ], [ 24.717391735947871, 45.789305808765299 ], [ 24.698830184355334, 45.786772980613577 ], [ 24.662256497388785, 45.777238433371394 ], [ 24.646911301665206, 45.769666934433793 ], [ 24.641774110534566, 45.761282896292514 ], [ 24.641991191029799, 45.750957052753378 ], [ 24.671479298153479, 45.703570769110016 ], [ 24.677049678831207, 45.691277489844552 ], [ 24.68092308297868, 45.679231442036375 ], [ 24.68788957055347, 45.645757644576648 ], [ 24.690479471685492, 45.616747249544083 ], [ 24.693300328065153, 45.601587690151341 ], [ 24.694513099337581, 45.581009113513261 ] ] ] } },
{ "type": "Feature", "properties": { "source": "https://simplemaps.com", "id": "ROCJ", "name": "Cluj", "changing": false, "mainFeature": false, "color_id": 1, "new_color_id": 1 }, "geometry": { "type": "Polygon", "coordinates": [ [ [ 23.15805064871379, 47.390546968691694 ], [ 23.153774648899805, 47.36916696962178 ], [ 23.149498649085825, 47.347786970551873 ], [ 23.132394649829898, 47.334958971109927 ], [ 23.115290650573968, 47.322130971667981 ], [ 23.111014650759987, 47.29647497278409 ], [ 23.093910651504061, 47.283646973342144 ], [ 23.07253065243415, 47.275094973714182 ], [ 23.051150653364239, 47.275094973714182 ], [ 23.029770654294332, 47.270818973900198 ], [ 23.016942654852386, 47.253714974644268 ], [ 23.00411465541044, 47.236610975388345 ], [ 22.982734656340529, 47.219506976132415 ], [ 22.961354657270618, 47.210954976504453 ], [ 22.939974658200711, 47.219506976132415 ], [ 22.9185946591308, 47.228058975760376 ], [ 22.897214660060889, 47.236610975388345 ], [ 22.875834660990982, 47.240886975202322 ], [ 22.850178662107091, 47.240886975202322 ], [ 22.82879866303718, 47.240886975202322 ], [ 22.815970663595234, 47.223782975946399 ], [ 22.803142664153288, 47.206678976690469 ], [ 22.781762665083377, 47.210954976504453 ], [ 22.756106666199486, 47.219506976132415 ], [ 22.734726667129578, 47.232334975574361 ], [ 22.717622667873648, 47.245162975016306 ], [ 22.704794668431703, 47.266542974086214 ], [ 22.696242668803741, 47.292198972970105 ], [ 22.691966668989757, 47.31357897204002 ], [ 22.679138669547811, 47.334958971109927 ], [ 22.662034670291884, 47.352062970365857 ], [ 22.644930671035958, 47.364890969807803 ], [ 22.644930671035958, 47.38627096887771 ], [ 22.644194064073041, 47.389954003692289 ], [ 22.635054717506648, 47.385435140060608 ], [ 22.626294220097165, 47.403438405856562 ], [ 22.619928301078577, 47.428459077610334 ], [ 22.611257686964692, 47.440821820863675 ], [ 22.599608013107979, 47.448413948850742 ], [ 22.570106491462404, 47.46104767268308 ], [ 22.554527986676657, 47.471327323923724 ], [ 22.540673219183919, 47.478074636845349 ], [ 22.530219985445413, 47.480551782262737 ], [ 22.520389945390956, 47.479125751536223 ], [ 22.495967931998027, 47.470874724647338 ], [ 22.485989054297562, 47.469609764733235 ], [ 22.471667070911366, 47.472341479094375 ], [ 22.462547493707053, 47.473214995464204 ], [ 22.453384534367252, 47.472978310044468 ], [ 22.445042915580029, 47.471261546823364 ], [ 22.434776412838591, 47.470576709284181 ], [ 22.417828995133135, 47.473617777568741 ], [ 22.409337617119789, 47.478655855158834 ], [ 22.40344383203637, 47.486643461467828 ], [ 22.392741950707642, 47.507903118330397 ], [ 22.384993751237339, 47.520048862868954 ], [ 22.357511587564101, 47.551273111998057 ], [ 22.34259686027616, 47.571921761299151 ], [ 22.328117306281644, 47.586502527533462 ], [ 22.28782338253804, 47.608815158745827 ], [ 22.276519845196479, 47.617324617690976 ], [ 22.2685148168536, 47.626868650109984 ], [ 22.257046652114525, 47.647046455926677 ], [ 22.237449906007722, 47.669636308012066 ], [ 22.232935435323753, 47.674818597266601 ], [ 22.234697587062996, 47.681277190439545 ], [ 22.23570909377969, 47.688633251040805 ], [ 22.238962310964091, 47.695125701470815 ], [ 22.264682345568922, 47.718065160356652 ], [ 22.268117547751913, 47.726567500648507 ], [ 22.272241895399034, 47.744765351298604 ], [ 22.276250330100325, 47.752055816845896 ], [ 22.283824917214407, 47.757965679083689 ], [ 22.301086708891784, 47.765617282295366 ], [ 22.308932835746162, 47.770534245120842 ], [ 22.331700633703448, 47.792037438474843 ], [ 22.343369508362834, 47.799494001441865 ], [ 22.362126931520169, 47.805716649103779 ], [ 22.380059580867666, 47.809360125492972 ], [ 22.392794557353898, 47.809689843057065 ], [ 22.438774435576672, 47.80318695628884 ], [ 22.453162810197696, 47.803477946622586 ], [ 22.466525173034764, 47.806627725076886 ], [ 22.478277163883085, 47.813563986652682 ], [ 22.49613604846278, 47.852376889132948 ], [ 22.526997119226767, 47.85600643729709 ], [ 22.600015515666779, 47.826777972794275 ], [ 22.634359721976448, 47.821608897617452 ], [ 22.672716435316406, 47.823833764423895 ], [ 22.709586784602013, 47.83302031581934 ], [ 22.739486311813586, 47.849099340831515 ], [ 22.76502432994862, 47.870028742001942 ], [ 22.777463937314284, 47.876033158618554 ], [ 22.798055100696317, 47.881537869746985 ], [ 22.819697901988679, 47.882191943062288 ], [ 22.82579270533202, 47.884642905960568 ], [ 22.834700069575796, 47.895543126185501 ], [ 22.833023342843457, 47.902926218215946 ], [ 22.828215139260131, 47.909578575000189 ], [ 22.8281360258752, 47.918140833383099 ], [ 22.839404188127293, 47.931224217365546 ], [ 22.855706241214715, 47.938137561740874 ], [ 22.896168056273854, 47.946589467977731 ], [ 22.912880861893793, 47.956072770351568 ], [ 22.939201217233627, 47.986435490191859 ], [ 22.956126290428372, 47.998703317494964 ], [ 22.97653345498162, 48.002146526567515 ], [ 22.992119699249081, 48.00854438719886 ], [ 22.992172420308027, 48.008380062113794 ], [ 22.992434684348009, 48.00814554269563 ], [ 22.992771301777616, 48.008066989230215 ], [ 22.993292056388487, 48.008073786652517 ], [ 22.993677268977535, 48.008226242761815 ], [ 22.993946036914306, 48.008401141601482 ], [ 22.994177219788789, 48.008726509308666 ], [ 22.994303682591674, 48.00936044846447 ], [ 22.994313260107145, 48.009444908813023 ], [ 22.994823945774566, 48.009654469053608 ], [ 22.995542271182824, 48.010720922808645 ], [ 22.995746294273889, 48.010687653944991 ], [ 22.995918710675873, 48.010486875721064 ], [ 22.996013044858746, 48.010244109235906 ], [ 22.995996925353083, 48.009986532752301 ], [ 22.995717905266389, 48.009516191747949 ], [ 22.9954122989881, 48.00921563405872 ], [ 22.995170827000091, 48.008775601438678 ], [ 22.995192295134384, 48.008367557509253 ], [ 22.995450982297474, 48.007885770350391 ], [ 22.996164162637221, 48.007293369014299 ], [ 22.99677479897942, 48.007085648778599 ], [ 22.997279328814351, 48.007015341379763 ], [ 22.997773596401387, 48.00701145124372 ], [ 22.998132219368731, 48.007152606398321 ], [ 22.99837013282708, 48.007345368695098 ], [ 22.998412753883503, 48.007613629874143 ], [ 22.99817773401843, 48.007944566672641 ], [ 22.99780571334728, 48.008249700070948 ], [ 22.99745500637631, 48.008508036064683 ], [ 22.997200810579564, 48.008780801743143 ], [ 22.99720444336381, 48.009028376518835 ], [ 22.997491664613385, 48.009175716274186 ], [ 22.997810585420389, 48.009210452686553 ], [ 22.998286475435343, 48.009053344614031 ], [ 22.998685047123193, 48.008759203939029 ], [ 22.999037927505849, 48.008576979493256 ], [ 22.999470328643771, 48.008427123907339 ], [ 22.999809123312779, 48.008424681933832 ], [ 22.999968907550642, 48.008575150340668 ], [ 22.999933511762304, 48.00880173044925 ], [ 22.999636665903136, 48.008987009700725 ], [ 22.999081985936634, 48.009197480420326 ], [ 22.998838847403523, 48.009489866521641 ], [ 22.998922720838738, 48.009674459326753 ], [ 22.999321996418928, 48.009646825728943 ], [ 22.999870036448808, 48.009569264806395 ], [ 23.000275192529969, 48.009503765656376 ], [ 23.000741442340505, 48.009498194098896 ], [ 23.00108098172435, 48.009581483259765 ], [ 23.001290871524599, 48.009772565974494 ], [ 23.001465396396743, 48.010009453396286 ], [ 23.001774749866211, 48.010196032688924 ], [ 23.002139346243744, 48.01029962880142 ], [ 23.002507644006986, 48.010289247211645 ], [ 23.002801610623493, 48.010123206052455 ], [ 23.003118386230184, 48.009901053886033 ], [ 23.003497015706419, 48.009643784851733 ], [ 23.003832218149295, 48.00939407432292 ], [ 23.004200527670562, 48.009202917252004 ], [ 23.004512100576672, 48.009104056331047 ], [ 23.005015216716362, 48.009043366951587 ], [ 23.005426990940595, 48.009025733604865 ], [ 23.005776854003003, 48.009042910964396 ], [ 23.006192312101515, 48.009092075908995 ], [ 23.006584161192404, 48.009111314467042 ], [ 23.006854494509351, 48.009096123308332 ], [ 23.007292767390442, 48.008908402177774 ], [ 23.007969694044331, 48.008818092598979 ], [ 23.008584768086635, 48.008943674767899 ], [ 23.010018487839076, 48.00955337060153 ], [ 23.010607595866094, 48.009784854630134 ], [ 23.011773968458286, 48.010342992935946 ], [ 23.013189298050388, 48.011000301625309 ], [ 23.013535359839594, 48.011193468242809 ], [ 23.013821918362495, 48.01143585105897 ], [ 23.014053428945193, 48.011647067993557 ], [ 23.014475779710605, 48.012081888894379 ], [ 23.014844306315496, 48.012454338619271 ], [ 23.015182660897828, 48.012783236267573 ], [ 23.015439366305149, 48.012990693267078 ], [ 23.015782873272567, 48.013297795614534 ], [ 23.015913098590456, 48.013389882570927 ], [ 23.016073343915721, 48.013447787540819 ], [ 23.016205562030443, 48.013458971070044 ], [ 23.016378296091808, 48.013436487915641 ], [ 23.016575017500276, 48.013396408700125 ], [ 23.016792894920325, 48.01337863986776 ], [ 23.017602469783235, 48.013387416908891 ], [ 23.019104555671063, 48.013387642386974 ], [ 23.019744960160164, 48.013419380332678 ], [ 23.020376289190267, 48.013486024351572 ], [ 23.020811665181224, 48.013543049938477 ], [ 23.021017630069839, 48.01362477348578 ], [ 23.021103980265622, 48.013726287503971 ], [ 23.021118400328969, 48.01381518761157 ], [ 23.021107721571664, 48.013973862996082 ], [ 23.021057738904329, 48.014430538720518 ], [ 23.021043944078464, 48.014767338465482 ], [ 23.02103611306373, 48.014976496491485 ], [ 23.021087471247373, 48.015076293409848 ], [ 23.021176814280857, 48.015159181197617 ], [ 23.021345165740431, 48.015210291404927 ], [ 23.021687572409931, 48.015253366082121 ], [ 23.021934932145282, 48.015272698703519 ], [ 23.02224125482044, 48.015321193910168 ], [ 23.022513092771309, 48.015386770031576 ], [ 23.023256096419562, 48.015596820899162 ], [ 23.023978513833445, 48.015803665942968 ], [ 23.025790084280125, 48.016195004723542 ], [ 23.026346125617884, 48.016314876875107 ], [ 23.026549138888537, 48.016370185835967 ], [ 23.02670075191779, 48.016415780446259 ], [ 23.026768887764121, 48.0164760515379 ], [ 23.026782749808142, 48.016545847459724 ], [ 23.026747560730449, 48.016612932692873 ], [ 23.026609311456316, 48.016753765883493 ], [ 23.026212468432984, 48.017150269250912 ], [ 23.026088379880616, 48.017313069754636 ], [ 23.025957636035361, 48.01747304541955 ], [ 23.025851929367597, 48.017562938925607 ], [ 23.025704241949992, 48.017605730030489 ], [ 23.025607347647703, 48.017593782900086 ], [ 23.025477879912131, 48.017542386730042 ], [ 23.025149782813575, 48.017362087270996 ], [ 23.025078822373427, 48.017341722759276 ], [ 23.02496539983089, 48.017345846472203 ], [ 23.024869639933232, 48.017372108915403 ], [ 23.024705918922606, 48.017494810828175 ], [ 23.02394770578859, 48.018187405118432 ], [ 23.023183628207576, 48.018948717217519 ], [ 23.023025087275656, 48.019151427531014 ], [ 23.022942223638804, 48.019343468207133 ], [ 23.022718567583542, 48.02009939863548 ], [ 23.022593217912444, 48.020496403085424 ], [ 23.022543544006794, 48.020747305654083 ], [ 23.022499880010539, 48.020891231627189 ], [ 23.022288043247546, 48.021198448850477 ], [ 23.022034479940576, 48.021535679234766 ], [ 23.02195160674221, 48.021727721793013 ], [ 23.021888910755745, 48.021960007011707 ], [ 23.021907448393311, 48.022214106873662 ], [ 23.021942310686772, 48.022397847064681 ], [ 23.022009189370543, 48.022579410754773 ], [ 23.022131658492246, 48.022778238047323 ], [ 23.022281440908994, 48.022971062081389 ], [ 23.022387313725449, 48.023208175811646 ], [ 23.022482413823795, 48.023548134514776 ], [ 23.022641663374369, 48.024019786934197 ], [ 23.02275057367499, 48.02427128263686 ], [ 23.022793997137157, 48.024434019668689 ], [ 23.022772421670712, 48.024571839667544 ], [ 23.022733212417592, 48.024755390792478 ], [ 23.022517254877513, 48.025258675060201 ], [ 23.02228381592229, 48.025839153233655 ], [ 23.021845772094036, 48.027019964788821 ], [ 23.021605696125718, 48.027642971531165 ], [ 23.021483317222831, 48.027986497656258 ], [ 23.021244387770331, 48.028467238155983 ], [ 23.021122824582708, 48.028771552448916 ], [ 23.020988039942537, 48.029364224843825 ], [ 23.020876693334372, 48.02977241784059 ], [ 23.020761793805789, 48.030169952296795 ], [ 23.020654061973058, 48.030453674496087 ], [ 23.020509242055859, 48.03077093160465 ], [ 23.020272473725896, 48.031237400446599 ], [ 23.020012723526644, 48.031748885565989 ], [ 23.019913297258455, 48.032047401887674 ], [ 23.019779034466513, 48.032907542942567 ], [ 23.019631805547487, 48.033749373683428 ], [ 23.019630166252774, 48.034031113089597 ], [ 23.019699962890684, 48.034317774182583 ], [ 23.019833379772493, 48.034999628181019 ], [ 23.019984916172199, 48.03615342593676 ], [ 23.020161349354662, 48.037441695646912 ], [ 23.020168272324423, 48.037702433172335 ], [ 23.020133162585545, 48.037893236678407 ], [ 23.01998946862436, 48.038406985503016 ], [ 23.019415746211216, 48.040251535719584 ], [ 23.019149054897309, 48.041044680980065 ], [ 23.019016357983698, 48.041555228751754 ], [ 23.018771749790183, 48.042545587710464 ], [ 23.018349947042886, 48.043823324787667 ], [ 23.018116643892867, 48.044571672396664 ], [ 23.018002785689323, 48.044826646024681 ], [ 23.017934209669239, 48.044994388139628 ], [ 23.017809252431832, 48.045184387880354 ], [ 23.017005360380594, 48.046332675332209 ], [ 23.016715945293896, 48.04679659756782 ], [ 23.016173806847981, 48.047700179065295 ], [ 23.01573625801884, 48.048566663295325 ], [ 23.015657207877116, 48.048666322729673 ], [ 23.015493027517902, 48.048769000297099 ], [ 23.015309185317371, 48.048827709105737 ], [ 23.015175884812294, 48.048844642297887 ], [ 23.014904976470032, 48.048884847638192 ], [ 23.014529024058682, 48.048919901831582 ], [ 23.01412182396124, 48.048985487623781 ], [ 23.013768495395031, 48.049010710323721 ], [ 23.01340832799313, 48.049046690351844 ], [ 23.012832482860755, 48.049107450614798 ], [ 23.012136907168305, 48.049154994735119 ], [ 23.010560661591303, 48.049216589674444 ], [ 23.009985337437904, 48.049273627201963 ], [ 23.009596952834848, 48.049354521441508 ], [ 23.009291446523452, 48.049446369542849 ], [ 23.009023829282647, 48.049533034687435 ], [ 23.008699567472547, 48.049677757716793 ], [ 23.008345929698063, 48.049874228076639 ], [ 23.007676021334621, 48.050333586211472 ], [ 23.007252715508343, 48.050569494835713 ], [ 23.006944114653528, 48.050782409286604 ], [ 23.00659020718086, 48.051082558179772 ], [ 23.006357901814162, 48.051281384341266 ], [ 23.006117082184335, 48.05150152366587 ], [ 23.005840822555541, 48.051676767863512 ], [ 23.005389333758863, 48.051890021578679 ], [ 23.00469701920176, 48.052119782472701 ], [ 23.003909061305137, 48.052419924541276 ], [ 23.00373815886919, 48.052496948912292 ], [ 23.003570861442547, 48.052584939697425 ], [ 23.003465810743567, 48.052715544258156 ], [ 23.003421209563143, 48.052966583864396 ], [ 23.003412922351401, 48.053032317275914 ], [ 23.004867635422162, 48.054927275138638 ], [ 23.02008121436042, 48.055160273777759 ], [ 23.037628444463781, 48.048940991809516 ], [ 23.052733777035304, 48.041110469919758 ], [ 23.068177169337687, 48.033990699766903 ], [ 23.08426206345413, 48.03005238412306 ], [ 23.100230830964001, 48.031083251181897 ], [ 23.135504788670943, 48.048096103900349 ], [ 23.137586425644486, 48.048258811854289 ], [ 23.139236087524917, 48.049000862888228 ], [ 23.146431017361053, 48.052235507998759 ], [ 23.150342097949423, 48.05244428477085 ], [ 23.155365827787293, 48.05271232736122 ], [ 23.158550625713758, 48.051838119721637 ], [ 23.15883429884849, 48.051726758857981 ], [ 23.164050318580227, 48.048550157182525 ], [ 23.164438248158405, 48.048379186591653 ], [ 23.164704938045677, 48.048394990839476 ], [ 23.16529661067986, 48.048592782990376 ], [ 23.165729709138574, 48.048702667843337 ], [ 23.166277897483127, 48.04875282708619 ], [ 23.167083415253892, 48.048764853727086 ], [ 23.168833339042695, 48.048860614225077 ], [ 23.170074483786568, 48.048908069405293 ], [ 23.17037031190603, 48.048963770682143 ], [ 23.170629485811926, 48.049090634000322 ], [ 23.170863505541135, 48.049330479876268 ], [ 23.171072343341084, 48.04952256083854 ], [ 23.171333699045451, 48.049820269886119 ], [ 23.171701897974774, 48.050216239313421 ], [ 23.17212295946501, 48.050543190401505 ], [ 23.172563557815899, 48.050845929378269 ], [ 23.172753169390919, 48.050990630392228 ], [ 23.172928274584322, 48.051195138178414 ], [ 23.173058465575124, 48.05145107633799 ], [ 23.173118563481431, 48.051750172677004 ], [ 23.173119648699195, 48.052180854369929 ], [ 23.172928612804355, 48.053220085230762 ], [ 23.172956398835712, 48.053556545600777 ], [ 23.173074508065845, 48.053926193497297 ], [ 23.173358055447721, 48.054218103373209 ], [ 23.173971792283982, 48.054600473118313 ], [ 23.174336961638222, 48.054982066172848 ], [ 23.174757888511166, 48.055447873614639 ], [ 23.175869652099053, 48.05724552518754 ], [ 23.17638095985804, 48.057847885386117 ], [ 23.17661867991113, 48.058059207874074 ], [ 23.177026020130963, 48.058303396483012 ], [ 23.177592325728149, 48.058615733689933 ], [ 23.178196037242046, 48.05892660956853 ], [ 23.178477015589742, 48.059119889401764 ], [ 23.171286737844667, 48.060064245777021 ], [ 23.17128672835825, 48.060064246147732 ], [ 23.171176737688761, 48.061026902391582 ], [ 23.171176728052533, 48.061026902768141 ], [ 23.171176719565278, 48.061026903099794 ], [ 23.171026329251951, 48.062889337751521 ], [ 23.173628010384142, 48.06408606602151 ], [ 23.17328663698375, 48.064551438454238 ], [ 23.173810722746619, 48.064961084611994 ], [ 23.174013297090791, 48.065587250566324 ], [ 23.17726462223164, 48.066328476506776 ], [ 23.178889992850845, 48.066974335186742 ], [ 23.17997658874722, 48.067546830417101 ], [ 23.180210645720347, 48.067675609786299 ], [ 23.182819396219987, 48.069109675855643 ], [ 23.183003982516922, 48.070082759897055 ], [ 23.184792088220931, 48.072136411632648 ], [ 23.187199478913502, 48.073435196504846 ], [ 23.188556740830794, 48.075291255828766 ], [ 23.191034997661134, 48.078063790509219 ], [ 23.190872784038792, 48.078569704444661 ], [ 23.19108261409615, 48.081162765316051 ], [ 23.189063202768086, 48.082083158143156 ], [ 23.188303112571461, 48.08234398226066 ], [ 23.186475725627066, 48.082942436471384 ], [ 23.185446249203373, 48.083668628083558 ], [ 23.182927468511195, 48.084091676181217 ], [ 23.180679319841946, 48.086841623942156 ], [ 23.180397097864262, 48.087451912908008 ], [ 23.180374102839441, 48.087501258454289 ], [ 23.183910740663567, 48.089387654085058 ], [ 23.187221175200953, 48.091226123713994 ], [ 23.192189962261832, 48.0941387954513 ], [ 23.194445931374798, 48.096465341956147 ], [ 23.19497662725988, 48.097082767783633 ], [ 23.193407921108701, 48.098259932391599 ], [ 23.193496991505473, 48.098992134562309 ], [ 23.191811773526123, 48.100320749659289 ], [ 23.192186396360047, 48.101943820804372 ], [ 23.195332626549654, 48.104480670012023 ], [ 23.19355605884779, 48.104623230684275 ], [ 23.191206924266773, 48.10581055320705 ], [ 23.189598296918852, 48.106450803365007 ], [ 23.1897986609514, 48.108048006232949 ], [ 23.188715384107731, 48.108148663143957 ], [ 23.188205412359501, 48.108717285576844 ], [ 23.188518946194822, 48.109003452138289 ], [ 23.189040112576368, 48.109380258286514 ], [ 23.18980569230537, 48.109825899312014 ], [ 23.190276289171337, 48.110029087186703 ], [ 23.190869177404032, 48.110201573720104 ], [ 23.191386905701027, 48.110264048318371 ], [ 23.192003975947177, 48.110318320497996 ], [ 23.192360388187467, 48.110413947453971 ], [ 23.19261321125984, 48.110597254189692 ], [ 23.19273083676979, 48.110763316031459 ], [ 23.192880070885053, 48.111034302867573 ], [ 23.192986183938249, 48.111310678270691 ], [ 23.193155735131423, 48.111572539358612 ], [ 23.193379932677527, 48.111750484764286 ], [ 23.193811112646696, 48.111941327238767 ], [ 23.194489368398436, 48.112231761466923 ], [ 23.196366938887486, 48.112056860224236 ], [ 23.196776408188445, 48.112193310858451 ], [ 23.198052917174358, 48.114126230844917 ], [ 23.201217128340645, 48.119039732653242 ], [ 23.204060605825468, 48.118314786041189 ], [ 23.206779644233418, 48.119678461995335 ], [ 23.205262747758056, 48.12093300469607 ], [ 23.205813377342565, 48.121972511165943 ], [ 23.20700187578408, 48.123874374067263 ], [ 23.205937332046211, 48.124568394745431 ], [ 23.203131598321864, 48.125968067979741 ], [ 23.19770660877132, 48.128730208112003 ], [ 23.197646150167969, 48.128893672357101 ], [ 23.197778179350355, 48.129185409532347 ], [ 23.198074101503082, 48.129330318374706 ], [ 23.199087605874713, 48.129521256279766 ], [ 23.200741325467117, 48.1298022938335 ], [ 23.201909366440564, 48.130155394250068 ], [ 23.202019602507416, 48.130219910063417 ], [ 23.202062980821225, 48.130329011591854 ], [ 23.202052971344092, 48.130440199396972 ], [ 23.202012163276979, 48.13054549236309 ], [ 23.201907990208234, 48.130677642941897 ], [ 23.201817314270048, 48.130778712152861 ], [ 23.20181375727303, 48.130871439029136 ], [ 23.201855436204557, 48.130968570779103 ], [ 23.201956509518443, 48.131115848122562 ], [ 23.202052659557474, 48.131272576733842 ], [ 23.202103462371582, 48.131448669202051 ], [ 23.202136264610022, 48.131650155359132 ], [ 23.202477817148569, 48.132281839982141 ], [ 23.202620912093753, 48.132556482475707 ], [ 23.202657770064601, 48.132627261170192 ], [ 23.206497327738834, 48.133345086632509 ], [ 23.21099257201546, 48.134290060554044 ], [ 23.211682338954702, 48.134648894700447 ], [ 23.213845210356197, 48.137116454964882 ], [ 23.215590799641344, 48.13760409195649 ], [ 23.220541267345144, 48.137793966289316 ], [ 23.221686742941131, 48.136314057912038 ], [ 23.222944189887233, 48.136183750217832 ], [ 23.224726810541114, 48.138688100019806 ], [ 23.226575480990842, 48.1393152285832 ], [ 23.245851066256165, 48.136659568635054 ], [ 23.314826187067343, 48.117777119196504 ], [ 23.331741029716813, 48.108608923424576 ], [ 23.371554730683279, 48.074006776884715 ], [ 23.418199906157877, 48.044826289921993 ], [ 23.440021525802344, 48.026234973048709 ], [ 23.447175033580216, 48.024016050617831 ], [ 23.454585559315326, 48.023080113623422 ], [ 23.462043435655549, 48.023357290255703 ], [ 23.470071213202104, 48.024982973173053 ], [ 23.471532232029212, 48.025314006176643 ], [ 23.472983109808045, 48.02538658258225 ], [ 23.474423905065148, 48.02520100828611 ], [ 23.475957833444024, 48.024752941747856 ], [ 23.53986216423295, 48.000509219729651 ], [ 23.560652582135521, 48.000524506164943 ], [ 23.561355762991678, 48.000865072766693 ], [ 23.562724662827879, 48.000256273970983 ], [ 23.565293265446872, 47.999624658652976 ], [ 23.565774499552187, 47.999272670795037 ], [ 23.579517231312959, 47.961826897452198 ], [ 23.625206093836226, 47.914790293840674 ], [ 23.635133579423236, 47.906799993786194 ], [ 23.648626035297411, 47.898722083600205 ], [ 23.681573502845033, 47.882954312762287 ], [ 23.694546792325866, 47.873500612706955 ], [ 23.703719643333471, 47.860756188462915 ], [ 23.702458573510103, 47.849660503182221 ], [ 23.693518806121723, 47.83925318818757 ], [ 23.549279362477222, 47.771659726613571 ], [ 23.524286124426009, 47.764672160251735 ], [ 23.501548050775785, 47.762457799521194 ], [ 23.484222211320741, 47.763755356290623 ], [ 23.467563269734804, 47.767561027623856 ], [ 23.451964140374972, 47.773342274276601 ], [ 23.413342568845401, 47.782867352783946 ], [ 23.34235379594023, 47.785951809712252 ], [ 23.325904474349166, 47.781888258481814 ], [ 23.314114173306631, 47.773971038839179 ], [ 23.309027362283736, 47.760258461647929 ], [ 23.31013819589737, 47.751629976664731 ], [ 23.316219213398359, 47.744462695068563 ], [ 23.327494922485119, 47.739212220401257 ], [ 23.39489922594073, 47.723804552088254 ], [ 23.410472138626115, 47.717352103512717 ], [ 23.420916053575173, 47.709341931590103 ], [ 23.428197971805453, 47.701144859288071 ], [ 23.430001039854261, 47.687731705955734 ], [ 23.425817043664068, 47.675948760930886 ], [ 23.412466992391256, 47.657232192702793 ], [ 23.405625296813547, 47.644932527578618 ], [ 23.387743157690021, 47.620083509765948 ], [ 23.365207599623453, 47.603199855504947 ], [ 23.346658153856527, 47.586418863331033 ], [ 23.330236203563302, 47.575114250206624 ], [ 23.311671179301829, 47.568521935391416 ], [ 23.294734236075413, 47.569183780224108 ], [ 23.279421708343687, 47.574359012891684 ], [ 23.234764031711808, 47.59616980128952 ], [ 23.223746102591679, 47.604047498160924 ], [ 23.207413688873356, 47.618855924010305 ], [ 23.199349662472052, 47.622920276471042 ], [ 23.19062199257252, 47.623235447255965 ], [ 23.180697145954319, 47.619382634672391 ], [ 23.119813932966245, 47.571390437985741 ], [ 23.11137922736815, 47.561997561651218 ], [ 23.105382708340375, 47.55147491165927 ], [ 23.101099301870157, 47.541118091825886 ], [ 23.096586808008464, 47.532838980323852 ], [ 23.091039341724304, 47.525867180301802 ], [ 23.082873531768843, 47.519385624974788 ], [ 23.072986387574879, 47.513850624364608 ], [ 23.035779651111707, 47.498703730090838 ], [ 23.027655208884603, 47.493280747712113 ], [ 23.024610533216887, 47.486831739623547 ], [ 23.025869086580617, 47.47933552218975 ], [ 23.039661293233518, 47.470987415593001 ], [ 23.056140465473366, 47.463904809397185 ], [ 23.147638876878563, 47.448357102381721 ], [ 23.158702319003574, 47.43370297426231 ], [ 23.166396041261695, 47.420163051688533 ], [ 23.167638454951131, 47.412253752874705 ], [ 23.165806830121593, 47.405084999761321 ], [ 23.160292675440111, 47.398965309176845 ], [ 23.15805064871379, 47.397786141810315 ], [ 23.15805064871379, 47.390546968691694 ] ] ] } },
{ "type": "Feature", "properties": { "source": "https://simplemaps.com", "id": "ROAB", "name": "Alba", "changing": false, "mainFeature": true, "color_id": 1, "new_color_id": 1 }, "geometry": { "type": "Polygon", "coordinates": [ [ [ 22.770922022371035, 46.391783789181353 ], [ 22.723747282436449, 46.428587247567485 ], [ 22.707236314976139, 46.482499833263567 ], [ 22.708380061719559, 46.543531525057418 ], [ 22.71440821814322, 46.566774974281145 ], [ 22.725945015554707, 46.592026879511991 ], [ 22.739669851781592, 46.609746346599614 ], [ 22.752619180978094, 46.619531709897231 ], [ 22.764474784596484, 46.623826271737819 ], [ 22.777857686026216, 46.624854873518395 ], [ 22.789785838690143, 46.624388757165612 ], [ 22.8027438894554, 46.622486078494369 ], [ 22.81215832547171, 46.619894353239403 ], [ 22.827087392315612, 46.612846539006377 ], [ 22.856564582255601, 46.592973418817792 ], [ 22.997283905737415, 46.58504389553724 ], [ 23.019870189584815, 46.579403408738742 ], [ 23.033578119058678, 46.572868703829506 ], [ 23.042077870653817, 46.558780212474062 ], [ 23.04740847747178, 46.552262472576935 ], [ 23.056003345060649, 46.545901782017403 ], [ 23.068148030312706, 46.539066107648523 ], [ 23.076456267574855, 46.533311281083073 ], [ 23.080890719861305, 46.527681972745242 ], [ 23.082287586951523, 46.515784532420561 ], [ 23.083733319432586, 46.509108359808408 ], [ 23.0904319054216, 46.501864922292981 ], [ 23.097416200107826, 46.500609385176368 ], [ 23.105280818666525, 46.50335336961453 ], [ 23.116242541652447, 46.513888746830418 ], [ 23.12404303709469, 46.518962376741896 ], [ 23.165818050709838, 46.534551375505103 ], [ 23.175519392372657, 46.536654639709532 ], [ 23.193961868522372, 46.53614076365394 ], [ 23.239162866105701, 46.524263937953265 ], [ 23.255984617051922, 46.521977574824227 ], [ 23.269100237205599, 46.522783807341327 ], [ 23.278545224850063, 46.526267536087246 ], [ 23.288564937491216, 46.532547437124251 ], [ 23.325462492692498, 46.550369764484863 ], [ 23.426410026865728, 46.559586673162528 ], [ 23.443083105450363, 46.556142536461316 ], [ 23.457439931567709, 46.550332319430275 ], [ 23.511991799977551, 46.519679218442363 ], [ 23.56076641317182, 46.503965197242422 ], [ 23.582182005157904, 46.500128752879625 ], [ 23.600645880940263, 46.498838459078456 ], [ 23.633259941641487, 46.499684383335619 ], [ 23.644304552676715, 46.496460005541181 ], [ 23.650181839255563, 46.490696874209483 ], [ 23.649976365573046, 46.482792260130729 ], [ 23.642151203862706, 46.473116931291756 ], [ 23.633618075501619, 46.465175889435415 ], [ 23.628039335204072, 46.457403726950801 ], [ 23.629252475785709, 46.448745612717438 ], [ 23.636299792066463, 46.438515003378548 ], [ 23.656421340719906, 46.428031947175711 ], [ 23.672541719482531, 46.423678462470093 ], [ 23.686928254814877, 46.422599038315497 ], [ 23.693563676009415, 46.425649645344734 ], [ 23.695791418077768, 46.431044525217054 ], [ 23.694196808333089, 46.437881558741999 ], [ 23.691970460046871, 46.44443304879281 ], [ 23.692687416442787, 46.450869492897439 ], [ 23.698902487885913, 46.455074228556036 ], [ 23.709989952869446, 46.456916439328154 ], [ 23.75683380986337, 46.455318628197908 ], [ 23.768730311471362, 46.456689614264292 ], [ 23.788330278113502, 46.461974458280295 ], [ 23.798162331937483, 46.463452101725871 ], [ 23.843107897456033, 46.460919953437362 ], [ 23.858335598864752, 46.461514406110709 ], [ 23.895035502557985, 46.466337959192046 ], [ 23.915260231394161, 46.463789213851143 ], [ 23.97673754314199, 46.447578759144811 ], [ 23.989799689109159, 46.447016600098529 ], [ 24.006750028954901, 46.451991274356821 ], [ 24.014631244761965, 46.459130424906149 ], [ 24.045920443647272, 46.456511446262134 ], [ 24.060352459456677, 46.448655429770952 ], [ 24.07179074549526, 46.43962363560918 ], [ 24.075771582563295, 46.434296597259284 ], [ 24.077047252644306, 46.427239105617353 ], [ 24.072524675753822, 46.418701840760626 ], [ 24.064615199858714, 46.410839719490646 ], [ 24.051909547723582, 46.403320231146736 ], [ 24.043580768681906, 46.396638249468729 ], [ 24.037956002718442, 46.3850410135408 ], [ 24.042515284204708, 46.37731235466741 ], [ 24.072421435790854, 46.352535331471366 ], [ 24.082152129990604, 46.347448980992681 ], [ 24.136723544384701, 46.329206936361636 ], [ 24.157074227959708, 46.316646423938742 ], [ 24.166399323384461, 46.301180943240112 ], [ 24.173222815704484, 46.26934174199264 ], [ 24.180464385033712, 46.260111963393641 ], [ 24.1872214939341, 46.254366034734268 ], [ 24.202878688875078, 46.246100207218433 ], [ 24.205926342643611, 46.179836565649666 ], [ 24.204442435701953, 46.169654805673218 ], [ 24.199576533113348, 46.161596252355601 ], [ 24.188272151475626, 46.154203061322995 ], [ 24.168428477959385, 46.146652185967071 ], [ 24.152942051559648, 46.135466183829131 ], [ 24.130207437742893, 46.122753261336264 ], [ 24.044227267665189, 46.063795507931694 ], [ 24.03242237049799, 46.051534678371716 ], [ 24.025196213664753, 46.037336651458197 ], [ 24.019631040389726, 46.019324212970147 ], [ 24.01553327946791, 46.013718032083709 ], [ 24.007529903508676, 46.011393259882603 ], [ 23.999057218452535, 46.012939697940205 ], [ 23.990105118815325, 46.018099069091114 ], [ 23.973040880394699, 46.031384569677144 ], [ 23.964101910715318, 46.036879661275911 ], [ 23.955376904054798, 46.039909820917792 ], [ 23.943772694507853, 46.040725265910801 ], [ 23.874528917567055, 46.032881111039799 ], [ 23.862197661150539, 46.02700191991709 ], [ 23.854714585303853, 46.01814056235218 ], [ 23.853100899993269, 46.001990717959892 ], [ 23.85740337590498, 45.9916604690548 ], [ 23.864321997161138, 45.982107106693242 ], [ 23.867220989371141, 45.972917618364647 ], [ 23.864121396384235, 45.961092439328326 ], [ 23.848698875210307, 45.948895365213083 ], [ 23.834591973988701, 45.941249693789857 ], [ 23.819474334537706, 45.935531095225699 ], [ 23.807473536517804, 45.93413825836948 ], [ 23.797875111974509, 45.934668523228652 ], [ 23.790269154567845, 45.935896636360489 ], [ 23.783441963840172, 45.935878950071199 ], [ 23.76736606799458, 45.933430078412378 ], [ 23.757494126988018, 45.934901843108349 ], [ 23.749097113720644, 45.93838468419397 ], [ 23.740603701321419, 45.943371028259442 ], [ 23.731245745548392, 45.947408487761827 ], [ 23.722005565523865, 45.949165911166709 ], [ 23.712073100553848, 45.949088618668313 ], [ 23.704386604347345, 45.946932435200878 ], [ 23.699369462213568, 45.941620744647558 ], [ 23.702574513248756, 45.908500770251834 ], [ 23.708679700699832, 45.901952901876221 ], [ 23.718308948154029, 45.898240943141026 ], [ 23.743581367986927, 45.892521364359716 ], [ 23.755340021439054, 45.887717725800286 ], [ 23.761638452736527, 45.88214487884612 ], [ 23.759609558901612, 45.873897890721679 ], [ 23.7238778181563, 45.838265616323859 ], [ 23.70985932429204, 45.820971476461423 ], [ 23.70311091208713, 45.815029228070244 ], [ 23.696314544218421, 45.811829856772597 ], [ 23.686533962166138, 45.811669050230613 ], [ 23.671225833679777, 45.814310020430092 ], [ 23.663942997152805, 45.814542900686263 ], [ 23.657356013031468, 45.812731632258853 ], [ 23.649459125989523, 45.809161546113359 ], [ 23.640977446247764, 45.802537217914512 ], [ 23.634682680016031, 45.796292863112349 ], [ 23.627612900162099, 45.786096694320058 ], [ 23.603116644314099, 45.736243051032957 ], [ 23.599471139894142, 45.718388421819739 ], [ 23.605135508405311, 45.69261941009006 ], [ 23.612307998448578, 45.677651806454016 ], [ 23.618069324890062, 45.660981043420833 ], [ 23.618991254226376, 45.642223842230678 ], [ 23.609924489173785, 45.612686364329619 ], [ 23.601661914996281, 45.595787862308008 ], [ 23.598091062330703, 45.579843766498236 ], [ 23.607306748428144, 45.55760785548101 ], [ 23.630529266086203, 45.527222345467656 ], [ 23.634653981121929, 45.513666742798215 ], [ 23.635059272919477, 45.504186881832915 ], [ 23.606622387588136, 45.476569936840427 ], [ 23.564615807218733, 45.473582867841614 ], [ 23.567307467055063, 45.506731007370519 ], [ 23.565743137361551, 45.514342659130698 ], [ 23.562720494899434, 45.524338497837093 ], [ 23.556402714443152, 45.530739571651658 ], [ 23.50782284690349, 45.565994669855769 ], [ 23.487087607594059, 45.584595175904646 ], [ 23.470386386514832, 45.593936089902442 ], [ 23.432105381150194, 45.608205801051383 ], [ 23.409077481644477, 45.622396655415443 ], [ 23.39748878209755, 45.635519883587605 ], [ 23.387581180118843, 45.653283580290676 ], [ 23.384103894984214, 45.663555763833607 ], [ 23.383508377850283, 45.672138012598857 ], [ 23.386751330633047, 45.67969107400296 ], [ 23.390759765512499, 45.686981541109986 ], [ 23.393247521369094, 45.693736697116897 ], [ 23.390305954498789, 45.703160470692922 ], [ 23.36991907233751, 45.721411286996855 ], [ 23.364950734951837, 45.729259395407823 ], [ 23.363416662668875, 45.737645543113977 ], [ 23.36678161856743, 45.756261103586894 ], [ 23.363645895436829, 45.77130367525789 ], [ 23.356272991149098, 45.793053800128426 ], [ 23.335540534476543, 45.835547017379106 ], [ 23.313443417982185, 45.913260274266506 ], [ 23.304908549353815, 45.925126429780697 ], [ 23.279866531363954, 45.948653107372827 ], [ 23.26385548938693, 45.967715482694594 ], [ 23.227823342466046, 46.039534641361563 ], [ 23.216913908520425, 46.046218611348827 ], [ 23.19733504329006, 46.049414351001147 ], [ 23.173879635885726, 46.057958974739762 ], [ 23.080932870541407, 46.150257938972508 ], [ 23.074459806885613, 46.159302548025771 ], [ 23.071882085070236, 46.166126335160818 ], [ 23.07360271031019, 46.170454942582957 ], [ 23.077899326361056, 46.173209048956174 ], [ 23.084182711277077, 46.173868506968503 ], [ 23.091574055163893, 46.172441954006082 ], [ 23.09877314522387, 46.170066093304257 ], [ 23.103104061322693, 46.173698017939842 ], [ 23.102721966670639, 46.183771651477009 ], [ 23.087454583599886, 46.213923911008841 ], [ 23.076092240933153, 46.23019294003133 ], [ 23.063714870861617, 46.242985033004899 ], [ 23.052932082672676, 46.248939936291599 ], [ 23.041298082990313, 46.25296301532768 ], [ 22.996207133816547, 46.259715612973494 ], [ 22.984242108475517, 46.263208523559427 ], [ 22.977803901566251, 46.269174712108516 ], [ 22.962443340501206, 46.314147199453181 ], [ 22.948212891327472, 46.343043480139684 ], [ 22.938096093777826, 46.358100341381466 ], [ 22.92897946797429, 46.366989758675643 ], [ 22.919145867960147, 46.369442634927644 ], [ 22.827696606416136, 46.366396570400035 ], [ 22.818462476253483, 46.368308885621481 ], [ 22.770922022371035, 46.391783789181353 ] ] ] } },
{ "type": "Feature", "properties": { "source": "https://simplemaps.com", "id": "ROBR", "name": "Braila", "changing": true, "mainFeature": false, "color_id": 3, "new_color_id": 2 }, "geometry": { "type": "Polygon", "coordinates": [ [ [ 28.005613117896321, 44.629235576130228 ], [ 27.984988529635029, 44.61625905922525 ], [ 27.964177508752996, 44.611745492649447 ], [ 27.945299234709427, 44.615663989062931 ], [ 27.915901626240949, 44.630957005934349 ], [ 27.896713432693016, 44.634887138759872 ], [ 27.877585561384315, 44.63506583169773 ], [ 27.861737428111461, 44.633151208006737 ], [ 27.83196332833116, 44.654690728791316 ], [ 27.824363485988506, 44.662693211968623 ], [ 27.807177361048641, 44.671535950414381 ], [ 27.785852901058913, 44.67505836143733 ], [ 27.739550220681956, 44.673299568164843 ], [ 27.717132372312346, 44.668693506429747 ], [ 27.699206153187411, 44.662567489016531 ], [ 27.676528148127616, 44.657920109093034 ], [ 27.637365857045953, 44.653606746134486 ], [ 27.364533250262664, 44.670008627141897 ], [ 27.337057214817147, 44.678891368036048 ], [ 27.325000825630912, 44.684016828615391 ], [ 27.311590171098686, 44.686247601279206 ], [ 27.29423362989705, 44.682788637481337 ], [ 27.270932294455509, 44.675424595373606 ], [ 27.251087514745112, 44.675786237805291 ], [ 27.235339086714252, 44.677746441485652 ], [ 27.153760394753284, 44.704956278614262 ], [ 27.150317954578991, 44.712149979995964 ], [ 27.158640239239833, 44.758368964517459 ], [ 27.152913954592378, 44.77064255784714 ], [ 27.142727085659569, 44.779935853574116 ], [ 27.133362690774824, 44.786455830276147 ], [ 27.13139822497703, 44.795738159400763 ], [ 27.135167457057825, 44.804848008435286 ], [ 27.148225310317883, 44.813439786057408 ], [ 27.159377327073916, 44.816934287657432 ], [ 27.195781529703542, 44.822131387370973 ], [ 27.204513956130288, 44.831202367966398 ], [ 27.212615586591234, 44.847952108632398 ], [ 27.224756257524398, 44.884687190799959 ], [ 27.229614278457788, 44.9057784347725 ], [ 27.231792948539237, 44.92182864988218 ], [ 27.230142312061922, 44.931202007576893 ], [ 27.225274403204867, 44.937649854304723 ], [ 27.216694221609313, 44.940415789759847 ], [ 27.192513969187743, 44.940998667805324 ], [ 27.179805027232472, 44.942658905385827 ], [ 27.172203747258319, 44.946653623310148 ], [ 27.168760306219163, 44.953821541981654 ], [ 27.168628512080044, 44.962359811231465 ], [ 27.170489751242314, 44.982197692780602 ], [ 27.169474899758896, 44.991959925866219 ], [ 27.163890953931368, 44.99993552018833 ], [ 27.155868324627299, 45.005058594800509 ], [ 27.143886151013884, 45.008112608552487 ], [ 27.134425938017973, 45.012179970369957 ], [ 27.129521525836211, 45.019017108548972 ], [ 27.129013785206485, 45.029845576300829 ], [ 27.130626926891559, 45.049951726338413 ], [ 27.129811746783723, 45.058206410135782 ], [ 27.126066554441106, 45.065592985516446 ], [ 27.119778212011969, 45.071424016353106 ], [ 27.111085495333661, 45.075280393537426 ], [ 27.101802935512222, 45.07595341076955 ], [ 27.093039131449803, 45.074020377619114 ], [ 27.086669156355654, 45.069821732189126 ], [ 27.08608390220077, 45.062785381436782 ], [ 27.084907252638072, 45.056496166710083 ], [ 27.081725841889902, 45.050518029548776 ], [ 27.072792541073095, 45.044247478515921 ], [ 27.060909145505331, 45.04321208415643 ], [ 27.05120826483023, 45.04509092715405 ], [ 27.04517728194142, 45.049567293231135 ], [ 27.031375264768641, 45.077516048998781 ], [ 27.030732328780925, 45.084884828710393 ], [ 27.0322510859495, 45.091988132019004 ], [ 27.040938123626947, 45.099897339401849 ], [ 27.055987618112294, 45.107842377752583 ], [ 27.136642915611386, 45.124497794875268 ], [ 27.183385239958973, 45.117654802274075 ], [ 27.195830770910149, 45.117194323457937 ], [ 27.235516166415515, 45.124305943443268 ], [ 27.248848605616466, 45.12404352807566 ], [ 27.259186465697077, 45.121260625906935 ], [ 27.266784717991229, 45.117188451728531 ], [ 27.274015093007584, 45.115613013135423 ], [ 27.279902175250495, 45.119365090434336 ], [ 27.284500906344402, 45.133820981585117 ], [ 27.280282735108827, 45.156895946691556 ], [ 27.280990067358204, 45.167056328193652 ], [ 27.287971068748039, 45.174980503409635 ], [ 27.307094194654969, 45.179973683070713 ], [ 27.322499181020454, 45.179811297605077 ], [ 27.337441814080702, 45.177081171292073 ], [ 27.349758482767744, 45.178616787674308 ], [ 27.35926566016736, 45.186338805779421 ], [ 27.367583178350365, 45.208613618877052 ], [ 27.375087891039119, 45.221999208505189 ], [ 27.394403083177103, 45.243818391813953 ], [ 27.398563773576125, 45.262945829353953 ], [ 27.408647406650459, 45.282772704621635 ], [ 27.434706148011692, 45.309086269543691 ], [ 27.461018568663864, 45.331304323514715 ], [ 27.479021095530403, 45.342030055055965 ], [ 27.499510635688655, 45.350227950752341 ], [ 27.559194786997278, 45.363565575835921 ], [ 27.615712458967792, 45.343515057400907 ], [ 27.650772805155469, 45.343437899481415 ], [ 27.669195759797006, 45.345071056986086 ], [ 27.681040171326412, 45.342462000813306 ], [ 27.689501306780464, 45.336649505490527 ], [ 27.708864535668269, 45.318671452734641 ], [ 27.741807837275953, 45.296180596841275 ], [ 27.796041743395541, 45.273271536119005 ], [ 27.831064480000528, 45.26693822564863 ], [ 27.896879122785446, 45.26643502201533 ], [ 27.920314624147419, 45.262674858372883 ], [ 27.944938146528251, 45.256230777280422 ], [ 28.005181115408163, 45.248136175049233 ], [ 28.000643384120028, 45.23921152027836 ], [ 27.998292568238476, 45.230666849982576 ], [ 27.994814704209222, 45.201221248081652 ], [ 27.99389688309542, 45.197585287366273 ], [ 27.992061706611665, 45.194295482061236 ], [ 27.983274783962877, 45.183830228168063 ], [ 27.981741169371599, 45.181640502397087 ], [ 27.976086495840967, 45.16663116147793 ], [ 27.971304334079417, 45.160715556777767 ], [ 27.957728833337793, 45.146817321088534 ], [ 28.010933839975092, 45.110812618173419 ], [ 28.044719028210768, 45.099278506009682 ], [ 28.079809553957865, 45.107914288533749 ], [ 28.086360943650185, 45.103521019298739 ], [ 28.091614339865263, 45.098997445934096 ], [ 28.095901955590914, 45.09358075162767 ], [ 28.099508376498793, 45.086613314051824 ], [ 28.086134199569369, 45.073896685395418 ], [ 28.070393882726037, 45.053566839330287 ], [ 28.064370224567462, 45.034408773160735 ], [ 28.079993122598278, 45.025265154310119 ], [ 28.098215487101651, 45.020441674928897 ], [ 28.118313839900829, 45.009364836307782 ], [ 28.134832448441777, 44.995350778942964 ], [ 28.142629446575885, 44.981806826766189 ], [ 28.138454728826176, 44.968937570734305 ], [ 28.126367436709494, 44.956067204311964 ], [ 28.111038756372782, 44.946271312859395 ], [ 28.097293769161908, 44.942593588486488 ], [ 28.094374393620335, 44.938027379833137 ], [ 28.099247972530016, 44.905255935434191 ], [ 28.100229440849194, 44.902580073671452 ], [ 28.102474411703778, 44.90047542398986 ], [ 28.104677008312539, 44.897286402038738 ], [ 28.105531354095014, 44.891357407769362 ], [ 28.10326831050001, 44.885058930563062 ], [ 28.093550913211519, 44.87460418220315 ], [ 28.090952823074019, 44.867672348207158 ], [ 28.099762470721387, 44.83107530774371 ], [ 28.09924212573668, 44.808495721602085 ], [ 28.084855025298108, 44.798973366952588 ], [ 28.081412241648085, 44.794246722 ], [ 28.08076533088736, 44.749899790690044 ], [ 28.082025528661145, 44.745092688478671 ], [ 28.080262332741306, 44.740998395507852 ], [ 28.071913700347203, 44.731162321151118 ], [ 28.044071712609817, 44.706857876414638 ], [ 28.033353615291745, 44.69196897024721 ], [ 28.028496964005694, 44.668265999695102 ], [ 28.021636197852001, 44.647537452681206 ], [ 28.005613117896321, 44.629235576130228 ] ] ] } }
]
}
