{
"type": "FeatureCollection",
"name": "map00",
"crs": { "type": "name", "properties": { "name": "urn:ogc:def:crs:OGC:1.3:CRS84" } },
"features": [
{ "type": "Feature", "properties": { "source": "https://simplemaps.com", "id": "MGM", "name": "Mahajanga", "color_id": 1, "changing": false, "mainFeature": false, "new_color_id": 1 }, "geometry": { "type": "Polygon", "coordinates": [ [ [ 48.031079180933972, -14.063598348724202 ], [ 48.031156448583701, -14.063534057226965 ], [ 48.031466508733125, -14.063275689527806 ], [ 48.038752888602758, -14.056919543750118 ], [ 48.042163523149995, -14.054542260532948 ], [ 48.049914992343872, -14.04777272658105 ], [ 48.052085397622797, -14.043896910824989 ], [ 48.051310251338748, -14.038522562533014 ], [ 48.040613226870683, -14.023174621083044 ], [ 48.040613226073091, -14.018058640720716 ], [ 48.0435587949625, -14.014699860998352 ], [ 48.0658830150048, -14.008808777735808 ], [ 48.070688912954559, -14.00663818891549 ], [ 48.074564653085936, -14.004157859337003 ], [ 48.0786470865757, -14.000230370438988 ], [ 48.079680620555273, -13.998680164473534 ], [ 48.081437611982324, -13.99563112566333 ], [ 48.08247113736239, -13.991031880936054 ], [ 48.082367786164802, -13.985450839175936 ], [ 48.081127551374976, -13.97997314454657 ], [ 48.077665227778901, -13.969896205479536 ], [ 48.076580039731766, -13.96493554675205 ], [ 48.077510215102464, -13.959767893542658 ], [ 48.080300736701886, -13.95604709914957 ], [ 48.084331491011859, -13.953101407688138 ], [ 48.123140495885693, -13.935893222334391 ], [ 48.127326296139479, -13.933154525531474 ], [ 48.146601604463648, -13.917289852531912 ], [ 48.155283245624624, -13.912018852830716 ], [ 48.194092231435945, -13.894913715667068 ], [ 48.227423536494342, -13.871711104056516 ], [ 48.23688032118428, -13.867008513570516 ], [ 48.24184126608872, -13.865044919934016 ], [ 48.247008909205832, -13.864993246417367 ], [ 48.251659778893348, -13.867783616324084 ], [ 48.254140255371702, -13.875845285894115 ], [ 48.253830194282301, -13.881994734988579 ], [ 48.251969841296933, -13.8876274489739 ], [ 48.249592727804426, -13.892226692633438 ], [ 48.243856634170619, -13.900494756292222 ], [ 48.227578566519441, -13.919305119917622 ], [ 48.225098102048904, -13.923645996283511 ], [ 48.213160845458916, -13.939717363609114 ], [ 48.189079621446702, -13.957700652019307 ], [ 48.186134069845004, -13.96178316112041 ], [ 48.183963660653575, -13.966537426126688 ], [ 48.179157747665606, -13.989481675003208 ], [ 48.179157744702486, -14.001057146956155 ], [ 48.180242959373381, -14.008808777735808 ], [ 48.181483195421116, -14.013924757989169 ], [ 48.185203900505556, -14.01867902356137 ], [ 48.191095001022248, -14.022244497454068 ], [ 48.202928916578976, -14.024053371606481 ], [ 48.209750191525494, -14.022709559268307 ], [ 48.215021196702487, -14.019919188390288 ], [ 48.221222359113057, -14.012219230946362 ], [ 48.224788043721638, -14.008912124802412 ], [ 48.229438926800995, -14.007723633538056 ], [ 48.2351750053421, -14.00953220720249 ], [ 48.247732368366641, -14.022967926943103 ], [ 48.273053835338715, -14.056299461281977 ], [ 48.279254991303162, -14.060950079814855 ], [ 48.317598906565252, -14.081465677213492 ], [ 48.323024937572448, -14.085186472682917 ], [ 48.340543251091489, -14.100431069269886 ], [ 48.352635527265022, -14.108440769145538 ], [ 48.376406683357366, -14.120067917857774 ], [ 48.388654005026339, -14.123426998837342 ], [ 48.398265816732021, -14.124563816876428 ], [ 48.4038468764778, -14.123168631101645 ], [ 48.419194777862764, -14.117432566981973 ], [ 48.44374107766744, -14.113970138958381 ], [ 48.459864122429074, -14.108854157508267 ], [ 48.488441198313282, -14.095470108615231 ], [ 48.49696781130433, -14.089992412587845 ], [ 48.508439974891459, -14.080380532832413 ], [ 48.512470746758687, -14.077590161579545 ], [ 48.517121615233044, -14.075057857623541 ], [ 48.522237587534455, -14.07350765138905 ], [ 48.531125922256528, -14.077073125736785 ], [ 48.542288039140672, -14.085548187480397 ], [ 48.579960162472382, -14.127147794677034 ], [ 48.586006308393308, -14.131695367319903 ], [ 48.597685181482007, -14.137069716792956 ], [ 48.629311142289438, -14.147249706467704 ], [ 48.634427117194512, -14.150350419913465 ], [ 48.696697222623662, -14.197531078057024 ], [ 48.702071562269467, -14.200373123669387 ], [ 48.70723921761541, -14.202181998587919 ], [ 48.713285357574755, -14.202543713487062 ], [ 48.719021444947401, -14.201768610132154 ], [ 48.72444745649878, -14.200373123669387 ], [ 48.739640329307484, -14.194585384924679 ], [ 48.745376416631885, -14.193551913805246 ], [ 48.757675407337409, -14.193551913805246 ], [ 48.763721551766814, -14.192880157579014 ], [ 48.768527468272843, -14.190864888906921 ], [ 48.776433946170002, -14.184766808539925 ], [ 48.781084832700962, -14.182596519244056 ], [ 48.787596057134699, -14.183991705218652 ], [ 48.794262320129405, -14.188694299151164 ], [ 48.815863069720713, -14.220578686576671 ], [ 48.818653597661886, -14.226004710770265 ], [ 48.820668973438316, -14.238251945535751 ], [ 48.823149444202748, -14.242799519408514 ], [ 48.82687015863511, -14.245435171515298 ], [ 48.833381390372736, -14.244711741640883 ], [ 48.837567173183217, -14.241662701042429 ], [ 48.84113284256307, -14.23768353635872 ], [ 48.843768336667551, -14.233497677470249 ], [ 48.850899689878553, -14.226521446370789 ], [ 48.876686228978954, -14.210243373986643 ], [ 48.896995074523282, -14.202543713487062 ], [ 48.90149091472464, -14.200063082328889 ], [ 48.905211629229186, -14.19675597471163 ], [ 48.931463254019882, -14.159858954168753 ], [ 48.935183949889478, -14.15655154644681 ], [ 48.939524779684483, -14.153916195340546 ], [ 48.944485704521782, -14.151900626431216 ], [ 48.956267939300623, -14.149575316656758 ], [ 48.970840696687681, -14.143425863777169 ], [ 48.977506955371297, -14.143735905075074 ], [ 48.984689969569516, -14.146474603216786 ], [ 48.995697062016852, -14.153761174687764 ], [ 49.001743193290672, -14.156913261305853 ], [ 49.008254436130585, -14.158877156687987 ], [ 49.026702912954164, -14.161409160722037 ], [ 49.032904078436665, -14.163217735041551 ], [ 49.039001908034322, -14.165543345320181 ], [ 49.092021920601212, -14.194792079148867 ], [ 49.096879501775732, -14.195515508934392 ], [ 49.101530385675701, -14.194120322920599 ], [ 49.106956407602333, -14.195360488265962 ], [ 49.113157580886075, -14.200063082328889 ], [ 49.120909045114281, -14.216599522100054 ], [ 49.13315637373551, -14.25587383213194 ], [ 49.136256960184326, -14.260989815412895 ], [ 49.14090782248789, -14.265795456940563 ], [ 49.148969360176544, -14.272616968450393 ], [ 49.154447058373847, -14.278921443980407 ], [ 49.159718054483079, -14.289928514720636 ], [ 49.164213898827178, -14.29680139978492 ], [ 49.191809120817624, -14.316231863970588 ], [ 49.226897410136104, -14.351268349699811 ], [ 49.256042924651446, -14.371318899531031 ], [ 49.259763615762992, -14.374729355757578 ], [ 49.263535995732532, -14.379897014161582 ], [ 49.276093381003626, -14.403668363882129 ], [ 49.294696890188348, -14.427181046713981 ], [ 49.315367459261502, -14.444854314980393 ], [ 49.320173378323396, -14.447128253325376 ], [ 49.330870388114498, -14.450590383816309 ], [ 49.340792266899506, -14.454931265799894 ], [ 49.345133096130752, -14.457721940111316 ], [ 49.356140180787442, -14.467437176129916 ], [ 49.360480991075455, -14.470124202921282 ], [ 49.375208771044143, -14.476842070411498 ], [ 49.379136187691941, -14.479787765666099 ], [ 49.393863963022433, -14.493275174708124 ], [ 49.396964550685475, -14.498132793145869 ], [ 49.399289988934619, -14.503817189197438 ], [ 49.399600053160192, -14.513377405615854 ], [ 49.397584671407301, -14.519165149098342 ], [ 49.394329059438043, -14.523764399875045 ], [ 49.381926703709688, -14.532445865161876 ], [ 49.374485313900287, -14.538802318990024 ], [ 49.371384714409636, -14.542781186353626 ], [ 49.366217077212617, -14.551617973326376 ], [ 49.364356728079152, -14.556578939737529 ], [ 49.364511757369598, -14.562159989476665 ], [ 49.367302284095679, -14.567741039300786 ], [ 49.384407171313256, -14.58215857649091 ], [ 49.402855666079219, -14.607325126574477 ], [ 49.412157427102905, -14.617505429045657 ], [ 49.418358602613594, -14.627479037346225 ], [ 49.45453209537289, -14.707267312907737 ], [ 49.455927361193353, -14.712279955093452 ], [ 49.456547479994306, -14.717499291860557 ], [ 49.455772334032289, -14.722925323218414 ], [ 49.452826780912041, -14.733002281738445 ], [ 49.452361695579761, -14.737808229770009 ], [ 49.453756960496683, -14.743079240548925 ], [ 49.473135604881293, -14.792274944438939 ], [ 49.476546266320526, -14.798476381985534 ], [ 49.481352171340795, -14.805297602902305 ], [ 49.491635767734742, -14.814650832402924 ], [ 49.502022744935324, -14.821524027713053 ], [ 49.511014430688405, -14.825399550962265 ], [ 49.520161159325831, -14.830928931302248 ], [ 49.568737020683336, -14.893871041234636 ], [ 49.575558303018433, -14.906738382205415 ], [ 49.585945263945582, -14.941103167836658 ], [ 49.578503859161636, -14.94048308390026 ], [ 49.56904706191326, -14.943118440637951 ], [ 49.564241166607843, -14.945289034865976 ], [ 49.559900336765267, -14.948079412629463 ], [ 49.556179642164068, -14.951335153811584 ], [ 49.538609647015782, -14.975933020038026 ], [ 49.532098416258606, -14.981462402868841 ], [ 49.52543216718756, -14.984149734031135 ], [ 49.519230996177384, -14.983943039358515 ], [ 49.513184857377091, -14.98301291333331 ], [ 49.507603787115222, -14.981617423872132 ], [ 49.503262973513259, -14.979912192840038 ], [ 49.500162393144549, -14.978258635484066 ], [ 49.477166377423067, -14.962497266068155 ], [ 49.472670535488334, -14.960171951161964 ], [ 49.468019640312875, -14.959034830118878 ], [ 49.46305871606139, -14.961257098116137 ], [ 49.459493042933786, -14.966528112372746 ], [ 49.457012575804775, -14.97732850947498 ], [ 49.456857538489587, -14.985079860059596 ], [ 49.457167592483664, -14.991901084777311 ], [ 49.463523797363379, -15.013811943741795 ], [ 49.464143914938319, -15.026214286507431 ], [ 49.462748651005377, -15.03856495475444 ], [ 49.461198358227122, -15.04404265511112 ], [ 49.45251671685655, -15.066418549864904 ], [ 49.450966424304177, -15.073756606416943 ], [ 49.450966424390913, -15.080112809067517 ], [ 49.451896600291718, -15.084763686838514 ], [ 49.454687127564213, -15.09137827283492 ], [ 49.456237419848108, -15.096132498380769 ], [ 49.457167595734703, -15.101920256610713 ], [ 49.457787712648077, -15.114632663026772 ], [ 49.455462273648905, -15.13318450242774 ], [ 49.452671746901402, -15.139023944450539 ], [ 49.448640985001134, -15.144553315475378 ], [ 49.440269402847854, -15.149979338938511 ], [ 49.43375817178633, -15.15276986612591 ], [ 49.426575148465943, -15.154165134421479 ], [ 49.413552687035413, -15.153700041859597 ], [ 49.401460402208066, -15.151374607223866 ], [ 49.386112501924678, -15.145638522039455 ], [ 49.380996534686858, -15.144398284625266 ], [ 49.375415479893462, -15.144708346325526 ], [ 49.370867953942472, -15.147395525832229 ], [ 49.367767368138907, -15.15235645677577 ], [ 49.366992221486903, -15.160986416953598 ], [ 49.366992222542635, -15.16811778010277 ], [ 49.36776736875219, -15.174112244133967 ], [ 49.369937778438832, -15.178763113693307 ], [ 49.375725539811697, -15.186721295939668 ], [ 49.378206008077477, -15.191320491820939 ], [ 49.379756300056989, -15.196746506548349 ], [ 49.380531447585724, -15.202740989790401 ], [ 49.380221389138072, -15.209097189925041 ], [ 49.379446242532154, -15.215143328402984 ], [ 49.37572553895123, -15.225375253816674 ], [ 49.372624953363655, -15.230749613942677 ], [ 49.368232455841387, -15.236227303026061 ], [ 49.360636022056475, -15.241911725067226 ], [ 49.353814732505882, -15.243462015172893 ], [ 49.347768588812706, -15.24289356545253 ], [ 49.331335483923382, -15.238035981051121 ], [ 49.325599400495264, -15.237570897780174 ], [ 49.320173374702335, -15.238552756932199 ], [ 49.315160760101762, -15.24051645646626 ], [ 49.310974968728971, -15.243978772283775 ], [ 49.301828241672027, -15.25353891977438 ], [ 49.296402214793034, -15.256329438289372 ], [ 49.285705193203043, -15.260205163694856 ], [ 49.258109978928523, -15.277568455244349 ], [ 49.249376661528729, -15.279842216758786 ], [ 49.241780225479246, -15.280307300075266 ], [ 49.228912795859479, -15.2789120501273 ], [ 49.222556593424436, -15.279222093153033 ], [ 49.21666547923089, -15.280307300075266 ], [ 49.211394484035779, -15.282012630608953 ], [ 49.20643354798797, -15.284131370631515 ], [ 49.197545199868422, -15.289454038874451 ], [ 49.192894321458581, -15.293278090732015 ], [ 49.188398472082639, -15.298135675747677 ], [ 49.182662388383768, -15.305990493781138 ], [ 49.178166537703291, -15.310951426614563 ], [ 49.173670688836175, -15.314930518954128 ], [ 49.164058871616227, -15.319271328222971 ], [ 49.142303094041246, -15.325782570367029 ], [ 49.114087762998828, -15.339838569365337 ], [ 49.108661737389028, -15.341388859808131 ], [ 49.102770624120943, -15.34237070041017 ], [ 49.096569452581548, -15.342319026565479 ], [ 49.085200637534143, -15.340665388430617 ], [ 49.079154494518946, -15.340665388430617 ], [ 49.073418410127957, -15.341595555186579 ], [ 49.062101271745, -15.344489440708688 ], [ 49.036314732246964, -15.347641695474383 ], [ 49.024842564732388, -15.350380559495878 ], [ 49.020191683697099, -15.354721350310303 ], [ 49.016315951820495, -15.361232592934345 ], [ 49.013680453271448, -15.374823490767181 ], [ 49.013680453240461, -15.383091719621214 ], [ 49.015540806043809, -15.389602962612267 ], [ 49.020501743707399, -15.398542989313615 ], [ 49.022207066250445, -15.403762311114289 ], [ 49.023447301172453, -15.416371369320014 ], [ 49.024532504276287, -15.422107429822773 ], [ 49.026082797127096, -15.427585121119618 ], [ 49.030888705058246, -15.436576822309403 ], [ 49.034040970431242, -15.44045258670476 ], [ 49.038071731022683, -15.443449820487938 ], [ 49.04272260943722, -15.445878604328231 ], [ 49.047993604899744, -15.447738938218269 ], [ 49.053884719146467, -15.448979185850817 ], [ 49.060395948756472, -15.449134207416659 ], [ 49.066442091631195, -15.448410735889418 ], [ 49.076674026324454, -15.445723582763279 ], [ 49.082100051345009, -15.44608529974823 ], [ 49.086595900707302, -15.44810069275818 ], [ 49.090781691560707, -15.451149600437448 ], [ 49.095174188020273, -15.453733405877855 ], [ 49.09982506786983, -15.455490429635532 ], [ 49.105096062680062, -15.455283696658448 ], [ 49.114552849042852, -15.452389810523764 ], [ 49.118428581721687, -15.452389810523764 ], [ 49.120754023077517, -15.455490429635532 ], [ 49.121374139882555, -15.460244649716678 ], [ 49.119203728175734, -15.467427653768571 ], [ 49.114552849061802, -15.475747557883457 ], [ 49.103855827826969, -15.488563313132804 ], [ 49.087526075100079, -15.502826011837611 ], [ 49.084270459541358, -15.508252030033061 ], [ 49.081479933794931, -15.515176702902989 ], [ 49.079929641810722, -15.528044132827993 ], [ 49.081014846568252, -15.535588892261689 ], [ 49.08303022561941, -15.541841730095655 ], [ 49.085045606445881, -15.546595950838803 ], [ 49.086750930839194, -15.551556904624375 ], [ 49.087526075818559, -15.556982923224073 ], [ 49.087526075641144, -15.56308073966083 ], [ 49.070627885319645, -15.68576062558337 ], [ 49.05822553687026, -15.72937547808715 ], [ 49.056365185645554, -15.74131274412168 ], [ 49.056365184630096, -15.747668931256593 ], [ 49.056985303428533, -15.753663401295132 ], [ 49.058535598636603, -15.759037784849253 ], [ 49.061016066450549, -15.763585311296321 ], [ 49.073418409363882, -15.779191573180869 ], [ 49.078999465865003, -15.787873235222664 ], [ 49.087526073384559, -15.807045145219474 ], [ 49.094088981054895, -15.828129139220552 ], [ 49.106026239291829, -15.885386652276198 ], [ 49.107111444353578, -15.897478941268039 ], [ 49.106336294242197, -15.904351867888941 ], [ 49.103855827834401, -15.913085204475482 ], [ 49.090781693342485, -15.937993292262599 ], [ 49.076674027048213, -15.956390095562679 ], [ 49.052024364543847, -15.981918195174687 ], [ 49.046133251733778, -15.989617979215522 ], [ 49.039001906375063, -16.003932395792624 ], [ 49.029028354429805, -16.033181240519323 ], [ 49.02871829777542, -16.035506715465239 ], [ 49.019726598903688, -16.070543335569855 ], [ 49.005773957794766, -16.102117580155326 ], [ 49.004533726287534, -16.110695895338157 ], [ 49.006239047487604, -16.116845387809303 ], [ 49.009804720538867, -16.120256014279658 ], [ 49.013835483201412, -16.123201575804337 ], [ 49.10726647322916, -16.165317892934116 ], [ 49.138272332553534, -16.170227137048048 ], [ 49.17785647753346, -16.172139145787984 ], [ 49.189328647551982, -16.174722990098843 ], [ 49.199870642306173, -16.178650430442637 ], [ 49.204056433019261, -16.181544318038277 ], [ 49.207363722990621, -16.185368335501678 ], [ 49.209534131953802, -16.190070884054443 ], [ 49.210619338426739, -16.195910333099054 ], [ 49.210929396374119, -16.201853129892577 ], [ 49.209999218173671, -16.21337693115915 ], [ 49.210464308193124, -16.218647967454508 ], [ 49.216665478803066, -16.232652265117348 ], [ 49.218215774444808, -16.238181670765105 ], [ 49.219145951871646, -16.243866098037675 ], [ 49.216975541309957, -16.253064499354068 ], [ 49.212324664778329, -16.264536701545218 ], [ 49.152896761784156, -16.369543128500336 ], [ 49.148245885719064, -16.380860308054675 ], [ 49.147109007852713, -16.39202246586483 ], [ 49.145765412355367, -16.397293351264537 ], [ 49.142923206312489, -16.403959581447332 ], [ 49.127575313428082, -16.426232222553534 ], [ 49.107421504877273, -16.441321744327251 ], [ 49.06799238337306, -16.460545325726493 ], [ 49.06241133378515, -16.462095692060579 ], [ 49.056675246039205, -16.463180843342432 ], [ 49.050474073228663, -16.463490886565573 ], [ 49.044427932553027, -16.466126404172325 ], [ 49.039311968026851, -16.47150078710105 ], [ 49.035281205055419, -16.483799768932261 ], [ 49.034351031490523, -16.4922230602184 ], [ 49.03507449676728, -16.505710540690416 ], [ 49.03249067450345, -16.51501228748165 ], [ 49.027478064077435, -16.526329465163784 ], [ 49.014765662297798, -16.547000062921839 ], [ 49.00437869987919, -16.57108128525708 ], [ 49.000192905748676, -16.577954209439412 ], [ 48.991976356613058, -16.586377499622913 ], [ 48.982467886457165, -16.593922183841553 ], [ 48.976473421501616, -16.599864978289038 ], [ 48.971615834399749, -16.606324511283521 ], [ 48.968205199751047, -16.615936450075569 ], [ 48.968050168113692, -16.622757699915059 ], [ 48.96913537259119, -16.628855515661446 ], [ 48.97440636950936, -16.637588848304237 ], [ 48.98391483404157, -16.649164393151924 ], [ 48.986085239812226, -16.653401799590807 ], [ 48.985775184698483, -16.658569485617328 ], [ 48.982054476375716, -16.663220282829517 ], [ 48.973166134166433, -16.6677678825085 ], [ 48.966034789267802, -16.670248377752948 ], [ 48.916838816314041, -16.678723190284348 ], [ 48.910637646866569, -16.678103104037366 ], [ 48.90490156732902, -16.676759583833178 ], [ 48.88412763719321, -16.669163076589083 ], [ 48.878236524665098, -16.668698011895934 ], [ 48.86113162711213, -16.671488550263732 ], [ 48.849039343735541, -16.671023485572515 ], [ 48.843148228596782, -16.671488550263732 ], [ 48.837722196953187, -16.673142113607149 ], [ 48.832761263307077, -16.675157544139999 ], [ 48.747701855886049, -16.732156656413501 ], [ 48.729098345075116, -16.749003232091059 ], [ 48.721036820847985, -16.755152720269564 ], [ 48.712200152882581, -16.76057877453151 ], [ 48.707549265636878, -16.762749076047715 ], [ 48.701968217939957, -16.76404107239842 ], [ 48.696077104012588, -16.764196093934491 ], [ 48.690599396638341, -16.762800749893234 ], [ 48.686103545520105, -16.760010212013384 ], [ 48.68238284402895, -16.756599587964121 ], [ 48.650446812789752, -16.710607609559577 ], [ 48.641300085412325, -16.692055795498749 ], [ 48.637682730395191, -16.681513728601871 ], [ 48.635357288325473, -16.670041532119537 ], [ 48.635357291687825, -16.657070793584257 ], [ 48.636132439134023, -16.650766282703739 ], [ 48.63923302179127, -16.639707476462085 ], [ 48.643573843454682, -16.630147362118979 ], [ 48.659438505452862, -16.603792341911184 ], [ 48.663624299920727, -16.593818836119016 ], [ 48.665019561780198, -16.588341106371061 ], [ 48.665329618909837, -16.582656681128142 ], [ 48.664089392887732, -16.577385796951283 ], [ 48.661918977767286, -16.572889870462102 ], [ 48.650756871417848, -16.562813016470837 ], [ 48.647501258943649, -16.559092348059266 ], [ 48.644710725376889, -16.55480311690561 ], [ 48.642953732977617, -16.549945623428918 ], [ 48.642333614774763, -16.544312871727829 ], [ 48.643470491521583, -16.533254063654901 ], [ 48.64140343516879, -16.50896614456958 ], [ 48.640059846690193, -16.503281718685287 ], [ 48.637682736394666, -16.498734268076472 ], [ 48.632101679129526, -16.490259302990808 ], [ 48.629931264226187, -16.485453332746289 ], [ 48.627760852685498, -16.470622181095539 ], [ 48.625590446970023, -16.466591469005355 ], [ 48.622024772941472, -16.463490886565573 ], [ 48.613188099943535, -16.458219851327456 ], [ 48.60915733875256, -16.455119268857167 ], [ 48.606366816368336, -16.45083018733726 ], [ 48.60326622500633, -16.440081421187724 ], [ 48.600785761433933, -16.435637317978482 ], [ 48.593809447172646, -16.428506023163614 ], [ 48.576859574523986, -16.417188844145887 ], [ 48.557325883762353, -16.407938770157855 ], [ 48.535621773374686, -16.401014020416845 ], [ 48.525648227491523, -16.396673264773618 ], [ 48.507974893328857, -16.385924648226815 ], [ 48.480379674701588, -16.350474566957004 ], [ 48.469165891545515, -16.340604405867882 ], [ 48.46141442466611, -16.335178348353093 ], [ 48.456453482817473, -16.333369612437931 ], [ 48.450872429487191, -16.332904547543109 ], [ 48.427773060838625, -16.337038607927894 ], [ 48.415164012942277, -16.336728564665631 ], [ 48.40880780949513, -16.337038607927894 ], [ 48.399040964727249, -16.339984169130311 ], [ 48.3945451161145, -16.339519104238004 ], [ 48.391599559612352, -16.336418521403289 ], [ 48.389584186232078, -16.331612700612169 ], [ 48.388343943744495, -16.312337292743958 ], [ 48.386483600699279, -16.307066406959532 ], [ 48.383072946983923, -16.303500608927258 ], [ 48.378267047640811, -16.30117528439883 ], [ 48.360076934028321, -16.297712834108712 ], [ 48.354960974099725, -16.295749226721362 ], [ 48.350155064380004, -16.29326873032926 ], [ 48.342713659793354, -16.286499151769355 ], [ 48.329536165318906, -16.278437575983386 ], [ 48.325815463181435, -16.275130297493128 ], [ 48.310312532301587, -16.255648268461893 ], [ 48.298943720277094, -16.24577810671558 ], [ 48.294602899218134, -16.243090914725439 ], [ 48.289796992163076, -16.24112723216432 ], [ 48.284525993722063, -16.240352048850966 ], [ 48.273673946628563, -16.242367480400613 ], [ 48.267627802005286, -16.242832545323743 ], [ 48.261581661132567, -16.242470828161331 ], [ 48.255845576736476, -16.24112723216432 ], [ 48.243546584124275, -16.2398869839272 ], [ 48.195435823529202, -16.247948484792495 ], [ 48.190164826524821, -16.249808819585976 ], [ 48.176367221055557, -16.257095212207812 ], [ 48.171096228293706, -16.259058969858661 ], [ 48.15326785792643, -16.262521270020976 ], [ 48.148151884426021, -16.264329855811642 ], [ 48.143345979182854, -16.266655330611471 ], [ 48.1381783391422, -16.268619088251072 ], [ 48.132752308735682, -16.270014282998833 ], [ 48.126241077599325, -16.270324326275958 ], [ 48.101281365931733, -16.268929131528438 ], [ 48.095700315128084, -16.267740632298139 ], [ 48.090739374588061, -16.265828548537147 ], [ 48.08143761387543, -16.260505838494332 ], [ 48.076425001027673, -16.258593829832417 ], [ 48.070378859466722, -16.258180438793318 ], [ 48.064642773467561, -16.25880052535193 ], [ 48.052395459283893, -16.258645503712298 ], [ 48.04123334929006, -16.255854963981747 ], [ 48.031156448585577, -16.251772577245056 ], [ 48.025523716403448, -16.250584002895309 ], [ 48.020252720643576, -16.250584002895309 ], [ 48.014981724921462, -16.251824251125139 ], [ 48.006300083638571, -16.256630147288423 ], [ 48.001959263201478, -16.258335460432999 ], [ 47.998858675789592, -16.258645503712298 ], [ 47.99420779893245, -16.258025417153636 ], [ 47.985681188657189, -16.253322868754289 ], [ 47.980875280505408, -16.251669229484886 ], [ 47.976844517278906, -16.253684585914527 ], [ 47.974364050235174, -16.259058969858661 ], [ 47.974674109179894, -16.271306280201198 ], [ 47.973898959904787, -16.277972511070065 ], [ 47.970643341564319, -16.285207154579663 ], [ 47.962840205113608, -16.292958687056803 ], [ 47.950282834144431, -16.301485327669493 ], [ 47.942996454169304, -16.308306580036582 ], [ 47.937105343961996, -16.316523177287635 ], [ 47.930439077199665, -16.330889116115479 ], [ 47.92935387889176, -16.337968887928994 ], [ 47.92935388045214, -16.346650549878046 ], [ 47.936795281932099, -16.381325372930007 ], [ 47.938345573936338, -16.393676029847359 ], [ 47.938190544089409, -16.402822756221248 ], [ 47.930129024516148, -16.462560756895837 ], [ 47.928113641098605, -16.469382008212857 ], [ 47.921292350489097, -16.484884920185593 ], [ 47.919742057631225, -16.490982737153999 ], [ 47.916796501117197, -16.514908939747304 ], [ 47.916899851272412, -16.534029171642761 ], [ 47.925323119376245, -16.579866292565196 ], [ 47.926873403819165, -16.585137176722121 ], [ 47.941911246745114, -16.612008936315082 ], [ 47.946097034978543, -16.621827420239828 ], [ 47.9491976264977, -16.632472835950264 ], [ 47.953073355771714, -16.657277489007729 ], [ 47.954468618397243, -16.6937610326328 ], [ 47.953383420895555, -16.700840801018007 ], [ 47.948732543669671, -16.709367437138127 ], [ 47.946252070152205, -16.716447055100513 ], [ 47.9453218886608, -16.723940063763045 ], [ 47.947957394935756, -16.733810369783303 ], [ 47.952763301884801, -16.746057672591398 ], [ 47.958499388896634, -16.754429286420674 ], [ 47.973433871497939, -16.76791676100051 ], [ 47.979635048373737, -16.775771636014369 ], [ 47.983045691202442, -16.779285607615986 ], [ 47.9861462740135, -16.783212969938358 ], [ 47.988781777277538, -16.787657220871338 ], [ 47.992192416762791, -16.798044113807485 ], [ 47.994517862871987, -16.802385016917118 ], [ 47.997463417327445, -16.805743966796868 ], [ 48.00242434942502, -16.810394762661076 ], [ 48.009710727995298, -16.815820816288337 ], [ 48.013121369604612, -16.819386461426323 ], [ 48.01575687413758, -16.823727364332935 ], [ 48.017772254650851, -16.829773503857062 ], [ 48.020717812865406, -16.847550205082474 ], [ 48.024180124276988, -16.852976108041158 ], [ 48.028314245880686, -16.857006967607656 ], [ 48.032861773434156, -16.859642483391596 ], [ 48.036892535001357, -16.862588042164511 ], [ 48.040458207332179, -16.866102013088771 ], [ 48.043403759284942, -16.87033941764993 ], [ 48.047899606447572, -16.879899527333968 ], [ 48.050690141357322, -16.884033734307646 ], [ 48.054565872445124, -16.887185988234794 ], [ 48.059061724336068, -16.889769829999185 ], [ 48.064177682803276, -16.891785109396785 ], [ 48.073634474018569, -16.896591076042061 ], [ 48.07782026609587, -16.899536634554771 ], [ 48.079887321791276, -16.905737794489472 ], [ 48.079577264430434, -16.914419448281432 ], [ 48.068363480205079, -16.94671724164218 ], [ 48.068983590683636, -16.95157473123226 ], [ 48.07347944407401, -16.956484044797772 ], [ 48.077665231869844, -16.963046920584386 ], [ 48.080300729488314, -16.972141963661855 ], [ 48.080920852731488, -16.997153443644887 ], [ 48.081540964657343, -17.001855911134228 ], [ 48.104226922577283, -17.033068546929879 ], [ 48.118489622017741, -17.047072900604942 ], [ 48.135697865177349, -17.058286567686096 ], [ 48.140865511783836, -17.060301996392212 ], [ 48.146756630876304, -17.061542317980315 ], [ 48.153267860087972, -17.062007382244243 ], [ 48.166445351736215, -17.061542317980315 ], [ 48.178847689489615, -17.063247553611607 ], [ 48.183963658700954, -17.065418003708213 ], [ 48.187219276365241, -17.070895727587768 ], [ 48.188769569889594, -17.079525703676641 ], [ 48.187684357581659, -17.096268766956406 ], [ 48.188459502008101, -17.10562217559491 ], [ 48.190319861796311, -17.112443567812679 ], [ 48.192955359303987, -17.118334681304638 ], [ 48.195022409607375, -17.126086051390153 ], [ 48.196055943711151, -17.139418641834489 ], [ 48.197967974817963, -17.14742853059191 ], [ 48.200138383761995, -17.153681359987953 ], [ 48.202308786134957, -17.158435499085819 ], [ 48.204169139832821, -17.163654852444729 ], [ 48.202618854529227, -17.173473473428267 ], [ 48.197967969237091, -17.187064280574941 ], [ 48.176522249492884, -17.225098138209532 ], [ 48.170321082206385, -17.232746308261486 ], [ 48.16256961501341, -17.239050809674296 ], [ 48.159313993169526, -17.243701599871365 ], [ 48.157608682388179, -17.2497478823806 ], [ 48.158228792976608, -17.260083088056511 ], [ 48.163189730778136, -17.277704745810926 ], [ 48.160554235203755, -17.28576630461874 ], [ 48.155438262966662, -17.295843140141212 ], [ 48.143035926999218, -17.314085031030228 ], [ 48.135904580497929, -17.322508305117772 ], [ 48.12624108556264, -17.331861706641895 ], [ 48.123140500215356, -17.337649468227106 ], [ 48.120349964097215, -17.345504180025856 ], [ 48.110583124542146, -17.387568869112979 ], [ 48.107172481794365, -17.395785445872864 ], [ 48.101591423654241, -17.402348312256613 ], [ 48.088413938987678, -17.412373619838206 ], [ 48.08577843327469, -17.417334449522414 ], [ 48.084641549364427, -17.423690620379706 ], [ 48.086398555443012, -17.433302537190013 ], [ 48.089499142485764, -17.438883601551023 ], [ 48.094150018741715, -17.442449239767804 ], [ 48.112908567343048, -17.444412992048605 ], [ 48.117249377395702, -17.446841657740869 ], [ 48.118489613918996, -17.452267700587463 ], [ 48.117869505532028, -17.458830715709748 ], [ 48.115389030995757, -17.468700849609164 ], [ 48.116164172424838, -17.481413188521753 ], [ 48.114923939362306, -17.486839230599973 ], [ 48.108412718105903, -17.493040528692656 ], [ 48.097870719892015, -17.500430172122652 ], [ 48.093529903840235, -17.505029434163863 ], [ 48.089964227066396, -17.511592297638305 ], [ 48.087328721391579, -17.524873045203773 ], [ 48.087328721141688, -17.547817377976553 ], [ 48.085623399556404, -17.553553460814836 ], [ 48.082677847756962, -17.557842679528402 ], [ 48.071619101715669, -17.561253445041995 ], [ 48.067278282710511, -17.566317769290894 ], [ 48.063867624122203, -17.581355419807458 ], [ 48.061697227342897, -17.617890831705534 ], [ 48.057046339154731, -17.648483162108537 ], [ 48.054100775827578, -17.655769453092553 ], [ 48.049139855926363, -17.663056044258379 ], [ 48.037512639237207, -17.673236061228277 ], [ 48.030226276896784, -17.675251635432151 ], [ 48.023353310250009, -17.675561677549759 ], [ 48.017462200776322, -17.674838245941306 ], [ 48.01141605583441, -17.675303309118437 ], [ 48.006455112903659, -17.676646824957835 ], [ 48.002114285857054, -17.678197035531188 ], [ 47.999478804887126, -17.679644199151195 ], [ 47.996223180268316, -17.681969514974124 ], [ 47.992967568237937, -17.686878815389278 ], [ 47.990332064667449, -17.694010084016117 ], [ 47.988626733613472, -17.707187473298102 ], [ 47.989091825695091, -17.723103866943148 ], [ 47.988316675876746, -17.729563376584029 ], [ 47.9856811948695, -17.736849965189087 ], [ 47.978549833525605, -17.745531442170766 ], [ 47.967336051658059, -17.755763429204777 ], [ 47.964390499184375, -17.760569380538268 ], [ 47.962065054811355, -17.767235583645736 ], [ 47.961599965323558, -17.778811084753521 ], [ 47.962375127609782, -17.786407713535958 ], [ 47.965165651815482, -17.79829325546315 ], [ 47.962220094905973, -17.809300344587012 ], [ 47.935710074151594, -17.856790828769462 ], [ 47.902792189704684, -17.900250758231302 ], [ 47.846619903276768, -17.912394661236 ], [ 47.817474400214834, -17.922574965834212 ], [ 47.674072308993139, -17.948051561672948 ], [ 47.634953241764698, -17.94991181178364 ], [ 47.610613629528231, -17.947327830641211 ], [ 47.601156853913714, -17.939163098914857 ], [ 47.589529645644454, -17.919732616194455 ], [ 47.582553338217771, -17.911464535993112 ], [ 47.568704052000953, -17.906813609280615 ], [ 47.53506269705791, -17.911619556867247 ], [ 47.492532994597155, -17.905728463130856 ], [ 47.464421023662801, -17.898080465849084 ], [ 47.448763047279648, -17.891258945913506 ], [ 47.440081422353536, -17.882009065428793 ], [ 47.435120477394783, -17.872707210426935 ], [ 47.428609256262938, -17.86500753816626 ], [ 47.420082623856935, -17.858857774347555 ], [ 47.390885451177084, -17.844905290406452 ], [ 47.383133990191652, -17.838497458148222 ], [ 47.377087834872313, -17.830539115852346 ], [ 47.369646440136165, -17.810850554152662 ], [ 47.367941114461452, -17.800463548972946 ], [ 47.367476037363446, -17.792247137274895 ], [ 47.367786084318318, -17.78403042480825 ], [ 47.358019246745812, -17.776382422702646 ], [ 47.338743928354411, -17.767493951962201 ], [ 47.295955852962905, -17.753593135210213 ], [ 47.269704219637788, -17.749303920391057 ], [ 47.246759884628212, -17.749097225719343 ], [ 47.221128364945606, -17.751422540764143 ], [ 47.206090529146159, -17.755556734539613 ], [ 47.194773389570784, -17.761137790852818 ], [ 47.16139040916584, -17.78496055066794 ], [ 47.151003454092894, -17.788681354491484 ], [ 47.112969601948073, -17.793693999661617 ], [ 47.102272567004675, -17.797259481926641 ], [ 47.09297081051497, -17.802478821496425 ], [ 47.077312867603872, -17.815191441299561 ], [ 47.071266715075069, -17.823097810146518 ], [ 47.060673039610421, -17.841752897733649 ], [ 47.054626912453472, -17.849039482224761 ], [ 47.045480171830725, -17.851984879785956 ], [ 47.033077841038349, -17.837774027121785 ], [ 47.023310981446521, -17.829919032090075 ], [ 47.002175323594777, -17.823407852038766 ], [ 46.97395998368593, -17.819842069819952 ], [ 46.921508407738528, -17.8193770069729 ], [ 46.910191288308411, -17.814674704790495 ], [ 46.906005486149986, -17.806199624990747 ], [ 46.90988121181163, -17.785322266278875 ], [ 46.910191271317785, -17.774056807517209 ], [ 46.907865829470282, -17.763308084766468 ], [ 46.897427204706595, -17.731578950245222 ], [ 46.891070995499852, -17.722483782848091 ], [ 46.883009472359937, -17.722122067125145 ], [ 46.873087591889679, -17.723517256338795 ], [ 46.860685251601844, -17.722948845919568 ], [ 46.844820600735517, -17.730700497812808 ], [ 46.831488069239661, -17.733439202442639 ], [ 46.790250286151469, -17.731268908210676 ], [ 46.753301617733847, -17.724602403498483 ], [ 46.73232099101255, -17.723517256338795 ], [ 46.716818077037225, -17.725222788015479 ], [ 46.657080107481313, -17.740002059099311 ], [ 46.590830923827774, -17.744756337136359 ], [ 46.575172972820084, -17.742896085041778 ], [ 46.5619437981915, -17.739485322396039 ], [ 46.551091745652265, -17.734059286504696 ], [ 46.543495320060835, -17.737160007215198 ], [ 46.529542677297066, -17.750027351740449 ], [ 46.510784137947674, -17.759897622891714 ], [ 46.493834267616045, -17.771266429772993 ], [ 46.484687543529887, -17.775555644125394 ], [ 46.46499880598374, -17.779896231617784 ], [ 46.455180292888762, -17.783306993581068 ], [ 46.446188597586982, -17.787802902307206 ], [ 46.433321170152084, -17.792402158245402 ], [ 46.416733021792844, -17.79581261956595 ], [ 46.388621054854696, -17.798448276428925 ], [ 46.373738222920323, -17.803098905345649 ], [ 46.364281451245922, -17.810540512240514 ], [ 46.360405707317426, -17.818911944124711 ], [ 46.353429384726759, -17.825371450678215 ], [ 46.343455840042473, -17.829453969267078 ], [ 46.316480736484671, -17.836326864632618 ], [ 46.295551793317415, -17.839169215527495 ], [ 46.281857543829844, -17.843458428398929 ], [ 46.249766472050752, -17.861958493100861 ], [ 46.240154660189752, -17.866402726373835 ], [ 46.229560990337959, -17.86655774728516 ], [ 46.216848594115532, -17.865162559078716 ], [ 46.206461612627372, -17.869761512757453 ], [ 46.196074671399209, -17.875549560781408 ], [ 46.175920859303581, -17.881905718163022 ], [ 46.163311812135404, -17.881440655466356 ], [ 46.156800561775981, -17.875084197641002 ], [ 46.156025426311245, -17.855757355972042 ], [ 46.150289331568672, -17.847333951608945 ], [ 46.142847945964782, -17.847850988459189 ], [ 46.122177358815939, -17.856945849688596 ], [ 46.106209349463143, -17.86020158938943 ], [ 46.093341922008186, -17.859426484805734 ], [ 46.08248986359304, -17.855757355972042 ], [ 46.07132775317325, -17.850279649624468 ], [ 46.057633498241458, -17.845008637692285 ], [ 46.018721151759685, -17.837412311607547 ], [ 46.007869097416084, -17.832968077663615 ], [ 46.001461216649268, -17.828007107144 ], [ 45.990609163825376, -17.817361734622839 ], [ 45.982392607058507, -17.81286582656973 ], [ 45.969990272407934, -17.810643859544619 ], [ 45.96192873483507, -17.819687048871064 ], [ 45.955417510278174, -17.829453969267078 ], [ 45.950921660254252, -17.840512730279016 ], [ 45.947821078490087, -17.85074471239729 ], [ 45.946994262036469, -17.86020158938943 ], [ 45.949164665357451, -17.878804999735532 ], [ 45.949371378162638, -17.887900159912014 ], [ 45.947149277896457, -17.896891671962926 ], [ 45.931336298840826, -17.93311698520181 ], [ 45.929165895855817, -17.942573858030894 ], [ 45.926530386225274, -17.961849017062988 ], [ 45.92249963402277, -17.970375763453166 ], [ 45.893664184415293, -17.998125990979116 ], [ 45.887876412990487, -18.006239046428643 ], [ 45.880590034992331, -18.023033866157004 ], [ 45.867257515382526, -18.071919781861993 ], [ 45.864466994698525, -18.092125351425796 ], [ 45.860591269108852, -18.101478868553375 ], [ 45.855475286104529, -18.110728737601072 ], [ 45.848809032723949, -18.120030580129455 ], [ 45.822867460418614, -18.14772910994748 ], [ 45.816821318718389, -18.158219442087681 ], [ 45.813255640397237, -18.170363327088918 ], [ 45.812170434807605, -18.181112025496965 ], [ 45.816046188628427, -18.213668458059718 ], [ 45.81403078891158, -18.223280035476165 ], [ 45.808139684618411, -18.232065136296523 ], [ 45.770260856657906, -18.259453605775427 ], [ 45.761114131295088, -18.258523482434672 ], [ 45.721995078486565, -18.246327930601055 ], [ 45.709127636020419, -18.243795627521102 ], [ 45.699980916575591, -18.246792992308286 ], [ 45.692074407566331, -18.250306791829672 ], [ 45.684633002370951, -18.250306791829672 ], [ 45.677966740136796, -18.245345833231539 ], [ 45.670835397346494, -18.238834668717708 ], [ 45.660396758105797, -18.233615342122196 ], [ 45.648769556748547, -18.229274465344552 ], [ 45.634196818570963, -18.22555397123547 ], [ 45.623964876260715, -18.227517565359474 ], [ 45.615541619008184, -18.23268521862861 ], [ 45.601123902817072, -18.246586298216346 ], [ 45.5952327796536, -18.254234279864395 ], [ 45.590581907967128, -18.263174399510532 ], [ 45.587481311582891, -18.271080747922031 ], [ 45.583760603679927, -18.277540237580578 ], [ 45.574768905809705, -18.287720520117023 ], [ 45.554873486904661, -18.291286292649925 ], [ 45.549757519121137, -18.296763984846692 ], [ 45.543711378476928, -18.301724941802423 ], [ 45.534564655963493, -18.310716732205531 ], [ 45.52526288220313, -18.314385550777395 ], [ 45.515961130170808, -18.313403754266815 ], [ 45.509449904813835, -18.306789245603635 ], [ 45.504643986321838, -18.298469210546394 ], [ 45.501646769462766, -18.289477719853085 ], [ 45.496065702634411, -18.281622745463313 ], [ 45.487694126890219, -18.274801541379396 ], [ 45.467850369224493, -18.266068116466311 ], [ 45.457308377238817, -18.265964769433086 ], [ 45.450332073153206, -18.267980336995734 ], [ 45.445009394924391, -18.274646520838253 ], [ 45.438188101750328, -18.280847642790189 ], [ 45.417724226076523, -18.293456579978098 ], [ 45.403306520438576, -18.299709675107106 ], [ 45.390439075152287, -18.29764243445192 ], [ 45.301193876378775, -18.260383729110671 ], [ 45.291116973938067, -18.254802688588871 ], [ 45.275717405889012, -18.241987054172981 ], [ 45.264710311857407, -18.23454546561031 ], [ 45.251067743219139, -18.227000830066054 ], [ 45.226263048887382, -18.217854014239087 ], [ 45.211793659737062, -18.215011969931744 ], [ 45.198151082991217, -18.214753602264913 ], [ 45.160117223737544, -18.231910115713102 ], [ 45.140893588887373, -18.243072198184326 ], [ 45.127406045520189, -18.247051359922828 ], [ 45.11794924863748, -18.244105668664407 ], [ 45.110456171068364, -18.23749115704738 ], [ 45.102704698206928, -18.228809403585693 ], [ 45.092317745418434, -18.22105807364321 ], [ 45.061001819915219, -18.206795277067226 ], [ 45.037230661990222, -18.190413864043752 ], [ 45.028704065524131, -18.192326085486034 ], [ 45.021262657193517, -18.198010475282761 ], [ 45.014131303613645, -18.20498670329777 ], [ 45.000902142182703, -18.214443561064193 ], [ 44.996147891620829, -18.218732464287474 ], [ 44.984313998517997, -18.232478524518186 ], [ 44.969431196029042, -18.246172910031653 ], [ 44.962919954952341, -18.253924238741064 ], [ 44.957183880940221, -18.262244276191939 ], [ 44.948037139360345, -18.270925727377183 ], [ 44.935273071279624, -18.278832375821946 ], [ 44.910158318263072, -18.285756926748387 ], [ 44.884216739181198, -18.298882598591955 ], [ 44.844529260032871, -18.330973945207784 ], [ 44.838173048244542, -18.338931963617092 ], [ 44.821533239250989, -18.36451184213081 ], [ 44.817192428158904, -18.372986893991943 ], [ 44.816417263393305, -18.382598461439486 ], [ 44.820137974547443, -18.39117685921515 ], [ 44.825253949717244, -18.399755256491876 ], [ 44.861272414366617, -18.448744402543195 ], [ 44.864993124008947, -18.457632837126329 ], [ 44.870419139567431, -18.475306057323021 ], [ 44.874759967802326, -18.48414281681308 ], [ 44.897600941425139, -18.517422311269236 ], [ 44.902406855225131, -18.526362414967831 ], [ 44.906127560016905, -18.53628431310527 ], [ 44.927211533644538, -18.631110416466178 ], [ 44.934807978904502, -18.649093955130965 ], [ 44.935428097269728, -18.669247772948076 ], [ 44.937753537941575, -18.679221333968858 ], [ 44.942611127826105, -18.68795473351766 ], [ 44.956098677105189, -18.703095929378492 ], [ 44.96059451091795, -18.711622333487171 ], [ 44.961989773349153, -18.721854258018638 ], [ 44.958579143438349, -18.733843375910265 ], [ 44.959664348032426, -18.743920278654905 ], [ 44.973151891403944, -18.770275181980431 ], [ 44.994287559876646, -18.788775434590296 ], [ 44.999248494798941, -18.794098087148914 ], [ 45.002814166662802, -18.799627432755685 ], [ 45.006379824480803, -18.808050483783052 ], [ 45.013356148736669, -18.841485216979788 ], [ 45.012581007869123, -18.855334562134434 ], [ 45.008860303002066, -18.870579084533503 ], [ 44.997801536780194, -18.892231392291649 ], [ 44.992685571553224, -18.9065974644314 ], [ 44.99175540594247, -18.919103297227373 ], [ 44.994390908636944, -18.928146719648385 ], [ 44.998111598961522, -18.935794662926234 ], [ 45.002504102021604, -18.939102052001616 ], [ 45.009170369642575, -18.942306094469359 ], [ 45.017076850724088, -18.945096450371164 ], [ 45.022192827654415, -18.952744692989242 ], [ 45.026068562404362, -18.962253172107491 ], [ 45.028393993721714, -18.973466867542886 ], [ 45.035060260012926, -18.991708723134678 ], [ 45.045602257411794, -19.038889382749765 ], [ 45.049322957933413, -19.049069606609123 ], [ 45.054128866280649, -19.058578077882927 ], [ 45.057591183211528, -19.069171685613536 ], [ 45.058366318653363, -19.081263815068258 ], [ 45.054438928723584, -19.096301915933836 ], [ 45.047617625291977, -19.109014120706544 ], [ 45.036765567468471, -19.124620322399004 ], [ 45.033820020614897, -19.136867765860146 ], [ 45.035215283634159, -19.146582922426745 ], [ 45.03831587559317, -19.154902902765244 ], [ 45.045137150552371, -19.167201715630405 ], [ 45.051338336736642, -19.17386815351486 ], [ 45.058831410911104, -19.180430944270388 ], [ 45.101309433117066, -19.209576399934424 ], [ 45.108905879944935, -19.21670789344989 ], [ 45.11407352956352, -19.224924522226932 ], [ 45.114073520467045, -19.236189864759186 ], [ 45.107355574128853, -19.242700978649843 ], [ 45.097278675261926, -19.246421743736345 ], [ 45.07650474451524, -19.24730018676269 ], [ 45.053818795920783, -19.251175971042137 ], [ 45.03878095970817, -19.259392597202446 ], [ 45.027308785242901, -19.260632751911743 ], [ 45.017852010988129, -19.258049096251248 ], [ 45.009325394585382, -19.254328331566008 ], [ 44.983228783591443, -19.247610225476151 ], [ 44.963695106968814, -19.239910630069751 ], [ 44.952843060228496, -19.23908386010627 ], [ 44.941474232671126, -19.241719189342838 ], [ 44.929536977933815, -19.246060031899898 ], [ 44.91527429008049, -19.253863273524452 ], [ 44.906747667083536, -19.265541997920568 ], [ 44.898376097971649, -19.281561862593232 ], [ 44.886697214025155, -19.293085564676588 ], [ 44.874915003327921, -19.299131917692588 ], [ 44.841118595227165, -19.308123336086709 ], [ 44.829439743488606, -19.308433675048718 ], [ 44.81781253176225, -19.306573143387819 ], [ 44.795023233079128, -19.300372071940551 ], [ 44.78494632865992, -19.295721193011094 ], [ 44.766601179930767, -19.284817268000658 ], [ 44.737145628154252, -19.272570141531205 ], [ 44.726758664585759, -19.272725160851589 ], [ 44.707328325783742, -19.277479386993267 ], [ 44.698956747958519, -19.276600944213722 ], [ 44.681593465230463, -19.267454203406974 ], [ 44.664385207172096, -19.268849377349138 ], [ 44.651931188322656, -19.268539338696897 ], [ 44.629761998668791, -19.263888458380588 ], [ 44.60185673252262, -19.267092491641225 ], [ 44.588782575667516, -19.266317094571161 ], [ 44.565373156585153, -19.260839444361906 ], [ 44.555761339840764, -19.256033544367885 ], [ 44.548630004068023, -19.249057373219017 ], [ 44.507340536125923, -19.192264996413481 ], [ 44.494266400148369, -19.177847286706651 ], [ 44.48729008346573, -19.17262799781809 ], [ 44.48108890506596, -19.169475634934134 ], [ 44.47364748878104, -19.166684984060637 ], [ 44.464345740766227, -19.164566384599304 ], [ 44.454888956805377, -19.163791287225266 ], [ 44.443416787774296, -19.164101326175537 ], [ 44.431737907348086, -19.165651520913823 ], [ 44.410653913355588, -19.172317658466387 ], [ 44.400732050045818, -19.174643250818292 ], [ 44.391740351309295, -19.174436558204558 ], [ 44.370449664373687, -19.169165595998908 ], [ 44.336343215653706, -19.16518646249461 ], [ 44.294278603169509, -19.150200344444968 ], [ 44.272161086466788, -19.146117863927714 ], [ 44.271798041986784, -19.146050568640874 ], [ 44.25180098726586, -19.121270578633457 ], [ 44.234385609392206, -19.088799689580252 ], [ 44.22754966906389, -19.054619970268195 ], [ 44.234385609079979, -18.996270388293233 ], [ 44.247894726193977, -18.965101810158099 ], [ 44.247894717340607, -18.903741013911482 ], [ 44.247080926045918, -18.90129975208637 ], [ 44.242849165903486, -18.893975665889734 ], [ 44.241709828811182, -18.890069226034797 ], [ 44.243500196038596, -18.883233331519143 ], [ 44.251963746492976, -18.875176805438926 ], [ 44.254730654229235, -18.869724071857853 ], [ 44.260915554505701, -18.844903165449054 ], [ 44.261566593419992, -18.835137512307355 ], [ 44.257334843086355, -18.803887777607212 ], [ 44.23340904361261, -18.734144703613939 ], [ 44.185883011747464, -18.610772431311599 ], [ 44.114431175203968, -18.51588292377448 ], [ 44.04965253398646, -18.426527519667857 ], [ 44.0417586525598, -18.396905104030552 ], [ 44.041840040030571, -18.198011977420521 ], [ 44.002614784035622, -18.003676096050771 ], [ 44.000987174864093, -17.937920829107387 ], [ 44.030609578372136, -17.813897497026858 ], [ 44.035655148297408, -17.769463860150164 ], [ 44.030284057691865, -17.754571329737772 ], [ 44.00635826565037, -17.733086800016999 ], [ 43.992442250792436, -17.687432504915503 ], [ 43.92920982977688, -17.601657778599836 ], [ 43.923594586385612, -17.577569118917268 ], [ 43.924001494039416, -17.546481972927193 ], [ 43.932627796842098, -17.48495854718486 ], [ 43.943125844380475, -17.455743059787796 ], [ 43.994151238514931, -17.375664979330463 ], [ 44.012054879621161, -17.334079622561227 ], [ 44.018321162029004, -17.331231406929948 ], [ 44.030121292216812, -17.337009404591523 ], [ 44.036468947645297, -17.329522417451017 ], [ 44.045664907960372, -17.300551010894146 ], [ 44.121836784747018, -17.186618744376048 ], [ 44.138194211764059, -17.170505535247532 ], [ 44.14551843018085, -17.155938483257863 ], [ 44.148610870107021, -17.141778211508424 ], [ 44.15170332081302, -17.094414969311305 ], [ 44.179698114490769, -17.095147415412324 ], [ 44.204112177738729, -17.056898735390646 ], [ 44.23804771720183, -16.970961126743713 ], [ 44.244965037687585, -16.960544495609643 ], [ 44.272227415110059, -16.93336361384047 ], [ 44.277598501245386, -16.924981338181514 ], [ 44.285817901461613, -16.902276248802398 ], [ 44.2929793614069, -16.892185130939716 ], [ 44.309255404461879, -16.874281500205964 ], [ 44.321299671260888, -16.855564005809967 ], [ 44.340505410090373, -16.81389746790299 ], [ 44.366709829896998, -16.776787988423997 ], [ 44.401621936518922, -16.739841338770646 ], [ 44.430674673489897, -16.70037198098461 ], [ 44.43978926143501, -16.655531543578903 ], [ 44.434255404408638, -16.636163010348014 ], [ 44.416188995861468, -16.593519758625337 ], [ 44.411794468227306, -16.573011995027674 ], [ 44.416840038452584, -16.548923412239013 ], [ 44.428477406045104, -16.537692908806616 ], [ 44.438812696656676, -16.542575788656414 ], [ 44.439789262061915, -16.566989886964226 ], [ 44.45557702152454, -16.540948212115108 ], [ 44.463389515052462, -16.513360225877822 ], [ 44.462901238034853, -16.485446873512625 ], [ 44.453379752696591, -16.457696202740902 ], [ 44.415782097005533, -16.403008722081516 ], [ 44.400645375195246, -16.372816608428177 ], [ 44.398203969360061, -16.340427302667727 ], [ 44.402598508018457, -16.327813468909373 ], [ 44.410411006337313, -16.31357190787001 ], [ 44.41976972696407, -16.299981377462434 ], [ 44.429209828335516, -16.289727417268971 ], [ 44.436045767328238, -16.278985259017425 ], [ 44.438487170565999, -16.265720243690541 ], [ 44.441416861101843, -16.20940517751248 ], [ 44.44467206926835, -16.195733304990522 ], [ 44.452810092776971, -16.186700139673309 ], [ 44.469411653209505, -16.182224190098992 ], [ 44.502696158427639, -16.182061432392917 ], [ 44.536957226551841, -16.176527595273242 ], [ 44.755056185418916, -16.196954025333106 ], [ 44.782074413640096, -16.190850498721623 ], [ 44.794444204735825, -16.1916642872492 ], [ 44.818695507653253, -16.211114170960464 ], [ 44.836192254632536, -16.220635684401209 ], [ 44.854258660397491, -16.225355732902912 ], [ 44.868337433805472, -16.220879783402651 ], [ 44.877777540841826, -16.209161078509741 ], [ 44.883962435079674, -16.199476807315207 ], [ 44.891368033261024, -16.191176014132683 ], [ 44.905284049579393, -16.183282152741928 ], [ 44.919118687129412, -16.179620066800602 ], [ 44.947927280983301, -16.175225533621745 ], [ 44.96111087273659, -16.169610280081869 ], [ 44.952972854303809, -16.162774381282023 ], [ 45.011241081473351, -16.136000250158091 ], [ 45.040212435246772, -16.118096601779385 ], [ 45.059825064516083, -16.093926668869308 ], [ 45.09392337503192, -16.038832320389748 ], [ 45.116384313153198, -16.011651332246643 ], [ 45.138682485615007, -15.990899311246832 ], [ 45.165782099135143, -15.975518520020588 ], [ 45.227305533057461, -15.949883692854826 ], [ 45.26636803437335, -15.923923425588285 ], [ 45.273448110502692, -15.930108293518463 ], [ 45.275726760455704, -15.94459402982355 ], [ 45.277191603240915, -15.97633230856202 ], [ 45.294688349219633, -16.031915005065898 ], [ 45.29566491184432, -16.036797811464357 ], [ 45.296234572554617, -16.046075151135589 ], [ 45.295664911221756, -16.053155224173167 ], [ 45.290049676280617, -16.073418897026144 ], [ 45.288747591903089, -16.090427340561074 ], [ 45.290375196515143, -16.103448182637141 ], [ 45.297862173517323, -16.111993075030743 ], [ 45.313649933650211, -16.115004130201761 ], [ 45.32894941309727, -16.110121323822309 ], [ 45.338877800208387, -16.099216407086974 ], [ 45.347341341441172, -16.08635832271435 ], [ 45.358083532497254, -16.076836884037935 ], [ 45.392100455743751, -16.064385656365019 ], [ 45.406260614798207, -16.054864217679928 ], [ 45.412933789064809, -16.03923917711041 ], [ 45.410411005277297, -16.030531526980045 ], [ 45.390798372162521, -16.023370037542364 ], [ 45.378916862941601, -16.011407158128936 ], [ 45.370778843097135, -15.994561472357271 ], [ 45.370290561117663, -15.9818661457552 ], [ 45.379405145576335, -15.973809526530367 ], [ 45.542735222522218, -15.956719666776499 ], [ 45.54965254026061, -15.954685157880013 ], [ 45.556976760432072, -15.951348587326812 ], [ 45.570078972674999, -15.943047794055017 ], [ 45.577484573225519, -15.970961229084025 ], [ 45.585134311648382, -15.981377872629714 ], [ 45.588877797929769, -15.983819238257677 ], [ 45.590342642832283, -15.987562740663734 ], [ 45.590586783089293, -16.00172288666133 ], [ 45.579763218059789, -16.030694284689712 ], [ 45.580414258858575, -16.040785412906764 ], [ 45.59791100570272, -16.032403278194931 ], [ 45.604746938589926, -16.051853087387286 ], [ 45.612071160165875, -16.049574479449969 ], [ 45.621836786703618, -16.032403278194931 ], [ 45.61158288024658, -15.980889599504293 ], [ 45.614593944453148, -15.96982185002015 ], [ 45.630544465187711, -15.954278226057907 ], [ 45.638356967676032, -15.943047794055017 ], [ 45.637461785944254, -15.940525012047244 ], [ 45.638356968522409, -15.915215775688587 ], [ 45.640391473234857, -15.906426709414026 ], [ 45.643809442958037, -15.899021121210087 ], [ 45.646250847617672, -15.89120860121904 ], [ 45.64576256539857, -15.881036057015098 ], [ 45.63795006452451, -15.868340730935746 ], [ 45.627207879686161, -15.859633081267351 ], [ 45.621429882052745, -15.850762598835056 ], [ 45.628672722833215, -15.837009385488749 ], [ 45.660899282769883, -15.803806214515063 ], [ 45.693858269799634, -15.783135687013782 ], [ 45.704274937547346, -15.782484656245233 ], [ 45.72087649742447, -15.788832281360147 ], [ 45.735850457294049, -15.792575783409765 ], [ 45.751149936294112, -15.792575783409765 ], [ 45.765879752488743, -15.794203360344531 ], [ 45.802012567035725, -15.81658295648726 ], [ 45.824473506064301, -15.813409143860575 ], [ 45.885427277942881, -15.77898525320904 ], [ 45.897959829824501, -15.774590720435283 ], [ 45.911468944107384, -15.772067938672819 ], [ 45.926931187666064, -15.771172808927878 ], [ 45.94857832178667, -15.774183863761376 ], [ 45.95606530095862, -15.782972929321611 ], [ 45.954274937636953, -15.816094683398644 ], [ 45.955088739614766, -15.831801064039709 ], [ 45.958750844584713, -15.839939024063524 ], [ 45.966970246402852, -15.843682526246536 ], [ 45.981455927424967, -15.846856414043735 ], [ 45.989919466067199, -15.847588786137711 ], [ 46.007334832507759, -15.846286724542077 ], [ 46.015798375426797, -15.846856414043735 ], [ 46.04297936202726, -15.861097900574025 ], [ 46.066091340116074, -15.861911689078244 ], [ 46.066091342023533, -15.855726821348224 ], [ 46.056325718229665, -15.843438427251545 ], [ 46.049815300168817, -15.826348568508712 ], [ 46.054047073172399, -15.815606410310219 ], [ 46.06316165431631, -15.806898685826106 ], [ 46.070811392883542, -15.796075111375709 ], [ 46.070974155907876, -15.778578396533707 ], [ 46.046885615488989, -15.79062269109073 ], [ 46.023448110877212, -15.808200747387607 ], [ 46.009938999009947, -15.814385690036127 ], [ 46.015798373672261, -15.792250268023054 ], [ 46.030284051046465, -15.769463815624114 ], [ 46.05095462469292, -15.74871187230271 ], [ 46.074473503110163, -15.730889567688076 ], [ 46.09750410154912, -15.717054939250882 ], [ 46.120290562999337, -15.708184532926527 ], [ 46.144216341468407, -15.703708584043421 ], [ 46.193858268689915, -15.703545826363003 ], [ 46.219004752640465, -15.706719638689686 ], [ 46.230642124643822, -15.710707314541578 ], [ 46.235524937609249, -15.717461871011171 ], [ 46.2356063144872, -15.729180574445518 ], [ 46.236989779256071, -15.739678632917443 ], [ 46.240977408566074, -15.74928148665524 ], [ 46.249034048724589, -15.758070552031015 ], [ 46.237478059590266, -15.776136956054978 ], [ 46.232758009830853, -15.792087510329736 ], [ 46.225840693525498, -15.80632907144701 ], [ 46.207367381774851, -15.819512595022418 ], [ 46.229177280999743, -15.836846627790305 ], [ 46.245127798594645, -15.852471592237825 ], [ 46.257823113852062, -15.870782171566708 ], [ 46.292979363801479, -15.940687769753882 ], [ 46.309092643809699, -15.95956796421209 ], [ 46.331065297701812, -15.977227438404096 ], [ 46.332041861543964, -15.967461825700479 ], [ 46.331309441265098, -15.954685157880013 ], [ 46.332204621358088, -15.942803619941152 ], [ 46.337901236169138, -15.936211820163191 ], [ 46.345957879537032, -15.938653260867689 ], [ 46.357188346386302, -15.957696213021466 ], [ 46.365082224852799, -15.963555565604283 ], [ 46.384938995700992, -15.95916103238941 ], [ 46.393321159501291, -15.941827073700702 ], [ 46.39258873908863, -15.920098581954113 ], [ 46.385590038473019, -15.902113517587642 ], [ 46.411957228296892, -15.899672152026065 ], [ 46.431162955789333, -15.917657141266448 ], [ 46.448496940882919, -15.941501558287275 ], [ 46.468760613532901, -15.956719666776499 ], [ 46.479177279151571, -15.94890714661215 ], [ 46.468272332973257, -15.922458606237642 ], [ 46.444346549387994, -15.881036057015098 ], [ 46.424571161428354, -15.872491164988814 ], [ 46.383148632122008, -15.834893460302968 ], [ 46.358246290170001, -15.826348568508712 ], [ 46.326019727648749, -15.8282203195827 ], [ 46.317230665169838, -15.826348568508712 ], [ 46.299001497567779, -15.815687751604589 ], [ 46.300791865025033, -15.809014610971543 ], [ 46.312673372186616, -15.802504152957695 ], [ 46.324717644676795, -15.792250268023054 ], [ 46.351247592502141, -15.752048442454106 ], [ 46.355642125330505, -15.732517219644581 ], [ 46.344737174546658, -15.717054939250882 ], [ 46.333750847837656, -15.715915635473216 ], [ 46.320078970790227, -15.71770596998152 ], [ 46.308604361790579, -15.71770596998152 ], [ 46.303721552247083, -15.710219041496954 ], [ 46.306976756811487, -15.694024314337831 ], [ 46.321543814465556, -15.666680574059402 ], [ 46.332692907050792, -15.630140913734749 ], [ 46.351573114152565, -15.610935171290278 ], [ 46.396169466889219, -15.576592704334644 ], [ 46.459239129357016, -15.507745055385344 ], [ 46.482432487207404, -15.491143476030878 ], [ 46.484141472874292, -15.496270454194633 ], [ 46.486338739194878, -15.500420849025991 ], [ 46.488129102915067, -15.505059516798948 ], [ 46.488617384917831, -15.511651313833463 ], [ 46.499766472378965, -15.50554778971313 ], [ 46.526866083158787, -15.480645458493264 ], [ 46.569346550429806, -15.450616150498059 ], [ 46.581228061402378, -15.439711202086551 ], [ 46.604746941629593, -15.424248965530499 ], [ 46.631358270066329, -15.421644806136729 ], [ 46.657725457606581, -15.422051700173428 ], [ 46.680430535671505, -15.41545990415562 ], [ 46.667246941563789, -15.406833600534592 ], [ 46.636241082149752, -15.39853281226894 ], [ 46.632578973218891, -15.388848584494589 ], [ 46.643321161194784, -15.378025016139508 ], [ 46.700938346470338, -15.364353114958245 ], [ 46.803965690596755, -15.291924731853689 ], [ 46.879405144315299, -15.225030210822251 ], [ 46.921641472574066, -15.21306732478295 ], [ 46.94947350435362, -15.198418883412689 ], [ 46.965017123497169, -15.195082297610623 ], [ 46.971446160353779, -15.198418883412689 ], [ 46.974457226992165, -15.206149997878864 ], [ 46.975759311307584, -15.215427346699027 ], [ 46.975596549416359, -15.241794520101134 ], [ 46.977224155513433, -15.247247010823401 ], [ 46.98943118623432, -15.272067970561537 ], [ 46.997325065714648, -15.282159108664914 ], [ 47.008067253821523, -15.290704031290552 ], [ 47.023692253647319, -15.299411711652928 ], [ 47.057871941013786, -15.313083592207073 ], [ 47.074717645104663, -15.323988556690699 ], [ 47.074880404333214, -15.336358320933986 ], [ 47.064952018232113, -15.349379153417248 ], [ 47.049815299935005, -15.374769789020975 ], [ 47.037364129644381, -15.385023705695112 ], [ 47.021820508255921, -15.394952069807587 ], [ 47.011566601687171, -15.40545012329669 ], [ 46.967051629470276, -15.492282817025879 ], [ 46.955088737638526, -15.525974211610265 ], [ 46.958262566430761, -15.549574483407895 ], [ 46.969004754339842, -15.551853128053162 ], [ 46.976410353209516, -15.537855745004215 ], [ 46.985524937003966, -15.504978137979959 ], [ 46.997243686140969, -15.494724219103864 ], [ 47.015472851224331, -15.488946210417771 ], [ 47.051036004058339, -15.483819269869457 ], [ 47.084971549170575, -15.471449464616532 ], [ 47.116547071272564, -15.455173439070691 ], [ 47.147634311201969, -15.446465756016586 ], [ 47.180023634544483, -15.457126568120616 ], [ 47.216319207784764, -15.443780217707687 ], [ 47.232106967299785, -15.433282163474246 ], [ 47.235362175679434, -15.41545990415562 ], [ 47.231455924737837, -15.409763275078541 ], [ 47.224945507932389, -15.408298419027719 ], [ 47.216807487638242, -15.407647388585811 ], [ 47.208018424925363, -15.405205986882192 ], [ 47.199473504727877, -15.400160425900717 ], [ 47.195811394907103, -15.395684516590759 ], [ 47.179047071644938, -15.365492455689809 ], [ 47.165212436409185, -15.302015889181559 ], [ 47.165537957273052, -15.29566823112625 ], [ 47.162282748046614, -15.292657159703882 ], [ 47.149668815593756, -15.291924731853689 ], [ 47.140798373126565, -15.293633723913715 ], [ 47.111827019480721, -15.306247661267518 ], [ 47.109060092206654, -15.293552345127564 ], [ 47.110362174713913, -15.282159108664914 ], [ 47.119883660565641, -15.257907818584485 ], [ 47.106293164704688, -15.259698170515827 ], [ 47.095388217091994, -15.259372655396284 ], [ 47.087901238597929, -15.254652611083065 ], [ 47.081716341427892, -15.23430754129088 ], [ 47.064707879558036, -15.224786074502573 ], [ 47.057871941602649, -15.216241153190186 ], [ 47.055918815754644, -15.193617442248952 ], [ 47.064707879199659, -15.172051694054895 ], [ 47.091970247841445, -15.13494231356572 ], [ 47.125254753736499, -15.106215097947405 ], [ 47.168304884123373, -15.078708593898789 ], [ 47.205739779932301, -15.046644788954787 ], [ 47.22738692183291, -14.987481483932067 ], [ 47.241384315058205, -14.969659175996831 ], [ 47.291758668254175, -14.923435282527764 ], [ 47.31275475412577, -14.911553645958351 ], [ 47.335297071573741, -14.904066673940235 ], [ 47.35889733842486, -14.901543978097619 ], [ 47.371836789387011, -14.890557618396969 ], [ 47.374847854193256, -14.867282844263489 ], [ 47.368337432498322, -14.846612183184039 ], [ 47.352061399487205, -14.843519875948628 ], [ 47.341075073757708, -14.852471734443718 ], [ 47.335215691388647, -14.868584900074637 ], [ 47.324066609142186, -14.874281619628766 ], [ 47.308604356875392, -14.87517659524937 ], [ 47.299164267702821, -14.869561592150427 ], [ 47.283702024696652, -14.84693784733056 ], [ 47.289886920697356, -14.84693784733056 ], [ 47.31999758917862, -14.800225474603192 ], [ 47.444834840439498, -14.671563542998951 ], [ 47.45883222307755, -14.661553581680755 ], [ 47.465342634731023, -14.665459746810077 ], [ 47.469248888536718, -14.676527515337309 ], [ 47.475596558759342, -14.68865339177292 ], [ 47.496104364127277, -14.711602489813346 ], [ 47.49740645418126, -14.722100648163046 ], [ 47.493011918339498, -14.783379868436002 ], [ 47.496755411719406, -14.798516639355871 ], [ 47.500987176404735, -14.802422806014926 ], [ 47.507578977581147, -14.804620137440731 ], [ 47.513926628359023, -14.80917733196169 ], [ 47.517100461426153, -14.819594077236976 ], [ 47.514496295470671, -14.822361020559898 ], [ 47.5034285877231, -14.84693784733056 ], [ 47.44597415428877, -14.912204673949246 ], [ 47.430837444600719, -14.935723699384493 ], [ 47.420664914735653, -14.965590175261479 ], [ 47.410411003851152, -15.08782317272045 ], [ 47.413747591802505, -15.099867442979448 ], [ 47.427744987923845, -15.107598564835349 ], [ 47.439626497767314, -15.105157155445005 ], [ 47.472422722162804, -15.087579036488313 ], [ 47.48243248814164, -15.080254818164923 ], [ 47.500498894108127, -15.052992447655557 ], [ 47.509938997938036, -15.025079033047477 ], [ 47.522959828598601, -14.998711794646372 ], [ 47.551280153311673, -14.976657953516602 ], [ 47.56251060852501, -14.98503990309513 ], [ 47.56592858753335, -14.975844093262477 ], [ 47.564952025402604, -14.949965200887995 ], [ 47.5705672514094, -14.933282118931334 ], [ 47.642100458769498, -14.800388306654277 ], [ 47.647471557923396, -14.771254289146027 ], [ 47.651866087689399, -14.758884462233549 ], [ 47.684418162428933, -14.726495009582434 ], [ 47.687266466468103, -14.718194181979936 ], [ 47.687185096925489, -14.700127940606524 ], [ 47.690928583154474, -14.692478141200041 ], [ 47.698578313432535, -14.686700008647312 ], [ 47.715668161322256, -14.678643429973125 ], [ 47.721364788534927, -14.674981512687912 ], [ 47.743907102412997, -14.649590838577707 ], [ 47.752940294856202, -14.634860853583945 ], [ 47.756683799151432, -14.621026445017606 ], [ 47.763682489812503, -14.60572684975619 ], [ 47.778493689586192, -14.597588856923018 ], [ 47.792653833416132, -14.58757889766315 ], [ 47.797129762930524, -14.566338942101156 ], [ 47.839610224419935, -14.624200166269549 ], [ 47.85914147999997, -14.640801817273134 ], [ 47.872243684552146, -14.645928621162913 ], [ 47.903575071971751, -14.654392279054774 ], [ 47.914398624608239, -14.662041777212576 ], [ 47.919606967328448, -14.674004821161418 ], [ 47.918467643442554, -14.69719816625509 ], [ 47.920664916127613, -14.70973082299308 ], [ 47.935231966384883, -14.693780196351822 ], [ 47.936289918526917, -14.671563542998951 ], [ 47.928070504878455, -14.651299673098778 ], [ 47.914398642009246, -14.640801817273134 ], [ 47.942149282417653, -14.619235894228938 ], [ 47.968597854848909, -14.622165667940113 ], [ 47.988536001600622, -14.643161679236151 ], [ 47.996267123844014, -14.675388292241728 ], [ 47.994802271021499, -14.743340612986307 ], [ 48.000254759831613, -14.762302432772405 ], [ 48.016856322885808, -14.737074584388891 ], [ 48.022471556534825, -14.707696324175021 ], [ 48.022146033396368, -14.666599270301885 ], [ 48.013031440308836, -14.630059413368459 ], [ 47.992930544107644, -14.614190506702116 ], [ 47.979502800965328, -14.609795846241315 ], [ 47.966970242129541, -14.599297691197407 ], [ 47.944834834167473, -14.576348600349959 ], [ 47.926035998556564, -14.566501473616846 ], [ 47.910980665853941, -14.568780219551433 ], [ 47.879649293939295, -14.586846754731001 ], [ 47.866709831486247, -14.591973557854697 ], [ 47.85377037265755, -14.594496251454615 ], [ 47.840017125675736, -14.59140394644049 ], [ 47.824961775950783, -14.57935948926154 ], [ 47.816905144809105, -14.565362250868825 ], [ 47.810720245313298, -14.550876517200431 ], [ 47.803884313240843, -14.54558688271803 ], [ 47.775645373551733, -14.583591317402625 ], [ 47.76295006554588, -14.595391526786662 ], [ 47.752940308972512, -14.600518630458856 ], [ 47.746836785832357, -14.592706001225134 ], [ 47.726084835549138, -14.556573231606805 ], [ 47.721364775542106, -14.54534263481653 ], [ 47.723399281434666, -14.541273639049381 ], [ 47.733571816488023, -14.531345397719877 ], [ 47.735606311654635, -14.524834824503872 ], [ 47.733653185879312, -14.515231947029212 ], [ 47.729828328410143, -14.509535533687719 ], [ 47.725352419240068, -14.504815511075185 ], [ 47.708343942385262, -14.470147335866676 ], [ 47.708750847087884, -14.464125259413423 ], [ 47.712901242572606, -14.460870123590601 ], [ 47.714691601264576, -14.457940351160133 ], [ 47.703379762767007, -14.449395582271389 ], [ 47.701508010301886, -14.446384393984182 ], [ 47.70313561356992, -14.403252872221337 ], [ 47.709483265364575, -14.369561396994728 ], [ 47.721934437148114, -14.338067253317442 ], [ 47.742442246404764, -14.312595186166346 ], [ 47.766286655471042, -14.29851654168538 ], [ 47.773692254400423, -14.290297139536168 ], [ 47.77654055597101, -14.274346530776741 ], [ 47.777842648379512, -14.2445615277967 ], [ 47.781993026839167, -14.233819135088073 ], [ 47.790863479002951, -14.223239874890877 ], [ 47.814463729549367, -14.21599686419934 ], [ 47.861013224655451, -14.248793352236714 ], [ 47.893565296342707, -14.24700280319945 ], [ 47.906911651537548, -14.243584837383132 ], [ 47.926768420073145, -14.246270360491536 ], [ 47.934825062535566, -14.243584837383132 ], [ 47.94353274167338, -14.232517081523593 ], [ 47.949880403039636, -14.216241111892781 ], [ 47.953868029672094, -14.198988452606939 ], [ 47.955332872377511, -14.185235175237478 ], [ 47.951670773791044, -14.162367524853815 ], [ 47.941742386303311, -14.134860973013218 ], [ 47.926524291122561, -14.11101663530194 ], [ 47.906993032005161, -14.099704635373977 ], [ 47.920095246019855, -14.086032777155571 ], [ 47.941579630941035, -14.091892316582287 ], [ 47.98267662144525, -14.120782034257322 ], [ 47.990733262427909, -14.124932441542525 ], [ 47.999359578095614, -14.128187875037987 ], [ 48.007497588336925, -14.132582229612886 ], [ 48.013682495975083, -14.140557681354682 ], [ 48.014984579005493, -14.153578514693857 ], [ 48.008555543230813, -14.163181383298509 ], [ 48.00025475597603, -14.172540004458517 ], [ 47.996267116371818, -14.185235175237478 ], [ 47.99301191159774, -14.210707234298413 ], [ 47.978526242782415, -14.262383799946129 ], [ 47.975271030922706, -14.288262643003542 ], [ 47.975108273482256, -14.297295903824832 ], [ 47.976573114161098, -14.312920849836178 ], [ 47.982758013610834, -14.325372077709533 ], [ 47.996267115656245, -14.32561602504204 ], [ 48.002940296987106, -14.317559454166203 ], [ 48.003428587851381, -14.306247748935753 ], [ 48.002126501722337, -14.294528964460033 ], [ 48.003103054600416, -14.285251455966167 ], [ 48.010915553963521, -14.279066550566316 ], [ 48.02377363574891, -14.271172812454253 ], [ 48.033946164787949, -14.262383799946129 ], [ 48.033946156005626, -14.253838734919157 ], [ 48.026052274725835, -14.244886890983285 ], [ 48.018321161464407, -14.233493771910405 ], [ 48.012461785415937, -14.221123962799034 ], [ 48.010508662786179, -14.20956801260103 ], [ 48.017751499513629, -14.18759533481969 ], [ 48.044769719477486, -14.151625134303512 ], [ 48.050954631659494, -14.130303786652583 ], [ 48.050954616419162, -14.107110175355707 ], [ 48.04818769675601, -14.08407969750718 ], [ 48.039317256950866, -14.066338848910643 ], [ 48.031079180933972, -14.063598348724202 ] ] ] } },
{ "type": "Feature", "properties": { "source": "https://simplemaps.com", "id": "MGD", "name": "Antsiranana", "color_id": 2, "changing": false, "mainFeature": false, "new_color_id": 2 }, "geometry": { "type": "MultiPolygon", "coordinates": [ [ [ [ 49.585945263945582, -14.941103167836658 ], [ 49.575558303018433, -14.906738382205415 ], [ 49.568737020683336, -14.893871041234636 ], [ 49.520161159325831, -14.830928931302248 ], [ 49.511014430688405, -14.825399550962265 ], [ 49.502022744935324, -14.821524027713053 ], [ 49.491635767734742, -14.814650832402924 ], [ 49.481352171340795, -14.805297602902305 ], [ 49.476546266320526, -14.798476381985534 ], [ 49.473135604881293, -14.792274944438939 ], [ 49.453756960496683, -14.743079240548925 ], [ 49.452361695579761, -14.737808229770009 ], [ 49.452826780912041, -14.733002281738445 ], [ 49.455772334032289, -14.722925323218414 ], [ 49.456547479994306, -14.717499291860557 ], [ 49.455927361193353, -14.712279955093452 ], [ 49.45453209537289, -14.707267312907737 ], [ 49.418358602613594, -14.627479037346225 ], [ 49.412157427102905, -14.617505429045657 ], [ 49.402855666079219, -14.607325126574477 ], [ 49.384407171313256, -14.58215857649091 ], [ 49.367302284095679, -14.567741039300786 ], [ 49.364511757369598, -14.562159989476665 ], [ 49.364356728079152, -14.556578939737529 ], [ 49.366217077212617, -14.551617973326376 ], [ 49.371384714409636, -14.542781186353626 ], [ 49.374485313900287, -14.538802318990024 ], [ 49.381926703709688, -14.532445865161876 ], [ 49.394329059438043, -14.523764399875045 ], [ 49.397584671407301, -14.519165149098342 ], [ 49.399600053160192, -14.513377405615854 ], [ 49.399289988934619, -14.503817189197438 ], [ 49.396964550685475, -14.498132793145869 ], [ 49.393863963022433, -14.493275174708124 ], [ 49.379136187691941, -14.479787765666099 ], [ 49.375208771044143, -14.476842070411498 ], [ 49.360480991075455, -14.470124202921282 ], [ 49.356140180787442, -14.467437176129916 ], [ 49.345133096130752, -14.457721940111316 ], [ 49.340792266899506, -14.454931265799894 ], [ 49.330870388114498, -14.450590383816309 ], [ 49.320173378323396, -14.447128253325376 ], [ 49.315367459261502, -14.444854314980393 ], [ 49.294696890188348, -14.427181046713981 ], [ 49.276093381003626, -14.403668363882129 ], [ 49.263535995732532, -14.379897014161582 ], [ 49.259763615762992, -14.374729355757578 ], [ 49.256042924651446, -14.371318899531031 ], [ 49.226897410136104, -14.351268349699811 ], [ 49.191809120817624, -14.316231863970588 ], [ 49.164213898827178, -14.29680139978492 ], [ 49.159718054483079, -14.289928514720636 ], [ 49.154447058373847, -14.278921443980407 ], [ 49.148969360176544, -14.272616968450393 ], [ 49.14090782248789, -14.265795456940563 ], [ 49.136256960184326, -14.260989815412895 ], [ 49.13315637373551, -14.25587383213194 ], [ 49.120909045114281, -14.216599522100054 ], [ 49.113157580886075, -14.200063082328889 ], [ 49.106956407602333, -14.195360488265962 ], [ 49.101530385675701, -14.194120322920599 ], [ 49.096879501775732, -14.195515508934392 ], [ 49.092021920601212, -14.194792079148867 ], [ 49.039001908034322, -14.165543345320181 ], [ 49.032904078436665, -14.163217735041551 ], [ 49.026702912954164, -14.161409160722037 ], [ 49.008254436130585, -14.158877156687987 ], [ 49.001743193290672, -14.156913261305853 ], [ 48.995697062016852, -14.153761174687764 ], [ 48.984689969569516, -14.146474603216786 ], [ 48.977506955371297, -14.143735905075074 ], [ 48.970840696687681, -14.143425863777169 ], [ 48.956267939300623, -14.149575316656758 ], [ 48.944485704521782, -14.151900626431216 ], [ 48.939524779684483, -14.153916195340546 ], [ 48.935183949889478, -14.15655154644681 ], [ 48.931463254019882, -14.159858954168753 ], [ 48.905211629229186, -14.19675597471163 ], [ 48.90149091472464, -14.200063082328889 ], [ 48.896995074523282, -14.202543713487062 ], [ 48.876686228978954, -14.210243373986643 ], [ 48.850899689878553, -14.226521446370789 ], [ 48.843768336667551, -14.233497677470249 ], [ 48.84113284256307, -14.23768353635872 ], [ 48.837567173183217, -14.241662701042429 ], [ 48.833381390372736, -14.244711741640883 ], [ 48.82687015863511, -14.245435171515298 ], [ 48.823149444202748, -14.242799519408514 ], [ 48.820668973438316, -14.238251945535751 ], [ 48.818653597661886, -14.226004710770265 ], [ 48.815863069720713, -14.220578686576671 ], [ 48.794262320129405, -14.188694299151164 ], [ 48.787596057134699, -14.183991705218652 ], [ 48.781084832700962, -14.182596519244056 ], [ 48.776433946170002, -14.184766808539925 ], [ 48.768527468272843, -14.190864888906921 ], [ 48.763721551766814, -14.192880157579014 ], [ 48.757675407337409, -14.193551913805246 ], [ 48.745376416631885, -14.193551913805246 ], [ 48.739640329307484, -14.194585384924679 ], [ 48.72444745649878, -14.200373123669387 ], [ 48.719021444947401, -14.201768610132154 ], [ 48.713285357574755, -14.202543713487062 ], [ 48.70723921761541, -14.202181998587919 ], [ 48.702071562269467, -14.200373123669387 ], [ 48.696697222623662, -14.197531078057024 ], [ 48.634427117194512, -14.150350419913465 ], [ 48.629311142289438, -14.147249706467704 ], [ 48.597685181482007, -14.137069716792956 ], [ 48.586006308393308, -14.131695367319903 ], [ 48.579960162472382, -14.127147794677034 ], [ 48.542288039140672, -14.085548187480397 ], [ 48.531125922256528, -14.077073125736785 ], [ 48.522237587534455, -14.07350765138905 ], [ 48.517121615233044, -14.075057857623541 ], [ 48.512470746758687, -14.077590161579545 ], [ 48.508439974891459, -14.080380532832413 ], [ 48.49696781130433, -14.089992412587845 ], [ 48.488441198313282, -14.095470108615231 ], [ 48.459864122429074, -14.108854157508267 ], [ 48.44374107766744, -14.113970138958381 ], [ 48.419194777862764, -14.117432566981973 ], [ 48.4038468764778, -14.123168631101645 ], [ 48.398265816732021, -14.124563816876428 ], [ 48.388654005026339, -14.123426998837342 ], [ 48.376406683357366, -14.120067917857774 ], [ 48.352635527265022, -14.108440769145538 ], [ 48.340543251091489, -14.100431069269886 ], [ 48.323024937572448, -14.085186472682917 ], [ 48.317598906565252, -14.081465677213492 ], [ 48.279254991303162, -14.060950079814855 ], [ 48.273053835338715, -14.056299461281977 ], [ 48.247732368366641, -14.022967926943103 ], [ 48.2351750053421, -14.00953220720249 ], [ 48.229438926800995, -14.007723633538056 ], [ 48.224788043721638, -14.008912124802412 ], [ 48.221222359113057, -14.012219230946362 ], [ 48.215021196702487, -14.019919188390288 ], [ 48.209750191525494, -14.022709559268307 ], [ 48.202928916578976, -14.024053371606481 ], [ 48.191095001022248, -14.022244497454068 ], [ 48.185203900505556, -14.01867902356137 ], [ 48.181483195421116, -14.013924757989169 ], [ 48.180242959373381, -14.008808777735808 ], [ 48.179157744702486, -14.001057146956155 ], [ 48.179157747665606, -13.989481675003208 ], [ 48.183963660653575, -13.966537426126688 ], [ 48.186134069845004, -13.96178316112041 ], [ 48.189079621446702, -13.957700652019307 ], [ 48.213160845458916, -13.939717363609114 ], [ 48.225098102048904, -13.923645996283511 ], [ 48.227578566519441, -13.919305119917622 ], [ 48.243856634170619, -13.900494756292222 ], [ 48.249592727804426, -13.892226692633438 ], [ 48.251969841296933, -13.8876274489739 ], [ 48.253830194282301, -13.881994734988579 ], [ 48.254140255371702, -13.875845285894115 ], [ 48.251659778893348, -13.867783616324084 ], [ 48.247008909205832, -13.864993246417367 ], [ 48.24184126608872, -13.865044919934016 ], [ 48.23688032118428, -13.867008513570516 ], [ 48.227423536494342, -13.871711104056516 ], [ 48.194092231435945, -13.894913715667068 ], [ 48.155283245624624, -13.912018852830716 ], [ 48.146601604463648, -13.917289852531912 ], [ 48.127326296139479, -13.933154525531474 ], [ 48.123140495885693, -13.935893222334391 ], [ 48.084331491011859, -13.953101407688138 ], [ 48.080300736701886, -13.95604709914957 ], [ 48.077510215102464, -13.959767893542658 ], [ 48.076580039731766, -13.96493554675205 ], [ 48.077665227778901, -13.969896205479536 ], [ 48.081127551374976, -13.97997314454657 ], [ 48.082367786164802, -13.985450839175936 ], [ 48.08247113736239, -13.991031880936054 ], [ 48.081437611982324, -13.99563112566333 ], [ 48.079680620555273, -13.998680164473534 ], [ 48.0786470865757, -14.000230370438988 ], [ 48.074564653085936, -14.004157859337003 ], [ 48.070688912954559, -14.00663818891549 ], [ 48.0658830150048, -14.008808777735808 ], [ 48.0435587949625, -14.014699860998352 ], [ 48.040613226073091, -14.018058640720716 ], [ 48.040613226870683, -14.023174621083044 ], [ 48.051310251338748, -14.038522562533014 ], [ 48.052085397622797, -14.043896910824989 ], [ 48.049914992343872, -14.04777272658105 ], [ 48.042163523149995, -14.054542260532948 ], [ 48.038752888602758, -14.056919543750118 ], [ 48.031466508733125, -14.063275689527806 ], [ 48.031156448583701, -14.063534057226965 ], [ 48.031079180933972, -14.063598348724202 ], [ 47.999685090827974, -14.053155186532507 ], [ 47.97754967242328, -14.038018445121622 ], [ 47.941091348697519, -14.004083052885532 ], [ 48.017100457272022, -13.96542734655192 ], [ 48.017100450360878, -13.952813297733888 ], [ 47.969004752370921, -13.92213304359146 ], [ 47.928721548245186, -13.906345280408566 ], [ 47.917491085749553, -13.897637691292219 ], [ 47.891286661518038, -13.849704795579525 ], [ 47.875824415966598, -13.784275014503613 ], [ 47.883799670731797, -13.728448101749665 ], [ 47.927500843359844, -13.709242383472537 ], [ 47.916840044922452, -13.693780290693473 ], [ 47.904551628768488, -13.688083588012111 ], [ 47.89519290012381, -13.678968923945567 ], [ 47.893239786132668, -13.653985389964486 ], [ 47.896332223363238, -13.632989128039517 ], [ 47.904307495714512, -13.603204167904718 ], [ 47.91781661034122, -13.582614987023863 ], [ 47.937998893279847, -13.589125245490447 ], [ 47.952972845354481, -13.590264465623875 ], [ 47.961192247389519, -13.565524882983663 ], [ 47.965586776423251, -13.520765733153713 ], [ 47.974131713383521, -13.513116255586135 ], [ 47.984873896355843, -13.506768529195375 ], [ 47.995371943356353, -13.506768529195375 ], [ 48.003103052856872, -13.517347772795583 ], [ 47.998871283843414, -13.523614083540476 ], [ 47.988780139154187, -13.531914887467204 ], [ 47.982595248963896, -13.543145457797632 ], [ 47.98951256939116, -13.558363599006114 ], [ 47.995127796832215, -13.555352416869287 ], [ 48.004893424566184, -13.553399339449662 ], [ 48.010508664356344, -13.551527677816205 ], [ 48.005137564177147, -13.56365322130601 ], [ 48.007334833989297, -13.574802376546671 ], [ 48.015310090836138, -13.580173414799932 ], [ 48.027110214871229, -13.575127739249405 ], [ 48.031016463573955, -13.566826934626707 ], [ 48.031260608219569, -13.55803793588681 ], [ 48.035329623050423, -13.549981378876311 ], [ 48.050954631257994, -13.544122146700705 ], [ 48.032562697112816, -13.52459077240678 ], [ 48.03126061802363, -13.517185241675987 ], [ 48.068369979845848, -13.517347772795583 ], [ 48.083669468743466, -13.528741174361361 ], [ 48.090586789812434, -13.554294612592939 ], [ 48.094248899172918, -13.581801129614567 ], [ 48.099375844864284, -13.599379128065269 ], [ 48.127126495883346, -13.587009336372828 ], [ 48.14242597833713, -13.595391557110489 ], [ 48.150075715592543, -13.615899322722866 ], [ 48.15455163690887, -13.640313545088048 ], [ 48.171885620630896, -13.685642315698926 ], [ 48.174489777205679, -13.702406460216501 ], [ 48.174489776341105, -13.709242383472537 ], [ 48.175303575443003, -13.715996891019397 ], [ 48.178396037864395, -13.721368231229595 ], [ 48.194021023377829, -13.726983218067355 ], [ 48.191660999794706, -13.734632999331177 ], [ 48.181325724384337, -13.746758847728367 ], [ 48.192393419562322, -13.766859540610449 ], [ 48.218516477438015, -13.785821314179794 ], [ 48.248220246798518, -13.799981357672122 ], [ 48.270355660645798, -13.805352398404281 ], [ 48.298675984852814, -13.798272526737277 ], [ 48.327403186968205, -13.779961778771542 ], [ 48.341156449882142, -13.755547849824971 ], [ 48.324554875767085, -13.729668738012546 ], [ 48.331553580283568, -13.714125228775504 ], [ 48.332041865319916, -13.661390922692325 ], [ 48.337657089253931, -13.645196089277295 ], [ 48.355967638006611, -13.612969556033605 ], [ 48.359548370852757, -13.599379128065269 ], [ 48.337738470140373, -13.56414141556318 ], [ 48.333343940333641, -13.546319170991756 ], [ 48.352712442282609, -13.537855835708326 ], [ 48.364268418884144, -13.543552236257794 ], [ 48.393565299690827, -13.585707284678273 ], [ 48.398692253753651, -13.567152597751596 ], [ 48.407399934916775, -13.549248937297316 ], [ 48.417653844643013, -13.534275043685714 ], [ 48.427582235206529, -13.524183993961453 ], [ 48.440440297293598, -13.519626513174236 ], [ 48.459239134949023, -13.516534215916581 ], [ 48.477712438810826, -13.515720358611645 ], [ 48.48975669877435, -13.517347772795583 ], [ 48.48951257132267, -13.512383814059174 ], [ 48.490082231762187, -13.502048517445058 ], [ 48.48975670582557, -13.497002842656059 ], [ 48.512868680780819, -13.516778162809267 ], [ 48.524668812788413, -13.523044473547316 ], [ 48.534190291321522, -13.520765733153713 ], [ 48.531993030035025, -13.511976735196169 ], [ 48.514496286825931, -13.476983275944141 ], [ 48.506602415853692, -13.449151401816449 ], [ 48.489024292587047, -13.426527734297267 ], [ 48.482269724818998, -13.415134334920959 ], [ 48.479258663994806, -13.401625327837131 ], [ 48.478689000003492, -13.38779065807139 ], [ 48.482269733243932, -13.360446982578633 ], [ 48.497894734736946, -13.363946357691784 ], [ 48.50700930795, -13.37314213156376 ], [ 48.514008013589873, -13.384454114314146 ], [ 48.523936394981668, -13.394626577155949 ], [ 48.524424670191905, -13.410902518094938 ], [ 48.542735226018991, -13.422946943026766 ], [ 48.595713738970645, -13.44345470185983 ], [ 48.604991082209338, -13.445489194633513 ], [ 48.615000844970915, -13.444024311767333 ], [ 48.626963739261619, -13.438653274910184 ], [ 48.63941490673087, -13.435723509218967 ], [ 48.652028835963563, -13.437676586202308 ], [ 48.66382896549009, -13.441094546046932 ], [ 48.674652546863527, -13.442315482046608 ], [ 48.710948110256822, -13.432305549408376 ], [ 48.747406440227138, -13.41155354372548 ], [ 48.780121297554089, -13.383884504468893 ], [ 48.805023642274257, -13.3529600383533 ], [ 48.787608262423177, -13.333103007999657 ], [ 48.80193118974509, -13.304620115642612 ], [ 48.839203320997292, -13.260430596951041 ], [ 48.835948115482587, -13.248142228717882 ], [ 48.821299680542715, -13.224867543855526 ], [ 48.818125840620844, -13.209242333200059 ], [ 48.818695506651515, -13.176364800341428 ], [ 48.8209741467086, -13.159600371696087 ], [ 48.843516473690578, -13.080824507248106 ], [ 48.856781440739582, -13.052992351649696 ], [ 48.884532092842129, -13.016534038205384 ], [ 48.892263222084914, -13.001071964591375 ], [ 48.898203970544479, -12.984958565744211 ], [ 48.900645374340286, -12.972425955846937 ], [ 48.905528195989923, -12.961114281202724 ], [ 48.917246935744629, -12.946221517881439 ], [ 48.930837436350998, -12.933363546357834 ], [ 48.941661000969582, -12.928399292083531 ], [ 48.937266473429283, -12.903090127965372 ], [ 48.95313561828344, -12.838474313556407 ], [ 48.955332886820145, -12.811700271282087 ], [ 48.949554883043824, -12.798923417455521 ], [ 48.929453971030412, -12.775485917162055 ], [ 48.921153196718869, -12.763360389349431 ], [ 48.914724161512012, -12.749607149137628 ], [ 48.910817906801221, -12.738376593268686 ], [ 48.90560957216038, -12.693536087527439 ], [ 48.901866080446254, -12.682386948137696 ], [ 48.886973498004878, -12.66082111036973 ], [ 48.880707228330053, -12.656996376776567 ], [ 48.875254757320334, -12.658461257852107 ], [ 48.870290561410698, -12.657647401651269 ], [ 48.865896028729047, -12.647230703292358 ], [ 48.866221554644127, -12.637139667710446 ], [ 48.871104359658474, -12.631280143578877 ], [ 48.876719592343086, -12.626397306977017 ], [ 48.88013757313005, -12.619317449318856 ], [ 48.879405150587552, -12.611016657276766 ], [ 48.873708525352569, -12.59880941591371 ], [ 48.873301625748738, -12.591973505033543 ], [ 48.884532101536081, -12.567478208241369 ], [ 48.886973506451064, -12.564629862069401 ], [ 48.879405140989491, -12.552666868336429 ], [ 48.867930535658935, -12.551446234404679 ], [ 48.853851756240694, -12.556817264058814 ], [ 48.839203323448665, -12.564629862069401 ], [ 48.838715033087531, -12.535251429565763 ], [ 48.829844593197869, -12.518487166124563 ], [ 48.797618031331531, -12.48951581340657 ], [ 48.782074411705423, -12.448825716228422 ], [ 48.773692255493643, -12.435235312499143 ], [ 48.770843944453908, -12.454766504551838 ], [ 48.72999108575879, -12.434991215787434 ], [ 48.742035349220686, -12.425388225879352 ], [ 48.759613474100142, -12.398125853446082 ], [ 48.770843942543245, -12.397067900786261 ], [ 48.782888213854719, -12.402601760800394 ], [ 48.79363040155836, -12.405694203162689 ], [ 48.818532750654747, -12.406996402749831 ], [ 48.852712435348693, -12.413750896565031 ], [ 48.873871290369969, -12.431735942046169 ], [ 48.904063346065421, -12.488946204307693 ], [ 48.915049673955743, -12.494805577246977 ], [ 48.930674678349625, -12.490166988365797 ], [ 48.945811391577578, -12.479912973140241 ], [ 48.955332875495024, -12.469170764589673 ], [ 48.959483270184627, -12.454196895474793 ], [ 48.96216881925222, -12.400811518026844 ], [ 48.964366085389699, -12.394952145683456 ], [ 48.975759312289775, -12.373467730658433 ], [ 48.975840693393238, -12.36834079877778 ], [ 48.973968948086338, -12.354180636964809 ], [ 48.975759310377093, -12.346123944057503 ], [ 48.984629754995503, -12.333428663103504 ], [ 48.997406444654061, -12.323662993149673 ], [ 49.011566603720745, -12.320000942047979 ], [ 49.024180534703717, -12.325778898312539 ], [ 49.030772332645853, -12.307875270413016 ], [ 49.041188994513334, -12.299411649936397 ], [ 49.0533960288911, -12.291924716659844 ], [ 49.065196163247606, -12.277276362569676 ], [ 49.079925979285278, -12.295179989937473 ], [ 49.092946808480079, -12.281508022495805 ], [ 49.105723501698243, -12.257012583597923 ], [ 49.119802279775058, -12.242608326655125 ], [ 49.136241082847633, -12.256117462340011 ], [ 49.151215036482554, -12.250746284168349 ], [ 49.16260827206591, -12.234470369203144 ], [ 49.168223501160597, -12.21591556807248 ], [ 49.16700280184525, -12.208184538722389 ], [ 49.163584833947809, -12.200941702736875 ], [ 49.160655141492761, -12.192803595378585 ], [ 49.161387563044258, -12.181735877618985 ], [ 49.166840042447511, -12.17058689455942 ], [ 49.174489781266281, -12.164320595617198 ], [ 49.182465039725528, -12.159763273661158 ], [ 49.189219593269733, -12.153741071422857 ], [ 49.199066598683764, -12.152032094479422 ], [ 49.201508009052475, -12.146661067020149 ], [ 49.195485869782949, -12.133396029288713 ], [ 49.186859573271761, -12.123630511333271 ], [ 49.18018639076454, -12.122002799837341 ], [ 49.172618038614438, -12.122653974563445 ], [ 49.161387562253253, -12.119561382810879 ], [ 49.156423374969719, -12.115329723494947 ], [ 49.153086787184236, -12.109470352714711 ], [ 49.148773632759934, -12.103448150730335 ], [ 49.140879751638664, -12.098565316756833 ], [ 49.129893421236844, -12.096774924276305 ], [ 49.093028188640965, -12.098565316756833 ], [ 49.106455922383681, -12.080254764634681 ], [ 49.146657747170586, -12.067559486708175 ], [ 49.161387566773499, -12.05071381521191 ], [ 49.176524287051109, -12.061130507285931 ], [ 49.209157750914805, -12.106052398957035 ], [ 49.215993683635034, -12.098565316756833 ], [ 49.22339928791569, -12.106052398957035 ], [ 49.224457229164699, -12.086683894367816 ], [ 49.216807484797734, -12.065036654175586 ], [ 49.201996286647663, -12.048109567099941 ], [ 49.181895381288683, -12.043877908025793 ], [ 49.185801629575138, -12.033786728324069 ], [ 49.192067907143183, -12.026950821226626 ], [ 49.198496938924812, -12.021579644093976 ], [ 49.20289146882714, -12.016696810433416 ], [ 49.213063996896786, -12.012302320239526 ], [ 49.215993688403614, -12.009698222416855 ], [ 49.214691602939659, -12.006524365542306 ], [ 49.211273637425457, -12.000420898644503 ], [ 49.209483266787885, -11.993259329280502 ], [ 49.212575713205069, -11.9859350789497 ], [ 49.24252363532613, -11.953708618293584 ], [ 49.260020378660251, -11.943617439257332 ], [ 49.278086783034013, -11.94768641702062 ], [ 49.288340694592179, -11.954847986150966 ], [ 49.315928578197152, -11.9859350789497 ], [ 49.322601755254951, -12.000095236205953 ], [ 49.322764518522597, -12.028903894618473 ], [ 49.329437698634052, -12.040785466681365 ], [ 49.349131706086503, -12.066176022127303 ], [ 49.351735875763829, -12.090508775934859 ], [ 49.348968948459593, -12.116387675875858 ], [ 49.353037955667389, -12.146254139138076 ], [ 49.37086022275421, -12.183282173576361 ], [ 49.373057489827566, -12.198174773266834 ], [ 49.367198110283759, -12.198662966576745 ], [ 49.329437699224279, -12.157159175530495 ], [ 49.320160353802144, -12.155368782962373 ], [ 49.312754755720221, -12.163995083349274 ], [ 49.305918819605488, -12.175469728829274 ], [ 49.298513214035978, -12.181735877618985 ], [ 49.284922721601127, -12.178399339273163 ], [ 49.273692254492076, -12.167738549542682 ], [ 49.266286655380824, -12.153578390397001 ], [ 49.263845250990997, -12.140232087182461 ], [ 49.253184439186512, -12.14519618673069 ], [ 49.245290558164626, -12.153090046893004 ], [ 49.240000846397805, -12.162855715305575 ], [ 49.237071159440895, -12.174248945153193 ], [ 49.249196813863591, -12.180271147498461 ], [ 49.246348500549779, -12.192071155204275 ], [ 49.229665557513265, -12.222100451676752 ], [ 49.244802276963817, -12.221774939392176 ], [ 49.26539147458157, -12.224786115795048 ], [ 49.283702019146659, -12.230889583824112 ], [ 49.291758658242472, -12.239434469164795 ], [ 49.288340690003182, -12.246026280820256 ], [ 49.273936392185014, -12.258070536110955 ], [ 49.271250845457352, -12.263604395361332 ], [ 49.272959830415878, -12.27223069659075 ], [ 49.276377801640116, -12.281345341451157 ], [ 49.281504756732261, -12.284844711370155 ], [ 49.288340694262374, -12.277276362569676 ], [ 49.299001494423386, -12.259372585293546 ], [ 49.30713952120967, -12.255140925455889 ], [ 49.315196156558002, -12.262139514918532 ], [ 49.325856970264823, -12.277276362569676 ], [ 49.324473506139817, -12.282403293988551 ], [ 49.320078972605224, -12.289239202586135 ], [ 49.319509313296415, -12.295179989937473 ], [ 49.329437694713583, -12.297784088396305 ], [ 49.349375846719745, -12.298516528642368 ], [ 49.359060092077129, -12.296807551473494 ], [ 49.366872591338726, -12.291599204353982 ], [ 49.372569206407384, -12.27434660164821 ], [ 49.358409052710513, -12.246189112072832 ], [ 49.363129099481249, -12.232842657549408 ], [ 49.381358266447577, -12.222832891870807 ], [ 49.392751495800987, -12.229750215712629 ], [ 49.421722851406777, -12.27434660164821 ], [ 49.42457116323974, -12.285902663911074 ], [ 49.425059442033124, -12.297539991718832 ], [ 49.428233272570431, -12.311456056053094 ], [ 49.437754756077467, -12.326918266528216 ], [ 49.448008656590865, -12.338067251215437 ], [ 49.455414262832853, -12.35149512272621 ], [ 49.456228062302436, -12.373467730658433 ], [ 49.462901241377828, -12.360446937025495 ], [ 49.471527539214904, -12.351983316107225 ], [ 49.482432485541281, -12.347425993351491 ], [ 49.496592643370512, -12.346123944057503 ], [ 49.511729366685024, -12.348728192860532 ], [ 49.517914255061775, -12.354261902386286 ], [ 49.522146027379605, -12.361911667395884 ], [ 49.539398632761248, -12.378187734595285 ], [ 49.545176630328598, -12.39072033506514 ], [ 49.545746289615629, -12.402032151755128 ], [ 49.538096552693844, -12.406996402749831 ], [ 49.524180534209954, -12.403741129105331 ], [ 49.512054886669603, -12.398370100361625 ], [ 49.50098717103247, -12.397393413126601 ], [ 49.490407750691269, -12.406996402749831 ], [ 49.514821810126229, -12.426853106562234 ], [ 49.527679881242967, -12.442640831229566 ], [ 49.539073112197741, -12.444105711939583 ], [ 49.558604362718768, -12.420668221709354 ], [ 49.586436392643201, -12.482028878650027 ], [ 49.592784051384577, -12.503187783809055 ], [ 49.59498130861747, -12.529717568745271 ], [ 49.59245853487645, -12.542657249549659 ], [ 49.582774278293648, -12.540785290421546 ], [ 49.574717636620484, -12.529717568745271 ], [ 49.571787956905617, -12.517266532240866 ], [ 49.572113473273312, -12.48951581340657 ], [ 49.566091344691102, -12.516696923124151 ], [ 49.580902544056578, -12.573663094113567 ], [ 49.57553145161463, -12.595798538749328 ], [ 49.567637573282497, -12.606215236452906 ], [ 49.563243031539997, -12.616794465177914 ], [ 49.56251061028631, -12.62786218799719 ], [ 49.565440302978338, -12.639825182809249 ], [ 49.574717637637548, -12.656670714126014 ], [ 49.581797721330602, -12.655531495703698 ], [ 49.589366078900035, -12.648532753026497 ], [ 49.60027102870994, -12.647230703292358 ], [ 49.61524498935006, -12.656996376776567 ], [ 49.635508652784701, -12.674574349006829 ], [ 49.653330922409758, -12.694756721670862 ], [ 49.660980664734943, -12.712090748164682 ], [ 49.663259302989495, -12.724867300090734 ], [ 49.673106308697328, -12.746270308286844 ], [ 49.675303586315266, -12.757094086333643 ], [ 49.672699413548905, -12.769952054688629 ], [ 49.659841338434589, -12.79192467347508 ], [ 49.654795761648415, -12.804864058109906 ], [ 49.663747589148812, -12.800225467446177 ], [ 49.672618038861373, -12.798435223816346 ], [ 49.681000197980957, -12.799737273806137 ], [ 49.688812688643416, -12.804864058109906 ], [ 49.694834838388751, -12.79371521751596 ], [ 49.70142663078331, -12.785251592265533 ], [ 49.707041861074757, -12.776136942136537 ], [ 49.712168815696977, -12.748630461497147 ], [ 49.719493040843993, -12.739922890168002 ], [ 49.730479356977177, -12.738050930584267 ], [ 49.744151245101598, -12.743422261907408 ], [ 49.739431183161138, -12.753350467512949 ], [ 49.73666426332057, -12.757094086333643 ], [ 49.750254757613774, -12.760512042478824 ], [ 49.76368248237231, -12.767022292118783 ], [ 49.775645378013699, -12.775485917162055 ], [ 49.800547721914697, -12.798272392461064 ], [ 49.804942246626233, -12.804864058109906 ], [ 49.800547726680492, -12.83017351915044 ], [ 49.801931177678611, -12.839287869524322 ], [ 49.814707878955147, -12.86581796619511 ], [ 49.824066603932842, -12.876234667578219 ], [ 49.836680541287592, -12.880547896410915 ], [ 49.850433791246616, -12.879652624282159 ], [ 49.864268429293809, -12.880466480724007 ], [ 49.873789905142083, -12.888360197276873 ], [ 49.874522329984067, -12.908461160081382 ], [ 49.86744224851094, -12.913832192239033 ], [ 49.856293167739722, -12.916924786789254 ], [ 49.852549675490131, -12.924411725722337 ], [ 49.867035346258859, -12.942071120027904 ], [ 49.880544471918491, -12.949395528272966 ], [ 49.894053574394299, -12.95370845713544 ], [ 49.90447024923057, -12.962334915796752 ], [ 49.908539252293487, -12.982679827447154 ], [ 49.913828965772126, -12.997165513073906 ], [ 49.936859566564799, -13.024102393954154 ], [ 49.942149283609268, -13.033868072551982 ], [ 49.944102406417123, -13.087497591344974 ], [ 49.935313343639883, -13.16806400168381 ], [ 49.936289908479161, -13.183282132642967 ], [ 49.941091348076348, -13.203545936085336 ], [ 49.942149276698757, -13.219496208656164 ], [ 49.945974152403238, -13.23211023921686 ], [ 49.973155152617792, -13.271091551983805 ], [ 49.976247588490793, -13.288506708843119 ], [ 49.97266686328576, -13.331312762877383 ], [ 49.97689862598483, -13.346123819354661 ], [ 49.990489127266962, -13.353936426483427 ], [ 50.002614774638829, -13.350355635684743 ], [ 50.013682481851873, -13.344821768248304 ], [ 50.024099146977242, -13.346123819354661 ], [ 50.032888225545882, -13.360528398328352 ], [ 50.031748892568167, -13.378024973689863 ], [ 50.024099149075909, -13.41155354372548 ], [ 50.026133654943202, -13.438409027626257 ], [ 50.040537955788004, -13.497002842656059 ], [ 50.052012574481807, -13.524183993961453 ], [ 50.05640710212257, -13.529555031686639 ], [ 50.068369981979181, -13.538750808397428 ], [ 50.072520387605444, -13.544122146700705 ], [ 50.073903839200312, -13.551934456282982 ], [ 50.072113479364909, -13.570000948394304 ], [ 50.07252038272901, -13.578301753068603 ], [ 50.076426636305179, -13.599053765346989 ], [ 50.079356310705251, -13.606133634109879 ], [ 50.081879106942118, -13.609958674000547 ], [ 50.085215697403186, -13.612074583214266 ], [ 50.08912194552093, -13.613376634976797 ], [ 50.093272326977051, -13.613701997704302 ], [ 50.099294464348972, -13.615166881048951 ], [ 50.100271025954022, -13.619235867949895 ], [ 50.100108263775624, -13.624688322466064 ], [ 50.103282099187346, -13.630466440207332 ], [ 50.105479371449846, -13.641697012717419 ], [ 50.097422721643078, -13.675713794115534 ], [ 50.103282105004276, -13.691827212733688 ], [ 50.110850453119859, -13.703057486216382 ], [ 50.133962443253914, -13.750176809659321 ], [ 50.142914266293523, -13.783135793917756 ], [ 50.153493684726243, -13.982517164618232 ], [ 50.173513222186401, -14.056817398382247 ], [ 50.176280149632291, -14.085625998221735 ], [ 50.175303585398083, -14.121189113652624 ], [ 50.166026236196188, -14.149102443585354 ], [ 50.163259313883238, -14.16708754334215 ], [ 50.161875838971916, -14.202325002152653 ], [ 50.164235870577102, -14.223077043092429 ], [ 50.171071810646666, -14.234795825478029 ], [ 50.196055530625856, -14.257256700822584 ], [ 50.212901228447464, -14.28720453657118 ], [ 50.213633666592727, -14.31585062116574 ], [ 50.201182479687617, -14.392673307054393 ], [ 50.191579618376544, -14.423597844022504 ], [ 50.189219606497673, -14.439141679602558 ], [ 50.190928583166269, -14.456638296848972 ], [ 50.203461129689373, -14.504327015326062 ], [ 50.210785350185596, -14.615166897637543 ], [ 50.238047713729891, -14.669610159967423 ], [ 50.24089602671885, -14.70598718895436 ], [ 50.232269727515551, -14.738213807684057 ], [ 50.209727415227825, -14.750665049874769 ], [ 50.2189233757869, -14.762872044460789 ], [ 50.245616073238494, -14.776136846876408 ], [ 50.257497598536034, -14.78484475597055 ], [ 50.265310097572012, -14.797784195558744 ], [ 50.271739129558888, -14.815362246265503 ], [ 50.283702009331016, -14.879164178833905 ], [ 50.355235222014336, -15.033135675207012 ], [ 50.373545768853397, -15.06047942288261 ], [ 50.42204837288287, -15.11809661131783 ], [ 50.4321395190968, -15.134209895386689 ], [ 50.440440299972394, -15.168064059605021 ], [ 50.451019727140718, -15.178480729007093 ], [ 50.464121941228676, -15.185804949259492 ], [ 50.476573113534357, -15.195082297610623 ], [ 50.4900008475907, -15.219496360394146 ], [ 50.498301628917766, -15.252048433833561 ], [ 50.503916863181288, -15.316176042553922 ], [ 50.502940300761509, -15.3221981857267 ], [ 50.497080924798013, -15.338067313157493 ], [ 50.487559440354573, -15.353610925927224 ], [ 50.487152538814378, -15.360528236344232 ], [ 50.489431186784266, -15.3676083420093 ], [ 50.490896029114836, -15.377618084583295 ], [ 50.489593947104893, -15.384698190488583 ], [ 50.479991083129264, -15.408623971802626 ], [ 50.478037956511486, -15.418633715167335 ], [ 50.479991082834182, -15.428480738654578 ], [ 50.482676629890285, -15.437188421429202 ], [ 50.483409051251584, -15.443454702465488 ], [ 50.479177279712594, -15.451267180990866 ], [ 50.467051629717837, -15.463555607003533 ], [ 50.462901238688183, -15.470147403586195 ], [ 50.456065301078098, -15.504978137979959 ], [ 50.438243034274819, -15.55494556095757 ], [ 50.436289911049258, -15.573418892507206 ], [ 50.429860873701031, -15.600274356673786 ], [ 50.340993683332805, -15.76360438857049 ], [ 50.333181186735331, -15.792250268023054 ], [ 50.343272333894632, -15.798028278810234 ], [ 50.336761914390955, -15.811293218708471 ], [ 50.264414908345351, -15.902113517587642 ], [ 50.241547072448554, -15.958265902551521 ], [ 50.230153844452694, -15.970961229084025 ], [ 50.214040558463942, -15.975030171788402 ], [ 50.198090037345516, -15.97283290517384 ], [ 50.182871943326496, -15.973321253405771 ], [ 50.168142125290679, -15.98463310190801 ], [ 50.147959833870338, -15.935316690331776 ], [ 50.130869987316387, -15.919366134726097 ], [ 50.128547802845858, -15.919596413971464 ], [ 50.122088250855832, -15.914428800499907 ], [ 50.083124218641707, -15.797795070393059 ], [ 50.080798779258018, -15.779398268689656 ], [ 50.078938428420152, -15.771750159351473 ], [ 50.075217726545858, -15.763585311296321 ], [ 50.066070996120168, -15.75071784014783 ], [ 50.060644973057812, -15.740951026993223 ], [ 50.05521894947627, -15.726791709236466 ], [ 50.051653272213038, -15.710927003613431 ], [ 50.048035924683859, -15.679817829818617 ], [ 50.034858432109864, -15.63966520404456 ], [ 50.018580356411576, -15.60168303286547 ], [ 50.01734012203643, -15.594138272720055 ], [ 50.01749515306755, -15.5876787389535 ], [ 50.027572056799478, -15.549076446503896 ], [ 50.028037144832844, -15.543030304055121 ], [ 50.027106967531218, -15.517708834756966 ], [ 50.027882113948287, -15.51166269259785 ], [ 50.029277379014452, -15.506081652792172 ], [ 50.047622510431502, -15.461484859822662 ], [ 50.049017774054704, -15.456058842050329 ], [ 50.050102981152065, -15.450374455052247 ], [ 50.049947951926747, -15.444224965863636 ], [ 50.045245395022484, -15.43425138621736 ], [ 50.009433629137909, -15.381179712106578 ], [ 50.004472690206278, -15.371102785949212 ], [ 50.003542516047347, -15.365315052162289 ], [ 50.003077428230306, -15.359268911656388 ], [ 50.004007602594825, -15.346969897932709 ], [ 50.008813510596518, -15.323663830151649 ], [ 50.010983922204886, -15.318806263643506 ], [ 50.021680942465579, -15.301701339700578 ], [ 50.0235412940782, -15.296688733127763 ], [ 50.02431644070284, -15.291004329149184 ], [ 50.019820590898156, -15.281392507000159 ], [ 50.011604038351088, -15.269196880567332 ], [ 49.990778436745714, -15.245684102674744 ], [ 49.984577263926418, -15.234160255847552 ], [ 49.982871942133798, -15.226047051175723 ], [ 49.989228142747415, -15.218553970179286 ], [ 49.992845492643532, -15.215298349892581 ], [ 49.996256137796003, -15.212559505480415 ], [ 50.002457309907676, -15.208993823490042 ], [ 50.028192172683703, -15.198245122656262 ], [ 50.032532992364345, -15.195661299841603 ], [ 50.036563754915115, -15.19261239382373 ], [ 50.039819370839176, -15.18899505696038 ], [ 50.041731397954294, -15.184395842329231 ], [ 50.041059604338201, -15.178814787518471 ], [ 50.038269076374334, -15.172871997239373 ], [ 49.971864861926207, -15.08900115539153 ], [ 49.952951288238594, -15.052104182042397 ], [ 49.945974969249711, -15.04492115675739 ], [ 49.942099237409749, -15.041872247296654 ], [ 49.936983270413208, -15.039546808691476 ], [ 49.93124718570364, -15.038099867036669 ], [ 49.921893751746829, -15.039546808691476 ], [ 49.915847608524942, -15.041820568796725 ], [ 49.900964797510269, -15.049882095675496 ], [ 49.895693800780208, -15.051742446614783 ], [ 49.884531690575258, -15.051432384994738 ], [ 49.835490756481143, -15.042285656519597 ], [ 49.820452914827086, -15.040942071852651 ], [ 49.810014276043404, -15.041510511879892 ], [ 49.805208368246269, -15.043835950498517 ], [ 49.723611281060187, -15.07577198830518 ], [ 49.718185256490521, -15.077270603929103 ], [ 49.708728468671531, -15.072051281484303 ], [ 49.696894565941157, -15.060579113714006 ], [ 49.674570346882135, -15.030193373585542 ], [ 49.665888706406605, -15.015413913737749 ], [ 49.645993274364827, -14.992469495141185 ], [ 49.585945263945582, -14.941103167836658 ] ] ], [ [ [ 48.33936607928419, -13.368340705231535 ], [ 48.353282096550309, -13.37737394809904 ], [ 48.36500085307415, -13.387953489578868 ], [ 48.366221546758666, -13.400648639195754 ], [ 48.359548380877911, -13.407973052980655 ], [ 48.349619985422976, -13.412367400871554 ], [ 48.338633658760145, -13.41448330928614 ], [ 48.328379751825928, -13.415134334920959 ], [ 48.323496948571886, -13.412774479658607 ], [ 48.320160357888675, -13.407891637223926 ], [ 48.318369992152903, -13.403008794832884 ], [ 48.318369984761929, -13.400648639195754 ], [ 48.312347860000607, -13.401788159348705 ], [ 48.298024930814854, -13.408135584066983 ], [ 48.261729370116832, -13.402439184968408 ], [ 48.249278197317096, -13.396905317012063 ], [ 48.235850459925331, -13.387139632469065 ], [ 48.229014521924938, -13.387139632469065 ], [ 48.229014515767915, -13.400648639195754 ], [ 48.224619980756593, -13.400485807684499 ], [ 48.221934438474022, -13.398614146590031 ], [ 48.219493042187779, -13.396254291398963 ], [ 48.215993686975409, -13.394626577155949 ], [ 48.206309433213136, -13.382582152847091 ], [ 48.19971764232718, -13.361504786471698 ], [ 48.194997588609233, -13.318780145898858 ], [ 48.198903836040905, -13.299411611189546 ], [ 48.204437692824406, -13.282321816527563 ], [ 48.203868028238944, -13.269789200621597 ], [ 48.188731308534443, -13.264255333966327 ], [ 48.19890384875135, -13.251071993430759 ], [ 48.213633652405967, -13.255303508631052 ], [ 48.229340035259888, -13.262302257587686 ], [ 48.242849149554552, -13.256768391003611 ], [ 48.249522326384472, -13.262953283046517 ], [ 48.259043816856433, -13.267347930232866 ], [ 48.26921634996522, -13.268324618643359 ], [ 48.276866074520768, -13.264255333966327 ], [ 48.27816817046233, -13.25652444422597 ], [ 48.273285357480439, -13.248956085628556 ], [ 48.26710045654751, -13.241143479930619 ], [ 48.263845252515019, -13.233086927568589 ], [ 48.264659057962433, -13.212579176364008 ], [ 48.269297718678004, -13.201104365543893 ], [ 48.28044681007114, -13.196384356371096 ], [ 48.301035996069565, -13.195407668079582 ], [ 48.318369981607667, -13.200290508698966 ], [ 48.32642662609485, -13.212823123123467 ], [ 48.325450069099361, -13.229587553254026 ], [ 48.314952021252601, -13.246758762100463 ], [ 48.323741074969355, -13.251885549918427 ], [ 48.33375085347371, -13.272393602921834 ], [ 48.341156442399352, -13.294691601225148 ], [ 48.342051631777899, -13.305271141149202 ], [ 48.354177285697318, -13.312269890712191 ], [ 48.348806191919202, -13.328790076481294 ], [ 48.337657100426831, -13.347263339395516 ], [ 48.332041869224597, -13.360446982578633 ], [ 48.33936607928419, -13.368340705231535 ] ] ] ] } },
{ "type": "Feature", "properties": { "source": "https://simplemaps.com", "id": "MGA", "name": "Toamasina", "color_id": 2, "changing": true, "mainFeature": true, "new_color_id": 3 }, "geometry": { "type": "MultiPolygon", "coordinates": [ [ [ [ 47.902792189704684, -17.900250758231302 ], [ 47.935710074151594, -17.856790828769462 ], [ 47.962220094905973, -17.809300344587012 ], [ 47.965165651815482, -17.79829325546315 ], [ 47.962375127609782, -17.786407713535958 ], [ 47.961599965323558, -17.778811084753521 ], [ 47.962065054811355, -17.767235583645736 ], [ 47.964390499184375, -17.760569380538268 ], [ 47.967336051658059, -17.755763429204777 ], [ 47.978549833525605, -17.745531442170766 ], [ 47.9856811948695, -17.736849965189087 ], [ 47.988316675876746, -17.729563376584029 ], [ 47.989091825695091, -17.723103866943148 ], [ 47.988626733613472, -17.707187473298102 ], [ 47.990332064667449, -17.694010084016117 ], [ 47.992967568237937, -17.686878815389278 ], [ 47.996223180268316, -17.681969514974124 ], [ 47.999478804887126, -17.679644199151195 ], [ 48.002114285857054, -17.678197035531188 ], [ 48.006455112903659, -17.676646824957835 ], [ 48.01141605583441, -17.675303309118437 ], [ 48.017462200776322, -17.674838245941306 ], [ 48.023353310250009, -17.675561677549759 ], [ 48.030226276896784, -17.675251635432151 ], [ 48.037512639237207, -17.673236061228277 ], [ 48.049139855926363, -17.663056044258379 ], [ 48.054100775827578, -17.655769453092553 ], [ 48.057046339154731, -17.648483162108537 ], [ 48.061697227342897, -17.617890831705534 ], [ 48.063867624122203, -17.581355419807458 ], [ 48.067278282710511, -17.566317769290894 ], [ 48.071619101715669, -17.561253445041995 ], [ 48.082677847756962, -17.557842679528402 ], [ 48.085623399556404, -17.553553460814836 ], [ 48.087328721141688, -17.547817377976553 ], [ 48.087328721391579, -17.524873045203773 ], [ 48.089964227066396, -17.511592297638305 ], [ 48.093529903840235, -17.505029434163863 ], [ 48.097870719892015, -17.500430172122652 ], [ 48.108412718105903, -17.493040528692656 ], [ 48.114923939362306, -17.486839230599973 ], [ 48.116164172424838, -17.481413188521753 ], [ 48.115389030995757, -17.468700849609164 ], [ 48.117869505532028, -17.458830715709748 ], [ 48.118489613918996, -17.452267700587463 ], [ 48.117249377395702, -17.446841657740869 ], [ 48.112908567343048, -17.444412992048605 ], [ 48.094150018741715, -17.442449239767804 ], [ 48.089499142485764, -17.438883601551023 ], [ 48.086398555443012, -17.433302537190013 ], [ 48.084641549364427, -17.423690620379706 ], [ 48.08577843327469, -17.417334449522414 ], [ 48.088413938987678, -17.412373619838206 ], [ 48.101591423654241, -17.402348312256613 ], [ 48.107172481794365, -17.395785445872864 ], [ 48.110583124542146, -17.387568869112979 ], [ 48.120349964097215, -17.345504180025856 ], [ 48.123140500215356, -17.337649468227106 ], [ 48.12624108556264, -17.331861706641895 ], [ 48.135904580497929, -17.322508305117772 ], [ 48.143035926999218, -17.314085031030228 ], [ 48.155438262966662, -17.295843140141212 ], [ 48.160554235203755, -17.28576630461874 ], [ 48.163189730778136, -17.277704745810926 ], [ 48.158228792976608, -17.260083088056511 ], [ 48.157608682388179, -17.2497478823806 ], [ 48.159313993169526, -17.243701599871365 ], [ 48.16256961501341, -17.239050809674296 ], [ 48.170321082206385, -17.232746308261486 ], [ 48.176522249492884, -17.225098138209532 ], [ 48.197967969237091, -17.187064280574941 ], [ 48.202618854529227, -17.173473473428267 ], [ 48.204169139832821, -17.163654852444729 ], [ 48.202308786134957, -17.158435499085819 ], [ 48.200138383761995, -17.153681359987953 ], [ 48.197967974817963, -17.14742853059191 ], [ 48.196055943711151, -17.139418641834489 ], [ 48.195022409607375, -17.126086051390153 ], [ 48.192955359303987, -17.118334681304638 ], [ 48.190319861796311, -17.112443567812679 ], [ 48.188459502008101, -17.10562217559491 ], [ 48.187684357581659, -17.096268766956406 ], [ 48.188769569889594, -17.079525703676641 ], [ 48.187219276365241, -17.070895727587768 ], [ 48.183963658700954, -17.065418003708213 ], [ 48.178847689489615, -17.063247553611607 ], [ 48.166445351736215, -17.061542317980315 ], [ 48.153267860087972, -17.062007382244243 ], [ 48.146756630876304, -17.061542317980315 ], [ 48.140865511783836, -17.060301996392212 ], [ 48.135697865177349, -17.058286567686096 ], [ 48.118489622017741, -17.047072900604942 ], [ 48.104226922577283, -17.033068546929879 ], [ 48.081540964657343, -17.001855911134228 ], [ 48.080920852731488, -16.997153443644887 ], [ 48.080300729488314, -16.972141963661855 ], [ 48.077665231869844, -16.963046920584386 ], [ 48.07347944407401, -16.956484044797772 ], [ 48.068983590683636, -16.95157473123226 ], [ 48.068363480205079, -16.94671724164218 ], [ 48.079577264430434, -16.914419448281432 ], [ 48.079887321791276, -16.905737794489472 ], [ 48.07782026609587, -16.899536634554771 ], [ 48.073634474018569, -16.896591076042061 ], [ 48.064177682803276, -16.891785109396785 ], [ 48.059061724336068, -16.889769829999185 ], [ 48.054565872445124, -16.887185988234794 ], [ 48.050690141357322, -16.884033734307646 ], [ 48.047899606447572, -16.879899527333968 ], [ 48.043403759284942, -16.87033941764993 ], [ 48.040458207332179, -16.866102013088771 ], [ 48.036892535001357, -16.862588042164511 ], [ 48.032861773434156, -16.859642483391596 ], [ 48.028314245880686, -16.857006967607656 ], [ 48.024180124276988, -16.852976108041158 ], [ 48.020717812865406, -16.847550205082474 ], [ 48.017772254650851, -16.829773503857062 ], [ 48.01575687413758, -16.823727364332935 ], [ 48.013121369604612, -16.819386461426323 ], [ 48.009710727995298, -16.815820816288337 ], [ 48.00242434942502, -16.810394762661076 ], [ 47.997463417327445, -16.805743966796868 ], [ 47.994517862871987, -16.802385016917118 ], [ 47.992192416762791, -16.798044113807485 ], [ 47.988781777277538, -16.787657220871338 ], [ 47.9861462740135, -16.783212969938358 ], [ 47.983045691202442, -16.779285607615986 ], [ 47.979635048373737, -16.775771636014369 ], [ 47.973433871497939, -16.76791676100051 ], [ 47.958499388896634, -16.754429286420674 ], [ 47.952763301884801, -16.746057672591398 ], [ 47.947957394935756, -16.733810369783303 ], [ 47.9453218886608, -16.723940063763045 ], [ 47.946252070152205, -16.716447055100513 ], [ 47.948732543669671, -16.709367437138127 ], [ 47.953383420895555, -16.700840801018007 ], [ 47.954468618397243, -16.6937610326328 ], [ 47.953073355771714, -16.657277489007729 ], [ 47.9491976264977, -16.632472835950264 ], [ 47.946097034978543, -16.621827420239828 ], [ 47.941911246745114, -16.612008936315082 ], [ 47.926873403819165, -16.585137176722121 ], [ 47.925323119376245, -16.579866292565196 ], [ 47.916899851272412, -16.534029171642761 ], [ 47.916796501117197, -16.514908939747304 ], [ 47.919742057631225, -16.490982737153999 ], [ 47.921292350489097, -16.484884920185593 ], [ 47.928113641098605, -16.469382008212857 ], [ 47.930129024516148, -16.462560756895837 ], [ 47.938190544089409, -16.402822756221248 ], [ 47.938345573936338, -16.393676029847359 ], [ 47.936795281932099, -16.381325372930007 ], [ 47.92935388045214, -16.346650549878046 ], [ 47.92935387889176, -16.337968887928994 ], [ 47.930439077199665, -16.330889116115479 ], [ 47.937105343961996, -16.316523177287635 ], [ 47.942996454169304, -16.308306580036582 ], [ 47.950282834144431, -16.301485327669493 ], [ 47.962840205113608, -16.292958687056803 ], [ 47.970643341564319, -16.285207154579663 ], [ 47.973898959904787, -16.277972511070065 ], [ 47.974674109179894, -16.271306280201198 ], [ 47.974364050235174, -16.259058969858661 ], [ 47.976844517278906, -16.253684585914527 ], [ 47.980875280505408, -16.251669229484886 ], [ 47.985681188657189, -16.253322868754289 ], [ 47.99420779893245, -16.258025417153636 ], [ 47.998858675789592, -16.258645503712298 ], [ 48.001959263201478, -16.258335460432999 ], [ 48.006300083638571, -16.256630147288423 ], [ 48.014981724921462, -16.251824251125139 ], [ 48.020252720643576, -16.250584002895309 ], [ 48.025523716403448, -16.250584002895309 ], [ 48.031156448585577, -16.251772577245056 ], [ 48.04123334929006, -16.255854963981747 ], [ 48.052395459283893, -16.258645503712298 ], [ 48.064642773467561, -16.25880052535193 ], [ 48.070378859466722, -16.258180438793318 ], [ 48.076425001027673, -16.258593829832417 ], [ 48.08143761387543, -16.260505838494332 ], [ 48.090739374588061, -16.265828548537147 ], [ 48.095700315128084, -16.267740632298139 ], [ 48.101281365931733, -16.268929131528438 ], [ 48.126241077599325, -16.270324326275958 ], [ 48.132752308735682, -16.270014282998833 ], [ 48.1381783391422, -16.268619088251072 ], [ 48.143345979182854, -16.266655330611471 ], [ 48.148151884426021, -16.264329855811642 ], [ 48.15326785792643, -16.262521270020976 ], [ 48.171096228293706, -16.259058969858661 ], [ 48.176367221055557, -16.257095212207812 ], [ 48.190164826524821, -16.249808819585976 ], [ 48.195435823529202, -16.247948484792495 ], [ 48.243546584124275, -16.2398869839272 ], [ 48.255845576736476, -16.24112723216432 ], [ 48.261581661132567, -16.242470828161331 ], [ 48.267627802005286, -16.242832545323743 ], [ 48.273673946628563, -16.242367480400613 ], [ 48.284525993722063, -16.240352048850966 ], [ 48.289796992163076, -16.24112723216432 ], [ 48.294602899218134, -16.243090914725439 ], [ 48.298943720277094, -16.24577810671558 ], [ 48.310312532301587, -16.255648268461893 ], [ 48.325815463181435, -16.275130297493128 ], [ 48.329536165318906, -16.278437575983386 ], [ 48.342713659793354, -16.286499151769355 ], [ 48.350155064380004, -16.29326873032926 ], [ 48.354960974099725, -16.295749226721362 ], [ 48.360076934028321, -16.297712834108712 ], [ 48.378267047640811, -16.30117528439883 ], [ 48.383072946983923, -16.303500608927258 ], [ 48.386483600699279, -16.307066406959532 ], [ 48.388343943744495, -16.312337292743958 ], [ 48.389584186232078, -16.331612700612169 ], [ 48.391599559612352, -16.336418521403289 ], [ 48.3945451161145, -16.339519104238004 ], [ 48.399040964727249, -16.339984169130311 ], [ 48.40880780949513, -16.337038607927894 ], [ 48.415164012942277, -16.336728564665631 ], [ 48.427773060838625, -16.337038607927894 ], [ 48.450872429487191, -16.332904547543109 ], [ 48.456453482817473, -16.333369612437931 ], [ 48.46141442466611, -16.335178348353093 ], [ 48.469165891545515, -16.340604405867882 ], [ 48.480379674701588, -16.350474566957004 ], [ 48.507974893328857, -16.385924648226815 ], [ 48.525648227491523, -16.396673264773618 ], [ 48.535621773374686, -16.401014020416845 ], [ 48.557325883762353, -16.407938770157855 ], [ 48.576859574523986, -16.417188844145887 ], [ 48.593809447172646, -16.428506023163614 ], [ 48.600785761433933, -16.435637317978482 ], [ 48.60326622500633, -16.440081421187724 ], [ 48.606366816368336, -16.45083018733726 ], [ 48.60915733875256, -16.455119268857167 ], [ 48.613188099943535, -16.458219851327456 ], [ 48.622024772941472, -16.463490886565573 ], [ 48.625590446970023, -16.466591469005355 ], [ 48.627760852685498, -16.470622181095539 ], [ 48.629931264226187, -16.485453332746289 ], [ 48.632101679129526, -16.490259302990808 ], [ 48.637682736394666, -16.498734268076472 ], [ 48.640059846690193, -16.503281718685287 ], [ 48.64140343516879, -16.50896614456958 ], [ 48.643470491521583, -16.533254063654901 ], [ 48.642333614774763, -16.544312871727829 ], [ 48.642953732977617, -16.549945623428918 ], [ 48.644710725376889, -16.55480311690561 ], [ 48.647501258943649, -16.559092348059266 ], [ 48.650756871417848, -16.562813016470837 ], [ 48.661918977767286, -16.572889870462102 ], [ 48.664089392887732, -16.577385796951283 ], [ 48.665329618909837, -16.582656681128142 ], [ 48.665019561780198, -16.588341106371061 ], [ 48.663624299920727, -16.593818836119016 ], [ 48.659438505452862, -16.603792341911184 ], [ 48.643573843454682, -16.630147362118979 ], [ 48.63923302179127, -16.639707476462085 ], [ 48.636132439134023, -16.650766282703739 ], [ 48.635357291687825, -16.657070793584257 ], [ 48.635357288325473, -16.670041532119537 ], [ 48.637682730395191, -16.681513728601871 ], [ 48.641300085412325, -16.692055795498749 ], [ 48.650446812789752, -16.710607609559577 ], [ 48.68238284402895, -16.756599587964121 ], [ 48.686103545520105, -16.760010212013384 ], [ 48.690599396638341, -16.762800749893234 ], [ 48.696077104012588, -16.764196093934491 ], [ 48.701968217939957, -16.76404107239842 ], [ 48.707549265636878, -16.762749076047715 ], [ 48.712200152882581, -16.76057877453151 ], [ 48.721036820847985, -16.755152720269564 ], [ 48.729098345075116, -16.749003232091059 ], [ 48.747701855886049, -16.732156656413501 ], [ 48.832761263307077, -16.675157544139999 ], [ 48.837722196953187, -16.673142113607149 ], [ 48.843148228596782, -16.671488550263732 ], [ 48.849039343735541, -16.671023485572515 ], [ 48.86113162711213, -16.671488550263732 ], [ 48.878236524665098, -16.668698011895934 ], [ 48.88412763719321, -16.669163076589083 ], [ 48.90490156732902, -16.676759583833178 ], [ 48.910637646866569, -16.678103104037366 ], [ 48.916838816314041, -16.678723190284348 ], [ 48.966034789267802, -16.670248377752948 ], [ 48.973166134166433, -16.6677678825085 ], [ 48.982054476375716, -16.663220282829517 ], [ 48.985775184698483, -16.658569485617328 ], [ 48.986085239812226, -16.653401799590807 ], [ 48.98391483404157, -16.649164393151924 ], [ 48.97440636950936, -16.637588848304237 ], [ 48.96913537259119, -16.628855515661446 ], [ 48.968050168113692, -16.622757699915059 ], [ 48.968205199751047, -16.615936450075569 ], [ 48.971615834399749, -16.606324511283521 ], [ 48.976473421501616, -16.599864978289038 ], [ 48.982467886457165, -16.593922183841553 ], [ 48.991976356613058, -16.586377499622913 ], [ 49.000192905748676, -16.577954209439412 ], [ 49.00437869987919, -16.57108128525708 ], [ 49.014765662297798, -16.547000062921839 ], [ 49.027478064077435, -16.526329465163784 ], [ 49.03249067450345, -16.51501228748165 ], [ 49.03507449676728, -16.505710540690416 ], [ 49.034351031490523, -16.4922230602184 ], [ 49.035281205055419, -16.483799768932261 ], [ 49.039311968026851, -16.47150078710105 ], [ 49.044427932553027, -16.466126404172325 ], [ 49.050474073228663, -16.463490886565573 ], [ 49.056675246039205, -16.463180843342432 ], [ 49.06241133378515, -16.462095692060579 ], [ 49.06799238337306, -16.460545325726493 ], [ 49.107421504877273, -16.441321744327251 ], [ 49.127575313428082, -16.426232222553534 ], [ 49.142923206312489, -16.403959581447332 ], [ 49.145765412355367, -16.397293351264537 ], [ 49.147109007852713, -16.39202246586483 ], [ 49.148245885719064, -16.380860308054675 ], [ 49.152896761784156, -16.369543128500336 ], [ 49.212324664778329, -16.264536701545218 ], [ 49.216975541309957, -16.253064499354068 ], [ 49.219145951871646, -16.243866098037675 ], [ 49.218215774444808, -16.238181670765105 ], [ 49.216665478803066, -16.232652265117348 ], [ 49.210464308193124, -16.218647967454508 ], [ 49.209999218173671, -16.21337693115915 ], [ 49.210929396374119, -16.201853129892577 ], [ 49.210619338426739, -16.195910333099054 ], [ 49.209534131953802, -16.190070884054443 ], [ 49.207363722990621, -16.185368335501678 ], [ 49.204056433019261, -16.181544318038277 ], [ 49.199870642306173, -16.178650430442637 ], [ 49.189328647551982, -16.174722990098843 ], [ 49.17785647753346, -16.172139145787984 ], [ 49.138272332553534, -16.170227137048048 ], [ 49.10726647322916, -16.165317892934116 ], [ 49.013835483201412, -16.123201575804337 ], [ 49.009804720538867, -16.120256014279658 ], [ 49.006239047487604, -16.116845387809303 ], [ 49.004533726287534, -16.110695895338157 ], [ 49.005773957794766, -16.102117580155326 ], [ 49.019726598903688, -16.070543335569855 ], [ 49.02871829777542, -16.035506715465239 ], [ 49.029028354429805, -16.033181240519323 ], [ 49.039001906375063, -16.003932395792624 ], [ 49.046133251733778, -15.989617979215522 ], [ 49.052024364543847, -15.981918195174687 ], [ 49.076674027048213, -15.956390095562679 ], [ 49.090781693342485, -15.937993292262599 ], [ 49.103855827834401, -15.913085204475482 ], [ 49.106336294242197, -15.904351867888941 ], [ 49.107111444353578, -15.897478941268039 ], [ 49.106026239291829, -15.885386652276198 ], [ 49.094088981054895, -15.828129139220552 ], [ 49.087526073384559, -15.807045145219474 ], [ 49.078999465865003, -15.787873235222664 ], [ 49.073418409363882, -15.779191573180869 ], [ 49.061016066450549, -15.763585311296321 ], [ 49.058535598636603, -15.759037784849253 ], [ 49.056985303428533, -15.753663401295132 ], [ 49.056365184630096, -15.747668931256593 ], [ 49.056365185645554, -15.74131274412168 ], [ 49.05822553687026, -15.72937547808715 ], [ 49.070627885319645, -15.68576062558337 ], [ 49.087526075641144, -15.56308073966083 ], [ 49.087526075818559, -15.556982923224073 ], [ 49.086750930839194, -15.551556904624375 ], [ 49.085045606445881, -15.546595950838803 ], [ 49.08303022561941, -15.541841730095655 ], [ 49.081014846568252, -15.535588892261689 ], [ 49.079929641810722, -15.528044132827993 ], [ 49.081479933794931, -15.515176702902989 ], [ 49.084270459541358, -15.508252030033061 ], [ 49.087526075100079, -15.502826011837611 ], [ 49.103855827826969, -15.488563313132804 ], [ 49.114552849061802, -15.475747557883457 ], [ 49.119203728175734, -15.467427653768571 ], [ 49.121374139882555, -15.460244649716678 ], [ 49.120754023077517, -15.455490429635532 ], [ 49.118428581721687, -15.452389810523764 ], [ 49.114552849042852, -15.452389810523764 ], [ 49.105096062680062, -15.455283696658448 ], [ 49.09982506786983, -15.455490429635532 ], [ 49.095174188020273, -15.453733405877855 ], [ 49.090781691560707, -15.451149600437448 ], [ 49.086595900707302, -15.44810069275818 ], [ 49.082100051345009, -15.44608529974823 ], [ 49.076674026324454, -15.445723582763279 ], [ 49.066442091631195, -15.448410735889418 ], [ 49.060395948756472, -15.449134207416659 ], [ 49.053884719146467, -15.448979185850817 ], [ 49.047993604899744, -15.447738938218269 ], [ 49.04272260943722, -15.445878604328231 ], [ 49.038071731022683, -15.443449820487938 ], [ 49.034040970431242, -15.44045258670476 ], [ 49.030888705058246, -15.436576822309403 ], [ 49.026082797127096, -15.427585121119618 ], [ 49.024532504276287, -15.422107429822773 ], [ 49.023447301172453, -15.416371369320014 ], [ 49.022207066250445, -15.403762311114289 ], [ 49.020501743707399, -15.398542989313615 ], [ 49.015540806043809, -15.389602962612267 ], [ 49.013680453240461, -15.383091719621214 ], [ 49.013680453271448, -15.374823490767181 ], [ 49.016315951820495, -15.361232592934345 ], [ 49.020191683697099, -15.354721350310303 ], [ 49.024842564732388, -15.350380559495878 ], [ 49.036314732246964, -15.347641695474383 ], [ 49.062101271745, -15.344489440708688 ], [ 49.073418410127957, -15.341595555186579 ], [ 49.079154494518946, -15.340665388430617 ], [ 49.085200637534143, -15.340665388430617 ], [ 49.096569452581548, -15.342319026565479 ], [ 49.102770624120943, -15.34237070041017 ], [ 49.108661737389028, -15.341388859808131 ], [ 49.114087762998828, -15.339838569365337 ], [ 49.142303094041246, -15.325782570367029 ], [ 49.164058871616227, -15.319271328222971 ], [ 49.173670688836175, -15.314930518954128 ], [ 49.178166537703291, -15.310951426614563 ], [ 49.182662388383768, -15.305990493781138 ], [ 49.188398472082639, -15.298135675747677 ], [ 49.192894321458581, -15.293278090732015 ], [ 49.197545199868422, -15.289454038874451 ], [ 49.20643354798797, -15.284131370631515 ], [ 49.211394484035779, -15.282012630608953 ], [ 49.21666547923089, -15.280307300075266 ], [ 49.222556593424436, -15.279222093153033 ], [ 49.228912795859479, -15.2789120501273 ], [ 49.241780225479246, -15.280307300075266 ], [ 49.249376661528729, -15.279842216758786 ], [ 49.258109978928523, -15.277568455244349 ], [ 49.285705193203043, -15.260205163694856 ], [ 49.296402214793034, -15.256329438289372 ], [ 49.301828241672027, -15.25353891977438 ], [ 49.310974968728971, -15.243978772283775 ], [ 49.315160760101762, -15.24051645646626 ], [ 49.320173374702335, -15.238552756932199 ], [ 49.325599400495264, -15.237570897780174 ], [ 49.331335483923382, -15.238035981051121 ], [ 49.347768588812706, -15.24289356545253 ], [ 49.353814732505882, -15.243462015172893 ], [ 49.360636022056475, -15.241911725067226 ], [ 49.368232455841387, -15.236227303026061 ], [ 49.372624953363655, -15.230749613942677 ], [ 49.37572553895123, -15.225375253816674 ], [ 49.379446242532154, -15.215143328402984 ], [ 49.380221389138072, -15.209097189925041 ], [ 49.380531447585724, -15.202740989790401 ], [ 49.379756300056989, -15.196746506548349 ], [ 49.378206008077477, -15.191320491820939 ], [ 49.375725539811697, -15.186721295939668 ], [ 49.369937778438832, -15.178763113693307 ], [ 49.36776736875219, -15.174112244133967 ], [ 49.366992222542635, -15.16811778010277 ], [ 49.366992221486903, -15.160986416953598 ], [ 49.367767368138907, -15.15235645677577 ], [ 49.370867953942472, -15.147395525832229 ], [ 49.375415479893462, -15.144708346325526 ], [ 49.380996534686858, -15.144398284625266 ], [ 49.386112501924678, -15.145638522039455 ], [ 49.401460402208066, -15.151374607223866 ], [ 49.413552687035413, -15.153700041859597 ], [ 49.426575148465943, -15.154165134421479 ], [ 49.43375817178633, -15.15276986612591 ], [ 49.440269402847854, -15.149979338938511 ], [ 49.448640985001134, -15.144553315475378 ], [ 49.452671746901402, -15.139023944450539 ], [ 49.455462273648905, -15.13318450242774 ], [ 49.457787712648077, -15.114632663026772 ], [ 49.457167595734703, -15.101920256610713 ], [ 49.456237419848108, -15.096132498380769 ], [ 49.454687127564213, -15.09137827283492 ], [ 49.451896600291718, -15.084763686838514 ], [ 49.450966424390913, -15.080112809067517 ], [ 49.450966424304177, -15.073756606416943 ], [ 49.45251671685655, -15.066418549864904 ], [ 49.461198358227122, -15.04404265511112 ], [ 49.462748651005377, -15.03856495475444 ], [ 49.464143914938319, -15.026214286507431 ], [ 49.463523797363379, -15.013811943741795 ], [ 49.457167592483664, -14.991901084777311 ], [ 49.456857538489587, -14.985079860059596 ], [ 49.457012575804775, -14.97732850947498 ], [ 49.459493042933786, -14.966528112372746 ], [ 49.46305871606139, -14.961257098116137 ], [ 49.468019640312875, -14.959034830118878 ], [ 49.472670535488334, -14.960171951161964 ], [ 49.477166377423067, -14.962497266068155 ], [ 49.500162393144549, -14.978258635484066 ], [ 49.503262973513259, -14.979912192840038 ], [ 49.507603787115222, -14.981617423872132 ], [ 49.513184857377091, -14.98301291333331 ], [ 49.519230996177384, -14.983943039358515 ], [ 49.52543216718756, -14.984149734031135 ], [ 49.532098416258606, -14.981462402868841 ], [ 49.538609647015782, -14.975933020038026 ], [ 49.556179642164068, -14.951335153811584 ], [ 49.559900336765267, -14.948079412629463 ], [ 49.564241166607843, -14.945289034865976 ], [ 49.56904706191326, -14.943118440637951 ], [ 49.578503859161636, -14.94048308390026 ], [ 49.585945263945582, -14.941103167836658 ], [ 49.645993274364827, -14.992469495141185 ], [ 49.665888706406605, -15.015413913737749 ], [ 49.674570346882135, -15.030193373585542 ], [ 49.696894565941157, -15.060579113714006 ], [ 49.708728468671531, -15.072051281484303 ], [ 49.718185256490521, -15.077270603929103 ], [ 49.723611281060187, -15.07577198830518 ], [ 49.805208368246269, -15.043835950498517 ], [ 49.810014276043404, -15.041510511879892 ], [ 49.820452914827086, -15.040942071852651 ], [ 49.835490756481143, -15.042285656519597 ], [ 49.884531690575258, -15.051432384994738 ], [ 49.895693800780208, -15.051742446614783 ], [ 49.900964797510269, -15.049882095675496 ], [ 49.915847608524942, -15.041820568796725 ], [ 49.921893751746829, -15.039546808691476 ], [ 49.93124718570364, -15.038099867036669 ], [ 49.936983270413208, -15.039546808691476 ], [ 49.942099237409749, -15.041872247296654 ], [ 49.945974969249711, -15.04492115675739 ], [ 49.952951288238594, -15.052104182042397 ], [ 49.971864861926207, -15.08900115539153 ], [ 50.038269076374334, -15.172871997239373 ], [ 50.041059604338201, -15.178814787518471 ], [ 50.041731397954294, -15.184395842329231 ], [ 50.039819370839176, -15.18899505696038 ], [ 50.036563754915115, -15.19261239382373 ], [ 50.032532992364345, -15.195661299841603 ], [ 50.028192172683703, -15.198245122656262 ], [ 50.002457309907676, -15.208993823490042 ], [ 49.996256137796003, -15.212559505480415 ], [ 49.992845492643532, -15.215298349892581 ], [ 49.989228142747415, -15.218553970179286 ], [ 49.982871942133798, -15.226047051175723 ], [ 49.984577263926418, -15.234160255847552 ], [ 49.990778436745714, -15.245684102674744 ], [ 50.011604038351088, -15.269196880567332 ], [ 50.019820590898156, -15.281392507000159 ], [ 50.02431644070284, -15.291004329149184 ], [ 50.0235412940782, -15.296688733127763 ], [ 50.021680942465579, -15.301701339700578 ], [ 50.010983922204886, -15.318806263643506 ], [ 50.008813510596518, -15.323663830151649 ], [ 50.004007602594825, -15.346969897932709 ], [ 50.003077428230306, -15.359268911656388 ], [ 50.003542516047347, -15.365315052162289 ], [ 50.004472690206278, -15.371102785949212 ], [ 50.009433629137909, -15.381179712106578 ], [ 50.045245395022484, -15.43425138621736 ], [ 50.049947951926747, -15.444224965863636 ], [ 50.050102981152065, -15.450374455052247 ], [ 50.049017774054704, -15.456058842050329 ], [ 50.047622510431502, -15.461484859822662 ], [ 50.029277379014452, -15.506081652792172 ], [ 50.027882113948287, -15.51166269259785 ], [ 50.027106967531218, -15.517708834756966 ], [ 50.028037144832844, -15.543030304055121 ], [ 50.027572056799478, -15.549076446503896 ], [ 50.01749515306755, -15.5876787389535 ], [ 50.01734012203643, -15.594138272720055 ], [ 50.018580356411576, -15.60168303286547 ], [ 50.034858432109864, -15.63966520404456 ], [ 50.048035924683859, -15.679817829818617 ], [ 50.051653272213038, -15.710927003613431 ], [ 50.05521894947627, -15.726791709236466 ], [ 50.060644973057812, -15.740951026993223 ], [ 50.066070996120168, -15.75071784014783 ], [ 50.075217726545858, -15.763585311296321 ], [ 50.078938428420152, -15.771750159351473 ], [ 50.080798779258018, -15.779398268689656 ], [ 50.083124218641707, -15.797795070393059 ], [ 50.122088250855832, -15.914428800499907 ], [ 50.128547802845858, -15.919596413971464 ], [ 50.130869987316387, -15.919366134726097 ], [ 50.106700064197042, -15.922539947536732 ], [ 50.057465039340414, -15.881036057015098 ], [ 50.038910352994229, -15.859470323566692 ], [ 50.031504755554757, -15.829766555263614 ], [ 50.02670331933458, -15.778496980134239 ], [ 50.024668817814771, -15.771172808927878 ], [ 50.012705924206543, -15.766534102093702 ], [ 49.99854577057723, -15.755629186701707 ], [ 49.985524937284303, -15.742445588692364 ], [ 49.976898632386039, -15.731377840742558 ], [ 49.970225455359191, -15.71803148534701 ], [ 49.965017124224161, -15.702243764920645 ], [ 49.9621688158974, -15.685479423578782 ], [ 49.962657094780056, -15.669366113237102 ], [ 49.968109569719424, -15.653008704233766 ], [ 49.974619989321866, -15.639743766352623 ], [ 49.97584069206475, -15.626641548796844 ], [ 49.966075066666853, -15.611423444279241 ], [ 49.959727409540612, -15.605645434602049 ], [ 49.953949415524896, -15.602634380310771 ], [ 49.947520378387772, -15.601332281468844 ], [ 49.938731315795366, -15.601006766147131 ], [ 49.934092644864045, -15.597914333044194 ], [ 49.905609570236315, -15.561618737317545 ], [ 49.903086783757999, -15.548760657609076 ], [ 49.908539257808606, -15.517836179279694 ], [ 49.909027538778652, -15.50025805383555 ], [ 49.901133659022584, -15.449639567206576 ], [ 49.902517123997882, -15.443617460086555 ], [ 49.906097852148541, -15.437758073096775 ], [ 49.907399936528257, -15.430922140463524 ], [ 49.901133660395772, -15.422295836595572 ], [ 49.896250846709925, -15.420668222896227 ], [ 49.877614779193664, -15.418877851587951 ], [ 49.8514103511366, -15.432061443786345 ], [ 49.814952018698484, -15.435967701732688 ], [ 49.750336133698902, -15.435967701732688 ], [ 49.717784049890582, -15.44670989244953 ], [ 49.695485872847868, -15.466485281846531 ], [ 49.638438348137797, -15.544610300020372 ], [ 49.639414909190364, -15.570489179621227 ], [ 49.660980664758938, -15.627699473627739 ], [ 49.662119989558335, -15.641778274768834 ], [ 49.660980663163521, -15.655694243369304 ], [ 49.650563995438361, -15.683037983314945 ], [ 49.647959829438534, -15.683037983314945 ], [ 49.654551630261594, -15.695489208555475 ], [ 49.666188997111476, -15.706231365647021 ], [ 49.677256709154669, -15.719333621917379 ], [ 49.685313346486943, -15.752862230894078 ], [ 49.699473501689901, -15.785739810091279 ], [ 49.706309442889321, -15.836195596996703 ], [ 49.716319206543119, -15.867364184727215 ], [ 49.731130404802009, -15.894219656287287 ], [ 49.733734570502484, -15.905694262190195 ], [ 49.730479361210577, -15.922539947536732 ], [ 49.723155146423892, -15.939385708100932 ], [ 49.692637565469937, -15.991469000781391 ], [ 49.683604360348049, -16.020277565953812 ], [ 49.683116082686041, -16.053643497302634 ], [ 49.689789257731988, -16.086846595843156 ], [ 49.702647329422653, -16.115004130201761 ], [ 49.728770379752653, -16.139418237138749 ], [ 49.793955925673359, -16.162041934046119 ], [ 49.822764517121541, -16.179864165806244 ], [ 49.84571373532291, -16.212090717185163 ], [ 49.849864126974644, -16.240817939955807 ], [ 49.828623893020222, -16.334405192987994 ], [ 49.826914910799694, -16.373304956593891 ], [ 49.832367380513233, -16.407972868905905 ], [ 49.85035241021474, -16.422946875834118 ], [ 49.860606316587905, -16.429375916756179 ], [ 49.863129100324123, -16.444512605907054 ], [ 49.859222852212504, -16.483086849794116 ], [ 49.854991077963199, -16.497491090942432 ], [ 49.854014522305555, -16.505140926426584 ], [ 49.854014523490825, -16.539646150879385 ], [ 49.849457229321693, -16.552422814419472 ], [ 49.796641476479067, -16.641045889453547 ], [ 49.767751500184517, -16.673435182473181 ], [ 49.723155140709203, -16.708103080149744 ], [ 49.724945514024391, -16.754001625255786 ], [ 49.7321069640861, -16.775078996202168 ], [ 49.747325065749742, -16.796807546757407 ], [ 49.768321154724589, -16.815606309767784 ], [ 49.789886909586244, -16.826429876049346 ], [ 49.813649931372055, -16.830173375243312 ], [ 49.840342642848924, -16.827569254142873 ], [ 49.810069209831383, -16.84392672753393 ], [ 49.778330920800514, -16.855564005809967 ], [ 49.719737170895904, -16.864027549001996 ], [ 49.694834836183517, -16.877129870012187 ], [ 49.644541867021644, -16.881524398962803 ], [ 49.624522327425893, -16.885674678885323 ], [ 49.608409048044273, -16.896579659730779 ], [ 49.595713732296041, -16.912041851341485 ], [ 49.528981971003802, -17.041680648433562 ], [ 49.482432485850133, -17.167575751523017 ], [ 49.431325712886263, -17.28386804465384 ], [ 49.421397328002008, -17.355157108278867 ], [ 49.425954622930178, -17.370212497114132 ], [ 49.456228063790874, -17.417168913284403 ], [ 49.475013729306653, -17.513685083453247 ], [ 49.504079623216427, -17.663018490705145 ], [ 49.509613476145297, -17.727715742341566 ], [ 49.497731974063612, -17.796807637868291 ], [ 49.462657108505148, -17.915704176597377 ], [ 49.413910348423023, -18.067071177854015 ], [ 49.412608279081745, -18.084568091352924 ], [ 49.413910342580166, -18.101820454879192 ], [ 49.417979352718, -18.115492319318381 ], [ 49.422618038786773, -18.122735330638918 ], [ 49.43376711828158, -18.135511918922134 ], [ 49.438487187130882, -18.142836345263824 ], [ 49.440765824069615, -18.154229462753349 ], [ 49.434743696685459, -18.159926171415655 ], [ 49.424571163358465, -18.163832331306768 ], [ 49.414561400859732, -18.170098650370885 ], [ 49.384125198669103, -18.225518520790548 ], [ 49.359222853413847, -18.424004833275092 ], [ 49.352224145889778, -18.436781396705069 ], [ 49.333262559503609, -18.459567887656696 ], [ 49.325856956848931, -18.471856254045452 ], [ 49.301931178650683, -18.540134283381125 ], [ 49.243174671178025, -18.656833545479738 ], [ 49.191172729496799, -18.842543317939942 ], [ 49.113454626086359, -19.012465139361488 ], [ 49.076914898152808, -19.065606234626987 ], [ 48.985850460041746, -19.37883883667693 ], [ 48.859629755936929, -19.684665646320244 ], [ 48.825531443280482, -19.842217673284775 ], [ 48.823252793232996, -19.865492364609867 ], [ 48.823741088940977, -19.902764664453493 ], [ 48.791351769312136, -19.993096736982146 ], [ 48.785004102554282, -19.980726827664753 ], [ 48.772715694265173, -19.964450818279463 ], [ 48.759532085413106, -19.955498816560343 ], [ 48.750498893009151, -19.965752851073422 ], [ 48.754649290403016, -19.977308917015726 ], [ 48.778981966992909, -20.009209893914274 ], [ 48.784515821040372, -20.024346613484418 ], [ 48.781748894043176, -20.037204685517967 ], [ 48.699229362953872, -20.199883721444237 ], [ 48.641774934670359, -20.345391518023391 ], [ 48.616221551268907, -20.41977306023708 ], [ 48.607917107502693, -20.416066169883063 ], [ 48.525648226593837, -20.394775469477 ], [ 48.454748163822195, -20.395343940536417 ], [ 48.4046220220444, -20.384698570388025 ], [ 48.39687055783444, -20.381184586767318 ], [ 48.388033888132277, -20.372812987486281 ], [ 48.384623244783349, -20.365785019537604 ], [ 48.383383011760166, -20.358550324173173 ], [ 48.384003125926327, -20.352245768733987 ], [ 48.384003125541071, -20.339378332590567 ], [ 48.382762892704221, -20.333745629861966 ], [ 48.37857710031895, -20.32387541567379 ], [ 48.375476517086852, -20.319844668981247 ], [ 48.370515577920919, -20.315658867434486 ], [ 48.353410678888402, -20.304548439234299 ], [ 48.347674595220852, -20.299484150087135 ], [ 48.341473423535341, -20.295866800567545 ], [ 48.335117221483415, -20.294058116379169 ], [ 48.324420199917292, -20.29493662227706 ], [ 48.293207634621744, -20.30279142757086 ], [ 48.286696404835247, -20.303463225046546 ], [ 48.279720086356207, -20.303618261010048 ], [ 48.269333124065795, -20.301034434658497 ], [ 48.257240837973335, -20.296228526136204 ], [ 48.235175001941123, -20.283981209400572 ], [ 48.217656690254252, -20.271733891408839 ], [ 48.214246047116333, -20.268013196226349 ], [ 48.193162062804056, -20.232873228779564 ], [ 48.190009799657972, -20.228894132637507 ], [ 48.186289097549789, -20.225586853054743 ], [ 48.181173130052358, -20.223003024969664 ], [ 48.174971958237755, -20.221556084219888 ], [ 48.16598025811971, -20.221866137588915 ], [ 48.159158970126796, -20.223003024969664 ], [ 48.153267856275043, -20.225018399990915 ], [ 48.148772007650159, -20.227808936522695 ], [ 48.14505130394695, -20.23106454361174 ], [ 48.142260777394213, -20.235095312102519 ], [ 48.14024539529224, -20.239539478616685 ], [ 48.14024539558276, -20.244810478807661 ], [ 48.141950718450389, -20.249564717009598 ], [ 48.147376744029124, -20.257987978219074 ], [ 48.148927035570615, -20.26227710782538 ], [ 48.147996860554059, -20.266617928461308 ], [ 48.141640657927091, -20.273904301571598 ], [ 48.138695103117243, -20.278090104557556 ], [ 48.136628044668612, -20.283051031018132 ], [ 48.13466434091081, -20.29421315235464 ], [ 48.132597284622108, -20.298967388558971 ], [ 48.122520377902319, -20.31023283444161 ], [ 48.119729851428353, -20.314470308562083 ], [ 48.116319207298382, -20.325322355166865 ], [ 48.115389032192724, -20.331420184831661 ], [ 48.113683710488822, -20.336742853370772 ], [ 48.083091260551889, -20.384285153928047 ], [ 48.079680617922222, -20.394930524108258 ], [ 48.078750439693884, -20.400511551904021 ], [ 48.079267207494148, -20.406247671649677 ], [ 48.080610794422661, -20.411518664877896 ], [ 48.087483756277088, -20.425212889364829 ], [ 48.087638788616246, -20.430173847820971 ], [ 48.085623408188276, -20.434411318171993 ], [ 48.08216108533594, -20.437925300480984 ], [ 48.077510205309281, -20.440457433083804 ], [ 48.07208418236543, -20.442111098268466 ], [ 48.065727979124595, -20.442266115296384 ], [ 48.056891310602055, -20.438700460745775 ], [ 48.046039260972549, -20.432499291172093 ], [ 48.026763951853816, -20.417668162990836 ], [ 48.008625524022762, -20.406816105110153 ], [ 48.003199498272018, -20.405782582898034 ], [ 47.993897739180895, -20.40547251121189 ], [ 47.981650426463752, -20.406712760399792 ], [ 47.969816522068832, -20.409348238253386 ], [ 47.964545524695481, -20.411363610264868 ], [ 47.951213004977411, -20.419476807930803 ], [ 47.939895869619022, -20.429553742105327 ], [ 47.935244989607035, -20.432085874850955 ], [ 47.929663934012211, -20.433584485539228 ], [ 47.923152702702268, -20.43425626358334 ], [ 47.916486443257753, -20.43420459123795 ], [ 47.909923537948792, -20.433481140847963 ], [ 47.897521194238948, -20.431000680472803 ], [ 47.884498732953546, -20.429605414452361 ], [ 47.877987503195151, -20.430018830780458 ], [ 47.871786328479899, -20.430948970573699 ], [ 47.866205274712577, -20.432654308210008 ], [ 47.861244336575837, -20.434669679898423 ], [ 47.843209262655137, -20.445986824338991 ], [ 47.837938266436829, -20.447950523507288 ], [ 47.832047154904117, -20.449087427655364 ], [ 47.805847203189622, -20.45048269349417 ], [ 47.794013300802007, -20.452808136530422 ], [ 47.787502068650198, -20.45265308196074 ], [ 47.781145869040344, -20.450947782104254 ], [ 47.774634637919448, -20.447175400842763 ], [ 47.770138787547488, -20.443196292565656 ], [ 47.766728143033674, -20.438752133089601 ], [ 47.763937616516991, -20.434411318171993 ], [ 47.760992060561676, -20.430483919454087 ], [ 47.757271355005329, -20.427073244111483 ], [ 47.74812462665615, -20.421698906752361 ], [ 47.744197217422339, -20.418598302862815 ], [ 47.733655226306446, -20.407797954959985 ], [ 47.729314407115453, -20.404852405390145 ], [ 47.72450849691991, -20.402371906970831 ], [ 47.708385449594303, -20.396635824619924 ], [ 47.704509719329195, -20.393535257736325 ], [ 47.701099074409761, -20.389762874981272 ], [ 47.694897902955383, -20.374931742314807 ], [ 47.692107375838837, -20.370642597808381 ], [ 47.688490023979178, -20.367076903900646 ], [ 47.685544468889823, -20.362994486182426 ], [ 47.683219030658037, -20.354261179139741 ], [ 47.679033238071881, -20.271888927413343 ], [ 47.682753941645686, -20.246205746836587 ], [ 47.699238722751744, -20.181971933419376 ], [ 47.709625685226555, -20.153549903367455 ], [ 47.714276564273021, -20.143886410234536 ], [ 47.717067092336215, -20.125489600931896 ], [ 47.717842238426478, -20.075208430128274 ], [ 47.722028029431712, -20.028131199453718 ], [ 47.726523878768873, -20.011129652948934 ], [ 47.753860712010834, -19.964414166686922 ], [ 47.757581403665704, -19.953923699176205 ], [ 47.759751815520374, -19.945087058805232 ], [ 47.759596791748116, -19.910257216210628 ], [ 47.761302108991174, -19.902815736380195 ], [ 47.763627557219557, -19.896976412432103 ], [ 47.769208613353456, -19.888294784757424 ], [ 47.772309196884564, -19.884367352874364 ], [ 47.779750593541195, -19.877494271560732 ], [ 47.796803834813367, -19.86586729279108 ], [ 47.812048383029989, -19.85274150086903 ], [ 47.818869666084929, -19.845300016288945 ], [ 47.849875515045916, -19.795587158472301 ], [ 47.859228959243779, -19.772177859629071 ], [ 47.861864452992421, -19.746959704331321 ], [ 47.86186446142154, -19.741120370431233 ], [ 47.860262487936438, -19.733110475283965 ], [ 47.857471965055659, -19.723498720372579 ], [ 47.855301546963197, -19.711923094622026 ], [ 47.853906281363933, -19.65073817863335 ], [ 47.854991476860917, -19.639162544016646 ], [ 47.858402135140956, -19.632289745009317 ], [ 47.869925988500619, -19.617355367682311 ], [ 47.873801721858698, -19.608363676331841 ], [ 47.875352007512497, -19.60092217236825 ], [ 47.875351994949675, -19.594307434938905 ], [ 47.872561474962069, -19.575032223301008 ], [ 47.872716512260467, -19.551261159458665 ], [ 47.874421831377944, -19.54288953768005 ], [ 47.876592227460527, -19.536378142284121 ], [ 47.890389834679901, -19.514105585738399 ], [ 47.897366156456108, -19.499894612332241 ], [ 47.900001663144295, -19.489146028310135 ], [ 47.901241891761451, -19.476640260549505 ], [ 47.90294722641503, -19.469974142230217 ], [ 47.905892784172032, -19.465064905865098 ], [ 47.919431993369983, -19.450026856802641 ], [ 47.936485228041128, -19.424808918363759 ], [ 47.940360955903756, -19.416747324263124 ], [ 47.942841413814456, -19.409460825121737 ], [ 47.945942007274944, -19.394371395245695 ], [ 47.952918330533343, -19.329052437420817 ], [ 47.95322838146248, -19.316391630947166 ], [ 47.950592889849865, -19.296702981823447 ], [ 47.950282820138888, -19.261562867934305 ], [ 47.944546742321535, -19.246370070616923 ], [ 47.943151493214806, -19.238825494491365 ], [ 47.942531353778364, -19.228955026265851 ], [ 47.944236681505707, -19.1996545563408 ], [ 47.943616582760932, -19.1914382260886 ], [ 47.941911237913814, -19.186373656862351 ], [ 47.909458456673349, -19.125809105879927 ], [ 47.907288037574617, -19.118005855174101 ], [ 47.905582710965462, -19.104518253203867 ], [ 47.906047815737068, -19.096405262312942 ], [ 47.907443065396215, -19.089480453853387 ], [ 47.924237898234878, -19.057492640111924 ], [ 47.928888793732234, -19.044573736742542 ], [ 47.930284058737996, -19.034548532138889 ], [ 47.930439079535809, -19.021991038337934 ], [ 47.931679323584326, -19.015014852589609 ], [ 47.934004742362148, -19.009381869950275 ], [ 47.93912072087317, -19.002250663751553 ], [ 47.943151495284582, -18.994964437412765 ], [ 47.947337286088903, -18.985300941211946 ], [ 47.948887555739404, -18.97532710432943 ], [ 47.951988162648568, -18.927216600889846 ], [ 47.951213006006853, -18.904582206751456 ], [ 47.954003530274441, -18.87083745097685 ], [ 47.953383418990953, -18.864791375633796 ], [ 47.945942001199214, -18.837299379106309 ], [ 47.942531377154808, -18.813166742699426 ], [ 47.940205923066493, -18.736065329728721 ], [ 47.952918331585018, -18.669402793060087 ], [ 47.98630130253126, -18.578400548626661 ], [ 47.990332074438435, -18.560934035104157 ], [ 47.991107207839669, -18.548066453562342 ], [ 47.990177042883445, -18.535405864936823 ], [ 47.998393599857827, -18.451690089790176 ], [ 47.997463420938253, -18.415774932882584 ], [ 47.998858677399419, -18.406938169200831 ], [ 48.000098913528369, -18.401305460611205 ], [ 48.001804226139789, -18.398204751929015 ], [ 48.007385290053676, -18.390815144897207 ], [ 48.023663355927098, -18.377327466271801 ], [ 48.027694118002337, -18.37210814439743 ], [ 48.032551717922551, -18.363478372462879 ], [ 48.033636906683768, -18.356450177676837 ], [ 48.033481884340915, -18.349783997406679 ], [ 48.032086620121135, -18.344564674570215 ], [ 48.029761177523483, -18.339862086470724 ], [ 48.021647989665979, -18.32689143864026 ], [ 48.019787622081154, -18.319759895150607 ], [ 48.018857466066414, -18.310044976682839 ], [ 48.018857446758318, -18.282501195154826 ], [ 48.017307162652607, -18.275059908947608 ], [ 48.001959259131894, -18.249376668434593 ], [ 47.999013706818239, -18.242865504087526 ], [ 47.997928493753399, -18.234028730339816 ], [ 48.000098916438482, -18.172275548767793 ], [ 47.999788843672256, -18.170156632898255 ], [ 47.99870365239002, -18.167107893555414 ], [ 47.995603071370368, -18.14974467899907 ], [ 47.994827915666036, -18.130055851985098 ], [ 47.996533240209445, -18.118945435294297 ], [ 47.998858673248002, -18.109488572005628 ], [ 48.002579391933999, -18.10049707073701 ], [ 48.0027344008165, -18.094192294292963 ], [ 48.001649192979471, -18.089489698805785 ], [ 47.995758098176246, -18.079774766413546 ], [ 47.991727331970402, -18.070007859460247 ], [ 47.986921427173449, -18.047321955194196 ], [ 47.983510781796276, -18.036779942569488 ], [ 47.976069362210801, -18.023292234120529 ], [ 47.974364039755756, -18.017866206378621 ], [ 47.970746691704271, -17.973682874339591 ], [ 47.96909304463771, -17.968360192298963 ], [ 47.966405887826596, -17.964071282729627 ], [ 47.962840205864772, -17.960763871238839 ], [ 47.958189314656877, -17.958128216639352 ], [ 47.942841416904415, -17.951823735488713 ], [ 47.934004746547153, -17.946397705575045 ], [ 47.929973998971711, -17.943348962269297 ], [ 47.916176377287179, -17.935442298027358 ], [ 47.912145629110753, -17.932341880920099 ], [ 47.908993367744301, -17.926605808705609 ], [ 47.906977983811736, -17.921644840642465 ], [ 47.902792189704684, -17.900250758231302 ] ] ], [ [ [ 49.961192259110007, -16.749607095069603 ], [ 49.964610218727309, -16.734144747651783 ], [ 49.97315514656222, -16.721123989171758 ], [ 49.98536217247193, -16.711846580260627 ], [ 50.024099157864093, -16.690362275105041 ], [ 50.019867380857988, -16.714532118343897 ], [ 49.983734572741355, -16.786716426458764 ], [ 49.957367379876324, -16.864027549001996 ], [ 49.90845787619633, -16.966973530121944 ], [ 49.872813347169718, -17.013116146167839 ], [ 49.844493039939834, -17.072198237961427 ], [ 49.826182487788984, -17.094414969311305 ], [ 49.817393419446397, -17.067152531158044 ], [ 49.822520380658446, -17.041273717178751 ], [ 49.846527538362686, -16.991387607047166 ], [ 49.850840696725669, -16.977715826311652 ], [ 49.853037960218323, -16.96477634123233 ], [ 49.854014514230578, -16.936781446807167 ], [ 49.857269728232019, -16.919691680818875 ], [ 49.86557050529553, -16.906345262406859 ], [ 49.888194211041373, -16.881524398962803 ], [ 49.955821165360156, -16.779717775198449 ], [ 49.95948326757766, -16.765313390624367 ], [ 49.961192259110007, -16.749607095069603 ] ] ] ] } },
{ "type": "Feature", "properties": { "source": "https://simplemaps.com", "id": "MGF", "name": "Fianarantsoa", "color_id": 3, "changing": true, "mainFeature": false, "new_color_id": 1 }, "geometry": { "type": "Polygon", "coordinates": [ [ [ 47.717842238426478, -20.075208430128274 ], [ 47.717067092336215, -20.125489600931896 ], [ 47.714276564273021, -20.143886410234536 ], [ 47.709625685226555, -20.153549903367455 ], [ 47.699238722751744, -20.181971933419376 ], [ 47.682753941645686, -20.246205746836587 ], [ 47.679033238071881, -20.271888927413343 ], [ 47.683219030658037, -20.354261179139741 ], [ 47.685544468889823, -20.362994486182426 ], [ 47.688490023979178, -20.367076903900646 ], [ 47.692107375838837, -20.370642597808381 ], [ 47.694897902955383, -20.374931742314807 ], [ 47.701099074409761, -20.389762874981272 ], [ 47.704509719329195, -20.393535257736325 ], [ 47.708385449594303, -20.396635824619924 ], [ 47.72450849691991, -20.402371906970831 ], [ 47.729314407115453, -20.404852405390145 ], [ 47.733655226306446, -20.407797954959985 ], [ 47.744197217422339, -20.418598302862815 ], [ 47.74812462665615, -20.421698906752361 ], [ 47.757271355005329, -20.427073244111483 ], [ 47.760992060561676, -20.430483919454087 ], [ 47.763937616516991, -20.434411318171993 ], [ 47.766728143033674, -20.438752133089601 ], [ 47.770138787547488, -20.443196292565656 ], [ 47.774634637919448, -20.447175400842763 ], [ 47.781145869040344, -20.450947782104254 ], [ 47.787502068650198, -20.45265308196074 ], [ 47.794013300802007, -20.452808136530422 ], [ 47.805847203189622, -20.45048269349417 ], [ 47.832047154904117, -20.449087427655364 ], [ 47.837938266436829, -20.447950523507288 ], [ 47.843209262655137, -20.445986824338991 ], [ 47.861244336575837, -20.434669679898423 ], [ 47.866205274712577, -20.432654308210008 ], [ 47.871786328479899, -20.430948970573699 ], [ 47.877987503195151, -20.430018830780458 ], [ 47.884498732953546, -20.429605414452361 ], [ 47.897521194238948, -20.431000680472803 ], [ 47.909923537948792, -20.433481140847963 ], [ 47.916486443257753, -20.43420459123795 ], [ 47.923152702702268, -20.43425626358334 ], [ 47.929663934012211, -20.433584485539228 ], [ 47.935244989607035, -20.432085874850955 ], [ 47.939895869619022, -20.429553742105327 ], [ 47.951213004977411, -20.419476807930803 ], [ 47.964545524695481, -20.411363610264868 ], [ 47.969816522068832, -20.409348238253386 ], [ 47.981650426463752, -20.406712760399792 ], [ 47.993897739180895, -20.40547251121189 ], [ 48.003199498272018, -20.405782582898034 ], [ 48.008625524022762, -20.406816105110153 ], [ 48.026763951853816, -20.417668162990836 ], [ 48.046039260972549, -20.432499291172093 ], [ 48.056891310602055, -20.438700460745775 ], [ 48.065727979124595, -20.442266115296384 ], [ 48.07208418236543, -20.442111098268466 ], [ 48.077510205309281, -20.440457433083804 ], [ 48.08216108533594, -20.437925300480984 ], [ 48.085623408188276, -20.434411318171993 ], [ 48.087638788616246, -20.430173847820971 ], [ 48.087483756277088, -20.425212889364829 ], [ 48.080610794422661, -20.411518664877896 ], [ 48.079267207494148, -20.406247671649677 ], [ 48.078750439693884, -20.400511551904021 ], [ 48.079680617922222, -20.394930524108258 ], [ 48.083091260551889, -20.384285153928047 ], [ 48.113683710488822, -20.336742853370772 ], [ 48.115389032192724, -20.331420184831661 ], [ 48.116319207298382, -20.325322355166865 ], [ 48.119729851428353, -20.314470308562083 ], [ 48.122520377902319, -20.31023283444161 ], [ 48.132597284622108, -20.298967388558971 ], [ 48.13466434091081, -20.29421315235464 ], [ 48.136628044668612, -20.283051031018132 ], [ 48.138695103117243, -20.278090104557556 ], [ 48.141640657927091, -20.273904301571598 ], [ 48.147996860554059, -20.266617928461308 ], [ 48.148927035570615, -20.26227710782538 ], [ 48.147376744029124, -20.257987978219074 ], [ 48.141950718450389, -20.249564717009598 ], [ 48.14024539558276, -20.244810478807661 ], [ 48.14024539529224, -20.239539478616685 ], [ 48.142260777394213, -20.235095312102519 ], [ 48.14505130394695, -20.23106454361174 ], [ 48.148772007650159, -20.227808936522695 ], [ 48.153267856275043, -20.225018399990915 ], [ 48.159158970126796, -20.223003024969664 ], [ 48.16598025811971, -20.221866137588915 ], [ 48.174971958237755, -20.221556084219888 ], [ 48.181173130052358, -20.223003024969664 ], [ 48.186289097549789, -20.225586853054743 ], [ 48.190009799657972, -20.228894132637507 ], [ 48.193162062804056, -20.232873228779564 ], [ 48.214246047116333, -20.268013196226349 ], [ 48.217656690254252, -20.271733891408839 ], [ 48.235175001941123, -20.283981209400572 ], [ 48.257240837973335, -20.296228526136204 ], [ 48.269333124065795, -20.301034434658497 ], [ 48.279720086356207, -20.303618261010048 ], [ 48.286696404835247, -20.303463225046546 ], [ 48.293207634621744, -20.30279142757086 ], [ 48.324420199917292, -20.29493662227706 ], [ 48.335117221483415, -20.294058116379169 ], [ 48.341473423535341, -20.295866800567545 ], [ 48.347674595220852, -20.299484150087135 ], [ 48.353410678888402, -20.304548439234299 ], [ 48.370515577920919, -20.315658867434486 ], [ 48.375476517086852, -20.319844668981247 ], [ 48.37857710031895, -20.32387541567379 ], [ 48.382762892704221, -20.333745629861966 ], [ 48.384003125541071, -20.339378332590567 ], [ 48.384003125926327, -20.352245768733987 ], [ 48.383383011760166, -20.358550324173173 ], [ 48.384623244783349, -20.365785019537604 ], [ 48.388033888132277, -20.372812987486281 ], [ 48.39687055783444, -20.381184586767318 ], [ 48.4046220220444, -20.384698570388025 ], [ 48.454748163822195, -20.395343940536417 ], [ 48.525648226593837, -20.394775469477 ], [ 48.607917107502693, -20.416066169883063 ], [ 48.616221551268907, -20.41977306023708 ], [ 48.56226647330201, -20.577081003609599 ], [ 48.462412954171789, -20.932224183290135 ], [ 48.451833531060359, -20.948337510635163 ], [ 48.43848717212007, -20.964043843685882 ], [ 48.430186392588467, -20.979180580184629 ], [ 48.434418164879055, -20.993584892559102 ], [ 48.447520380126498, -20.980889594412272 ], [ 48.4549259789408, -20.984551714102793 ], [ 48.457367385564638, -20.997816683617465 ], [ 48.455577017438657, -21.01409268742756 ], [ 48.449066603209538, -21.028903918381925 ], [ 48.431325717422688, -21.058526305023296 ], [ 48.427582229414931, -21.075860312690079 ], [ 48.424164260986601, -21.110039995579644 ], [ 48.414805534476919, -21.143975512795198 ], [ 48.37859134473981, -21.223890915438268 ], [ 48.375010610689472, -21.23756273065246 ], [ 48.373057482100656, -21.267998886242438 ], [ 48.356700070116865, -21.353692364556668 ], [ 48.342051626365702, -21.389825096956958 ], [ 48.32813561473025, -21.414646112376111 ], [ 48.201833533994289, -21.796156554470635 ], [ 48.074636263217791, -22.072198165986713 ], [ 47.947439000036901, -22.348239865211383 ], [ 47.933604357130768, -22.41415774332679 ], [ 47.900645383783548, -22.481133776181181 ], [ 47.882498734294259, -22.595605516593395 ], [ 47.858653202204387, -22.746026425141039 ], [ 47.839366078635145, -22.80657313753542 ], [ 47.833832230803658, -22.900974259113731 ], [ 47.799978066244066, -23.012139638707087 ], [ 47.762380404498316, -23.110121346508514 ], [ 47.738047711811596, -23.255466293478051 ], [ 47.619476764831902, -23.590590163984324 ], [ 47.607920760978082, -23.576836761633629 ], [ 47.602224144641546, -23.565362127667687 ], [ 47.596527550274537, -23.563165081467343 ], [ 47.585459827421225, -23.576918178251272 ], [ 47.574961794551356, -23.598728224553437 ], [ 47.58187910417746, -23.60458752113778 ], [ 47.598317912394286, -23.606052420539577 ], [ 47.616058783521694, -23.614434434254829 ], [ 47.620127787226053, -23.640394654710818 ], [ 47.568695509403796, -23.852634377214841 ], [ 47.514333517740667, -23.98699297014322 ], [ 47.496755392162854, -24.016371219410651 ], [ 47.489756711796119, -24.022637677519814 ], [ 47.473887559216138, -24.032159042982187 ], [ 47.468760617017978, -24.036309544460355 ], [ 47.46664473101778, -24.036309544460355 ], [ 47.456228046711132, -24.039808704553518 ], [ 47.455088730929432, -24.039971540037566 ], [ 47.448496930216145, -24.045098454748139 ], [ 47.450531449815998, -24.048028292356111 ], [ 47.454844597205899, -24.051202083122423 ], [ 47.455088723755267, -24.056735788195144 ], [ 47.454844582804853, -24.059339955734927 ], [ 47.448252813263437, -24.084649483418158 ], [ 47.430837425685702, -24.117852366145577 ], [ 47.428061662723607, -24.124792420982409 ], [ 47.426283812520616, -24.124108630226985 ], [ 47.376157667203202, -24.087263267251725 ], [ 47.248000114600877, -24.022461022148804 ], [ 47.222058541687183, -24.006027870943424 ], [ 47.208105897380655, -23.999413213064713 ], [ 47.136895777960817, -23.980758064724114 ], [ 47.122271342016077, -23.982359978339101 ], [ 47.115450061636921, -23.988561235469636 ], [ 47.115140004241752, -24.014347794837303 ], [ 47.121341165386731, -24.044733426804772 ], [ 47.121496199020747, -24.052950011573113 ], [ 47.119635852879597, -24.060339802306277 ], [ 47.113899776707527, -24.066954473187312 ], [ 47.104287943816978, -24.072587024145783 ], [ 47.077002793025351, -24.080131844003581 ], [ 47.063463574927674, -24.077858153022397 ], [ 47.034163037282717, -24.068556391244389 ], [ 47.023621036214543, -24.071346829350365 ], [ 47.016593047524999, -24.078736624517795 ], [ 47.013699165170301, -24.089123560434125 ], [ 47.013492454948086, -24.100285622354704 ], [ 47.015559508512176, -24.111085964435986 ], [ 47.018660121544677, -24.121731586210402 ], [ 47.027341735831321, -24.140799918947643 ], [ 47.043154736290745, -24.167310056105528 ], [ 47.047030472101824, -24.176715198336218 ], [ 47.048115678407129, -24.187102168186957 ], [ 47.04532515275973, -24.196972391707568 ], [ 47.039744105116434, -24.205447393144617 ], [ 47.02625654509054, -24.220640151515791 ], [ 47.020675496441491, -24.229425210149881 ], [ 47.01178713006901, -24.248803663064489 ], [ 47.006981231185527, -24.256865278754361 ], [ 46.999539836554845, -24.263686693858155 ], [ 46.991478301455786, -24.268647505540844 ], [ 46.974425086821718, -24.277019177635797 ], [ 46.945693000081803, -24.285442527333558 ], [ 46.931430299773623, -24.287457858506183 ], [ 46.913291871219386, -24.287612883986895 ], [ 46.902078066883647, -24.283065169798782 ], [ 46.894481649800412, -24.275417248302265 ], [ 46.890915970712371, -24.265805373742904 ], [ 46.88921064545297, -24.255211675441892 ], [ 46.8896757481671, -24.237848545938796 ], [ 46.894171593922486, -24.21676452374097 ], [ 46.902284789444238, -24.196714016715475 ], [ 46.904455197223797, -24.186585418378385 ], [ 46.903214963009724, -24.176250123671725 ], [ 46.899132520003725, -24.16710335631938 ], [ 46.869366895626008, -24.125968925675338 ], [ 46.862390569861127, -24.118682468724302 ], [ 46.854019009497442, -24.111292964270426 ], [ 46.843735390295308, -24.104626608921162 ], [ 46.82466677590967, -24.098683702629959 ], [ 46.769114616118095, -24.097185132641499 ], [ 46.752061404397509, -24.093257846126214 ], [ 46.74275964147116, -24.085299624571416 ], [ 46.736093367722034, -24.052329914565867 ], [ 46.732320991022718, -24.042408063711306 ], [ 46.721003845231685, -24.026491649027054 ], [ 46.717903286709827, -24.01781029947664 ], [ 46.720848817959947, -23.999413213064713 ], [ 46.719918655186838, -23.995382589681434 ], [ 46.716042914389035, -23.989129656561268 ], [ 46.70937667485714, -23.982980374387761 ], [ 46.673048129844346, -23.961172784609889 ], [ 46.597807245778668, -23.93574799052044 ], [ 46.541479921118352, -23.923087125372803 ], [ 46.531092974147434, -23.918798139012203 ], [ 46.521636175265378, -23.913630385890354 ], [ 46.513988058489346, -23.906964072710082 ], [ 46.508303653271746, -23.898437478903414 ], [ 46.498950230208052, -23.879420668145954 ], [ 46.492749059417314, -23.871255802735174 ], [ 46.484687529142562, -23.865002893789654 ], [ 46.462983447021521, -23.852083984494048 ], [ 46.425879758635233, -23.823920232939205 ], [ 46.416422963261248, -23.811156062296494 ], [ 46.411927124913859, -23.800975914152644 ], [ 46.412702273961202, -23.792604370704488 ], [ 46.415337753384648, -23.782837322281221 ], [ 46.431770873263069, -23.742994944094498 ], [ 46.453009887253067, -23.707389896651435 ], [ 46.466549119850882, -23.67814110734767 ], [ 46.47197512497943, -23.669459248431679 ], [ 46.485927766754322, -23.654783192376687 ], [ 46.492904081438063, -23.64889204192129 ], [ 46.498020047919368, -23.642329129014776 ], [ 46.500190449904572, -23.637471462647216 ], [ 46.501895780043306, -23.628944936369717 ], [ 46.502515902573641, -23.621141849213291 ], [ 46.501120626875263, -23.610806434101239 ], [ 46.498175069718847, -23.597835645538314 ], [ 46.488718300346143, -23.580834287731538 ], [ 46.473680450518593, -23.544453992225556 ], [ 46.465928979694034, -23.533136793624198 ], [ 46.452079708360692, -23.51809907505449 ], [ 46.432856079704038, -23.492260915393135 ], [ 46.428205192453014, -23.481873862418055 ], [ 46.424019415107374, -23.460686674548022 ], [ 46.418903424833225, -23.447974006932064 ], [ 46.41673303374008, -23.437793961692339 ], [ 46.41967857499354, -23.429267180691046 ], [ 46.426499866481294, -23.422911001735709 ], [ 46.444793317076858, -23.41247229367486 ], [ 46.452906518468971, -23.406219465017074 ], [ 46.45848758216701, -23.398313076599997 ], [ 46.463448526193645, -23.379657947842077 ], [ 46.466704129481315, -23.370614442088328 ], [ 46.47135502293321, -23.361829607438786 ], [ 46.474300569837027, -23.352269368590715 ], [ 46.474145535553546, -23.342037373916618 ], [ 46.468409467599429, -23.321573692765263 ], [ 46.464223669327609, -23.311858442445313 ], [ 46.461278107142405, -23.30198817348591 ], [ 46.461278104606265, -23.291394475994416 ], [ 46.464378684381622, -23.281472538316052 ], [ 46.474455594231735, -23.263850935291934 ], [ 46.477711227090161, -23.254756082037389 ], [ 46.478176303945936, -23.246125992537788 ], [ 46.472440213917587, -23.198893663400852 ], [ 46.467944356335735, -23.184372504851027 ], [ 46.460657997323359, -23.175639383001585 ], [ 46.45114953925281, -23.169438263693504 ], [ 46.380094437612115, -23.133936489483919 ], [ 46.374358352960272, -23.128923865141257 ], [ 46.370327593624097, -23.123497853895241 ], [ 46.36676190794153, -23.110216882246178 ], [ 46.364281444707593, -23.104015772098389 ], [ 46.347228223389898, -23.072958260305864 ], [ 46.336169472023286, -23.056990288794363 ], [ 46.327642868111703, -23.040402242739365 ], [ 46.326092577263523, -23.035027915370353 ], [ 46.323302029218688, -23.028826514968717 ], [ 46.304543493015352, -23.002316604001983 ], [ 46.303613327583271, -23.000508038639342 ], [ 46.301752952856077, -22.994875048956164 ], [ 46.299427521067315, -22.983661345716541 ], [ 46.296947057149453, -22.977873638635224 ], [ 46.28743860170033, -22.961492313365888 ], [ 46.284027958501127, -22.951622122187533 ], [ 46.227390576650919, -22.834419835629827 ], [ 46.208166935853761, -22.807806382043172 ], [ 46.202585889526134, -22.801605310499745 ], [ 46.130600624756603, -22.759127343932633 ], [ 46.108534779123829, -22.74238407706191 ], [ 46.091946650564417, -22.745898143824668 ], [ 46.069364058368251, -22.726157845910265 ], [ 45.995518420298055, -22.683782983442018 ], [ 45.972005653397815, -22.677581925953412 ], [ 45.929165883946219, -22.678822077312134 ], [ 45.864725379967581, -22.673086077080097 ], [ 45.850566032843886, -22.674016190523233 ], [ 45.802093535923618, -22.683472945572714 ], [ 45.611200796500917, -22.755716622406858 ], [ 45.415243780337704, -22.86010318619639 ], [ 45.399482467484077, -22.879171782983374 ], [ 45.378450159748446, -23.000353018754335 ], [ 45.379173613151977, -23.084016964841737 ], [ 45.364497507933287, -23.104377485975313 ], [ 45.358916450405282, -23.11517783106591 ], [ 45.358689376283877, -23.11533946072845 ], [ 45.345273874815234, -23.124893036614225 ], [ 45.339537783792998, -23.126339892813341 ], [ 45.333181606238121, -23.126960274482876 ], [ 45.326463669779884, -23.126753580734384 ], [ 45.308635297511422, -23.122257691514971 ], [ 45.295612817830339, -23.120758861591188 ], [ 45.273547000516714, -23.122257691514971 ], [ 45.262074811211448, -23.121223922464136 ], [ 45.256183714372618, -23.118123516735782 ], [ 45.251997917514252, -23.113937668916254 ], [ 45.250137565463341, -23.108976720233603 ], [ 45.245641720144562, -23.0925953489064 ], [ 45.240525746502072, -23.083861944678112 ], [ 45.237270124282048, -23.079986140332455 ], [ 45.23184411947517, -23.071046345454551 ], [ 45.228433458023218, -23.058953876420301 ], [ 45.225487912193209, -23.051977672964707 ], [ 45.220630317138571, -23.048980318226967 ], [ 45.21504926684139, -23.04805019796293 ], [ 45.198151081234549, -23.051667632854524 ], [ 45.191794878730832, -23.051874326261078 ], [ 45.173036322075966, -23.049135338272784 ], [ 45.166783475288746, -23.048980318226967 ], [ 45.127251005323714, -23.05373456696163 ], [ 45.117639190761643, -23.053372853486231 ], [ 45.102394655769338, -23.05094420593889 ], [ 45.09448815179212, -23.047843504573461 ], [ 45.088752060349023, -23.044329416666972 ], [ 45.059141478436281, -23.016475990794117 ], [ 45.049167934791853, -23.005158935851657 ], [ 45.040796341588958, -22.997407340609019 ], [ 45.038005804091362, -22.994306642780927 ], [ 45.035215273669529, -22.990017459614858 ], [ 45.032424746250335, -22.985159870768037 ], [ 45.029634229786502, -22.978028658447244 ], [ 45.028083944451311, -22.971724219402173 ], [ 45.025293410830194, -22.953430685709929 ], [ 45.023743119323328, -22.948159714634805 ], [ 45.019092242069554, -22.938289526156886 ], [ 45.01583662740294, -22.933380269275307 ], [ 45.012425967567147, -22.926403783776991 ], [ 45.010565623797099, -22.920202697826618 ], [ 45.009635457112488, -22.913639900233267 ], [ 45.009015335293583, -22.900203968085481 ], [ 45.006069782175743, -22.88521784432233 ], [ 45.005604678826785, -22.87855140455644 ], [ 45.006224803999622, -22.872401997693025 ], [ 45.01444136398483, -22.852093248070858 ], [ 45.025138369650008, -22.812922319190211 ], [ 45.029324164015783, -22.802845464665168 ], [ 45.035370303962573, -22.79395709293847 ], [ 45.037850774485065, -22.789151196089794 ], [ 45.039401067354262, -22.784500318893546 ], [ 45.04048627265891, -22.779797769033969 ], [ 45.041416449029818, -22.765896814148746 ], [ 45.042036586849179, -22.762228027362745 ], [ 45.043586878460864, -22.757835517732751 ], [ 45.050304790957867, -22.743727575929245 ], [ 45.051545033006029, -22.737939896003301 ], [ 45.05164839490125, -22.731583813436654 ], [ 45.051028261166515, -22.725537469279466 ], [ 45.049943062585626, -22.719904810299688 ], [ 45.040951369181009, -22.696133727891034 ], [ 45.040176235000445, -22.689622631146136 ], [ 45.040021188533622, -22.683472945572714 ], [ 45.04110640054904, -22.677840290817578 ], [ 45.043121784820869, -22.672724366300738 ], [ 45.045602255071245, -22.667970152989351 ], [ 45.073869266242774, -22.631848359056249 ], [ 45.078675153442191, -22.622339639106197 ], [ 45.081930783793418, -22.61081597745946 ], [ 45.084256223024106, -22.584409322032787 ], [ 45.086426628243828, -22.572161946936856 ], [ 45.0937130047691, -22.550354493292936 ], [ 45.1362427038002, -22.477904075726254 ], [ 45.142443886160585, -22.469687649996001 ], [ 45.146009557268272, -22.46596690836061 ], [ 45.149110142797504, -22.461832784616309 ], [ 45.15174564346556, -22.457026914909466 ], [ 45.153450959255856, -22.451755840302123 ], [ 45.154536161740452, -22.445761347228647 ], [ 45.156241491362728, -22.440283732636335 ], [ 45.159652136328539, -22.435994592187392 ], [ 45.163992950002438, -22.432945598419259 ], [ 45.174431588409391, -22.42891482226127 ], [ 45.197065876750962, -22.422713790409905 ], [ 45.212258736055539, -22.416305767686083 ], [ 45.216444532720026, -22.413256925019553 ], [ 45.219906849727337, -22.409639532030532 ], [ 45.221457147489659, -22.404730320574792 ], [ 45.221147082024785, -22.399459250065583 ], [ 45.219286733009547, -22.388607224066892 ], [ 45.219906858673845, -22.382922923163612 ], [ 45.228123405230228, -22.363130768442499 ], [ 45.231223990113243, -22.359048323657884 ], [ 45.235564815575145, -22.356154501636276 ], [ 45.251532828793671, -22.350676743969878 ], [ 45.255873653116133, -22.34783459499258 ], [ 45.258819208941389, -22.343958841889389 ], [ 45.260214475986913, -22.338997962341409 ], [ 45.259129271075189, -22.33279678828162 ], [ 45.253548216686177, -22.316105308672061 ], [ 45.251997919934169, -22.308508824091987 ], [ 45.251532826062402, -22.301377394330792 ], [ 45.2519979180056, -22.288199963172669 ], [ 45.253858270420487, -22.275797624126007 ], [ 45.255563587365316, -22.270371545104268 ], [ 45.26005944681495, -22.26065648677859 ], [ 45.264710315502697, -22.243964873033764 ], [ 45.267345816391469, -22.239469053782344 ], [ 45.271531613747896, -22.236368545909013 ], [ 45.277577750191661, -22.235283270545199 ], [ 45.290186805674203, -22.234353163283409 ], [ 45.294682657831217, -22.231872727094853 ], [ 45.297628213330015, -22.227841962126359 ], [ 45.301038850388636, -22.217041483795352 ], [ 45.300883816647421, -22.209445009053283 ], [ 45.299488559426152, -22.200505047334151 ], [ 45.29421755984729, -22.186810757129045 ], [ 45.292977326977692, -22.178490868973824 ], [ 45.294527618685514, -22.172599743362756 ], [ 45.31018558097076, -22.15988738699247 ], [ 45.313596225302604, -22.156063315901953 ], [ 45.31607669785727, -22.151412483820565 ], [ 45.317782015510531, -22.146141430950546 ], [ 45.316386754245606, -22.137666529157677 ], [ 45.312355995127241, -22.127124575657078 ], [ 45.300573769118778, -22.109141175496557 ], [ 45.295612829169087, -22.099425986115094 ], [ 45.293132362907158, -22.091209451562033 ], [ 45.293907507414964, -22.085525022076894 ], [ 45.295612824865167, -22.080202300663672 ], [ 45.299953647018185, -22.070177079282463 ], [ 45.300883818556322, -22.064647668684962 ], [ 45.300728788470487, -22.058911568348286 ], [ 45.291582069088967, -22.014108201133229 ], [ 45.288946565478021, -22.007080141408643 ], [ 45.285690954189114, -22.000413939807508 ], [ 45.280264923623378, -21.985531063175454 ], [ 45.265485463161923, -21.962173303061139 ], [ 45.243626339311632, -21.933648002521082 ], [ 45.235564818752422, -21.919643717394514 ], [ 45.231844107919279, -21.909204982647768 ], [ 45.234324580480134, -21.904709179997734 ], [ 45.237270138436379, -21.900471739714874 ], [ 45.244866568517722, -21.893753722354912 ], [ 45.249052364507953, -21.891014933220188 ], [ 45.25943932279494, -21.887862614498616 ], [ 45.271841663852165, -21.886157274097297 ], [ 45.313751251106176, -21.886157274097297 ], [ 45.354885698650399, -21.877217343287587 ], [ 45.359691596997919, -21.874840111318793 ], [ 45.363412310524538, -21.871377908726188 ], [ 45.365582715886816, -21.866365233191569 ], [ 45.368683300064689, -21.855099744804686 ], [ 45.370543658440035, -21.84993220295215 ], [ 45.373489205610973, -21.845797959340796 ], [ 45.376899860330099, -21.842129067983173 ], [ 45.381705760291617, -21.839648491922027 ], [ 45.387028432781541, -21.837736462607893 ], [ 45.398500605782267, -21.834946002409787 ], [ 45.403771602621319, -21.832982300765924 ], [ 45.408422485219127, -21.830501875107014 ], [ 45.411988158075687, -21.826729489207104 ], [ 45.414778676652254, -21.822285211999397 ], [ 45.437567984954796, -21.695832995325816 ], [ 45.43942833425232, -21.690406947905053 ], [ 45.44175378065902, -21.685601119068107 ], [ 45.44469933981204, -21.681415358542235 ], [ 45.448109983746406, -21.677591304548955 ], [ 45.45234744529963, -21.674645680497608 ], [ 45.456998327971789, -21.672165257801232 ], [ 45.462424353691418, -21.670356575595754 ], [ 45.468315461278095, -21.669374650882876 ], [ 45.502576939960242, -21.668754582779318 ], [ 45.515030960674473, -21.666790883591162 ], [ 45.526503122759657, -21.663845259751564 ], [ 45.531619090533958, -21.661829888287507 ], [ 45.535959915348023, -21.659142776446952 ], [ 45.539680616989045, -21.655577084705136 ], [ 45.542006062107419, -21.650977946325341 ], [ 45.543091264110856, -21.645861934529123 ], [ 45.541695997535747, -21.634906498807052 ], [ 45.539370560810426, -21.624932988264611 ], [ 45.539215529836412, -21.621367297294452 ], [ 45.539680618753145, -21.617439900126659 ], [ 45.542316115753231, -21.613874209319459 ], [ 45.561901479287165, -21.605140835760395 ], [ 45.565622192042255, -21.601730312386575 ], [ 45.568102653971899, -21.597131025325876 ], [ 45.569187859110954, -21.591549964362141 ], [ 45.569497916694964, -21.585865558948242 ], [ 45.568877802514926, -21.579819447524262 ], [ 45.552237992245949, -21.513828657548849 ], [ 45.551307815616823, -21.508299271378934 ], [ 45.551617874248691, -21.502769885358685 ], [ 45.557353955308109, -21.480704015025193 ], [ 45.557974076974659, -21.474451217721938 ], [ 45.557560665342429, -21.461428750605101 ], [ 45.551307810655871, -21.434195205999185 ], [ 45.550532665084233, -21.428614149532436 ], [ 45.551462841991317, -21.422878076367748 ], [ 45.553788285881687, -21.418382288106596 ], [ 45.591357053663423, -21.377041167846329 ], [ 45.593992543902161, -21.372700246931672 ], [ 45.596162962570197, -21.3676877368585 ], [ 45.597558226599666, -21.361951664976669 ], [ 45.598178334325738, -21.355905409421442 ], [ 45.596938107543153, -21.338128799901497 ], [ 45.598178340296307, -21.332651089850106 ], [ 45.600968861197643, -21.328310169553784 ], [ 45.604689573298877, -21.324899650359278 ], [ 45.609495474044223, -21.322419081608103 ], [ 45.620864294460162, -21.319680301803093 ], [ 45.624895051129421, -21.316838027297621 ], [ 45.627840611512198, -21.312548929664487 ], [ 45.631871367633508, -21.302213577496399 ], [ 45.634351842385946, -21.297562774261284 ], [ 45.637452430064869, -21.293635382619211 ], [ 45.641483188204425, -21.290431402547398 ], [ 45.64675418431402, -21.288519379009255 ], [ 45.652645293417514, -21.28733076700528 ], [ 45.658071319158999, -21.285418743481969 ], [ 45.661481964548834, -21.281594696462488 ], [ 45.664272497316077, -21.276995565720046 ], [ 45.668148227029391, -21.273739913529337 ], [ 45.678121780703883, -21.269709177618235 ], [ 45.69145430235168, -21.261957739400202 ], [ 45.702926467105634, -21.259735607395054 ], [ 45.70804243528719, -21.257565222753993 ], [ 45.712693312067586, -21.255136401778319 ], [ 45.717809279883866, -21.253017689406612 ], [ 45.737084589955387, -21.25110566603448 ], [ 45.742820671349641, -21.249607020648746 ], [ 45.747781612734002, -21.247281619313295 ], [ 45.751657341562542, -21.244025967336395 ], [ 45.754447867640003, -21.239685123102277 ], [ 45.756928336506959, -21.234879228692918 ], [ 45.758633659235912, -21.22940152003401 ], [ 45.761424186183852, -21.204390126037211 ], [ 45.760494011547586, -21.192142828187993 ], [ 45.741425411231745, -21.090805380705461 ], [ 45.741735466486247, -21.084810875455307 ], [ 45.743440790984678, -21.079849965167536 ], [ 45.746541376699149, -21.076232608153692 ], [ 45.758013541719166, -21.066310712496868 ], [ 45.76452477236527, -21.058042478642051 ], [ 45.77770226192812, -21.035098127803906 ], [ 45.780079380654549, -21.030033873044225 ], [ 45.781733023660955, -21.024866198697744 ], [ 45.782973260895126, -21.019801943921689 ], [ 45.790466343696686, -20.929109804172715 ], [ 45.793411902428666, -20.917689337453194 ], [ 45.793256871967827, -20.908542599446349 ], [ 45.791396518236233, -20.895985192781346 ], [ 45.784420202793527, -20.872265754577207 ], [ 45.781939731837475, -20.85976001930835 ], [ 45.781422967911539, -20.850354919067001 ], [ 45.782559849660714, -20.838262636307011 ], [ 45.782249790195792, -20.826222025452783 ], [ 45.782869909220985, -20.820434282580134 ], [ 45.789226111126943, -20.791547164040239 ], [ 45.791086459274872, -20.786431159968899 ], [ 45.796512483649984, -20.777439436017172 ], [ 45.798837923676928, -20.772633540393198 ], [ 45.800543244783583, -20.767104157948349 ], [ 45.802403602201608, -20.74777722986077 ], [ 45.80364383268126, -20.741731049218824 ], [ 45.8058142458869, -20.736615119444465 ], [ 45.809379919333985, -20.73289441587708 ], [ 45.814340853670572, -20.730723955370351 ], [ 45.833874546793588, -20.728553569952027 ], [ 45.839507276757587, -20.726848234923722 ], [ 45.843538041037682, -20.72374767354879 ], [ 45.846483595362969, -20.719458499750292 ], [ 45.847568800968283, -20.713722427227644 ], [ 45.84803388716395, -20.707469556767588 ], [ 45.844003124634924, -20.660030577126193 ], [ 45.818216585921071, -20.553732181853334 ], [ 45.817751497634717, -20.54484383120715 ], [ 45.819611852110469, -20.5397278968926 ], [ 45.82178226019979, -20.534921958757941 ], [ 45.823487583708115, -20.529547625031789 ], [ 45.825813022273735, -20.517506998919664 ], [ 45.827208285615605, -20.499058515727921 ], [ 45.828603551103726, -20.494562685507859 ], [ 45.829998814458101, -20.491358738434812 ], [ 45.839817337859138, -20.476010855085292 ], [ 45.841781038792483, -20.470791498905214 ], [ 45.843072949404359, -20.465055419203864 ], [ 45.843538039094277, -20.452136321016599 ], [ 45.843072951052513, -20.445831807314921 ], [ 45.834649693921335, -20.406402688715684 ], [ 45.834339633102246, -20.400459879546545 ], [ 45.834959751830823, -20.394413762959445 ], [ 45.838060337736806, -20.383510030920746 ], [ 45.842297805414134, -20.373536475739538 ], [ 45.843848097159025, -20.367955409294026 ], [ 45.84384809883376, -20.360048935650404 ], [ 45.842452832406437, -20.350385412979648 ], [ 45.825037875515463, -20.281604091025788 ], [ 45.823797641494757, -20.273594248344043 ], [ 45.823487583599743, -20.254680680709775 ], [ 45.810465122114771, -20.202384126872047 ], [ 45.801783481348799, -20.184194017781994 ], [ 45.797907748907754, -20.173186940410588 ], [ 45.796047397820736, -20.165125417426978 ], [ 45.796202426863289, -20.150397638843756 ], [ 45.795582310105516, -20.140372409942724 ], [ 45.792636753268447, -20.132310884367612 ], [ 45.786435580448824, -20.121665536938671 ], [ 45.784833611760718, -20.114534189691931 ], [ 45.785143670426962, -20.108333021832873 ], [ 45.786590611532695, -20.102751970421885 ], [ 45.787210727872441, -20.096912528050524 ], [ 45.78659061117893, -20.078153983582194 ], [ 45.787210727826981, -20.071849458962468 ], [ 45.788916050510032, -20.066423437029144 ], [ 45.791706577214057, -20.062082612683341 ], [ 45.795427280274879, -20.058620291318963 ], [ 45.803798861650755, -20.052884210028072 ], [ 45.807829623865388, -20.049680269699124 ], [ 45.810465122222951, -20.045081067865901 ], [ 45.811395298306451, -20.03929330850606 ], [ 45.809534946284188, -20.025185642047894 ], [ 45.810310092610472, -20.019087822709505 ], [ 45.814495883660115, -20.007874036826873 ], [ 45.816046177290019, -20.000432630971002 ], [ 45.81496096592533, -19.994903179209334 ], [ 45.812015409255025, -19.990717388440405 ], [ 45.80782963530347, -19.987668697815369 ], [ 45.79341190528072, -19.980330569945817 ], [ 45.785040309257838, -19.974439277946715 ], [ 45.78007937269858, -19.970098468000224 ], [ 45.775221796249483, -19.964259148475673 ], [ 45.768865605143546, -19.954182363314651 ], [ 45.767315306636135, -19.946637541664852 ], [ 45.768090440602876, -19.940591229162543 ], [ 45.775996939279146, -19.927103738867586 ], [ 45.778012324676034, -19.922039507937079 ], [ 45.779562626034597, -19.916406876305327 ], [ 45.781939738658494, -19.891550470339617 ], [ 45.783903444354522, -19.882713823787299 ], [ 45.806020953646119, -19.904572911063728 ], [ 45.831549108258073, -19.917957059242319 ], [ 45.838680449601, -19.918938841755125 ], [ 45.847413767207613, -19.918887168991557 ], [ 45.855785356662686, -19.917543677128414 ], [ 45.861986521591028, -19.914546356322358 ], [ 45.871753381679859, -19.907776923284686 ], [ 45.878884708518839, -19.907311567930314 ], [ 45.88611941991649, -19.909585470216648 ], [ 45.909012078461991, -19.914081301426307 ], [ 45.958208042445413, -19.935010271460019 ], [ 46.022751910929898, -19.938420973595541 ], [ 46.029418171917136, -19.942400075850777 ], [ 46.042440636724315, -19.954389054286516 ], [ 46.050037069877405, -19.958884883227867 ], [ 46.057116742064458, -19.958988228708353 ], [ 46.075255161852589, -19.95593923656012 ], [ 46.084195191783216, -19.958884883227867 ], [ 46.095150586326739, -19.973250805122259 ], [ 46.100473259855079, -20.008390802174208 ], [ 46.108379753898717, -20.024410495346032 ], [ 46.125329623657564, -20.03407398885226 ], [ 46.141969435044388, -20.036037692823804 ], [ 46.154785190670324, -20.041515396115503 ], [ 46.159901156670792, -20.061927585753363 ], [ 46.162691684683558, -20.083683363924621 ], [ 46.170133090452069, -20.082753183778831 ], [ 46.194059278714271, -20.055106297307091 ], [ 46.218657260979931, -20.038828220558614 ], [ 46.227907342080357, -20.029888196997302 ], [ 46.235658806628123, -20.013506768270386 ], [ 46.24842288615816, -20.024100436663421 ], [ 46.278446892935293, -20.038724866116393 ], [ 46.289609002250856, -20.047664891153218 ], [ 46.296533644312127, -20.0618759085453 ], [ 46.297877232502103, -20.078050633878007 ], [ 46.291882765534851, -20.091176449096768 ], [ 46.276586542291476, -20.09608571180063 ], [ 46.284544711655066, -20.10864307554111 ], [ 46.294621616301228, -20.132672619864536 ], [ 46.303923373817923, -20.143886410234536 ], [ 46.280100539682479, -20.157218929982204 ], [ 46.276121453393991, -20.17298023181219 ], [ 46.286095004580829, -20.189723401649037 ], [ 46.303923373933635, -20.205949806904993 ], [ 46.344179315509358, -20.231943049985624 ], [ 46.367123651810431, -20.242536723253544 ], [ 46.386450637239406, -20.246929217054863 ], [ 46.399369744627442, -20.243931972534078 ], [ 46.423295932960066, -20.230289400863576 ], [ 46.434871454159776, -20.226413668265572 ], [ 46.447222120293908, -20.226982102545932 ], [ 46.456627231612664, -20.230547781780214 ], [ 46.465205519545243, -20.235353693008094 ], [ 46.48530765169096, -20.242485032054716 ], [ 46.504324578101787, -20.246360764098974 ], [ 46.516520216987729, -20.246929217054863 ], [ 46.52535688719329, -20.249564717009598 ], [ 46.530989617346343, -20.255972585009232 ], [ 46.536312289837191, -20.263724048055348 ], [ 46.544115431068292, -20.270493659694459 ], [ 46.567318149315987, -20.271475510585109 ], [ 46.586335076818642, -20.256230965867388 ], [ 46.603026564231421, -20.239384461344962 ], [ 46.619201288306016, -20.236025490870304 ], [ 46.685967237999797, -20.268013196226349 ], [ 46.707981398372546, -20.27421437357469 ], [ 46.732320997925413, -20.272095635826911 ], [ 46.748857455822233, -20.262897233115986 ], [ 46.762965121966872, -20.25840137631883 ], [ 46.77996666751109, -20.270493659694459 ], [ 46.799397006822254, -20.27989877021054 ], [ 46.81924075659785, -20.273129159113005 ], [ 46.835673863382837, -20.26258717985926 ], [ 46.845130649261456, -20.260571786729532 ], [ 46.870297071708976, -20.259073174045231 ], [ 46.875878126492893, -20.256696055165882 ], [ 46.879908888508176, -20.253595466065956 ], [ 46.883629591805459, -20.250184823592285 ], [ 46.890140822236667, -20.242381687209615 ], [ 46.912981805547766, -20.222486263100684 ], [ 46.943987665082126, -20.189465020635605 ], [ 46.952824334738487, -20.176855966329224 ], [ 46.956234978899374, -20.173135267955114 ], [ 46.969464145937437, -20.164040220667037 ], [ 46.97551028775618, -20.161404718633008 ], [ 46.985122104675135, -20.160009449509566 ], [ 46.99132327631056, -20.161249682472565 ], [ 46.996284214851727, -20.163265077434918 ], [ 47.007446322562458, -20.170086348944267 ], [ 47.026411574315169, -20.178406271361705 ], [ 47.034473098283783, -20.179491467972124 ], [ 47.041139357384694, -20.178716324854925 ], [ 47.071370069589939, -20.166055596798621 ], [ 47.117465448012261, -20.163833512050445 ], [ 47.125423618339788, -20.162334898038161 ], [ 47.145112339009643, -20.153549903367455 ], [ 47.162165562132067, -20.15029428452177 ], [ 47.179683871579556, -20.150087575877485 ], [ 47.188882276838733, -20.148743988455632 ], [ 47.194308303475111, -20.145126643393461 ], [ 47.195703565203388, -20.139700611475433 ], [ 47.20081953236631, -20.10972828228849 ], [ 47.201439650167963, -20.091589857243779 ], [ 47.202989942944001, -20.086163831751296 ], [ 47.205470411744287, -20.081564631720319 ], [ 47.208570997986421, -20.077378839674754 ], [ 47.215547316183454, -20.070144139426773 ], [ 47.219423048710766, -20.066888522489915 ], [ 47.232600538510866, -20.058671968528859 ], [ 47.236941359360117, -20.055106297307091 ], [ 47.241798943907838, -20.051954034269311 ], [ 47.248930291554764, -20.049731946914033 ], [ 47.254666376304513, -20.050455418531651 ], [ 47.259007196096256, -20.05324594582515 ], [ 47.261952751649268, -20.057380057049084 ], [ 47.264898309382886, -20.062806084204091 ], [ 47.269084099510927, -20.068128756632753 ], [ 47.276680536241209, -20.073864841676389 ], [ 47.283346794968416, -20.075363457036225 ], [ 47.288462762110292, -20.073864841676389 ], [ 47.292183465163355, -20.070454197953218 ], [ 47.306962925433872, -20.052625828656144 ], [ 47.309443394005839, -20.050610445480913 ], [ 47.313474154560303, -20.048491712524335 ], [ 47.332542758594968, -20.042858980343556 ], [ 47.343859898370539, -20.040740247207037 ], [ 47.351663038864395, -20.040895278866902 ], [ 47.357864210470353, -20.042548921724375 ], [ 47.362515089686667, -20.045184422300899 ], [ 47.374762404400869, -20.054434502938403 ], [ 47.379723341773527, -20.056604912968989 ], [ 47.441631708150666, -20.072159517483268 ], [ 47.452018670004541, -20.073089693039517 ], [ 47.459305046711641, -20.071694432048726 ], [ 47.463180780039842, -20.068387137961427 ], [ 47.466178012927124, -20.064201350021833 ], [ 47.468348423305216, -20.059240413141747 ], [ 47.471449008424351, -20.053969412720996 ], [ 47.47609988766871, -20.049525242748295 ], [ 47.485711704136413, -20.046166275345357 ], [ 47.492377963588957, -20.046476329258155 ], [ 47.498269077294538, -20.048285008355773 ], [ 47.502454868069911, -20.051230562663534 ], [ 47.505710484255879, -20.055106297307091 ], [ 47.510826450271736, -20.065648288330582 ], [ 47.515167271047943, -20.07107431500302 ], [ 47.5204382666846, -20.072262871887997 ], [ 47.525605909691151, -20.071332696323555 ], [ 47.576145461481786, -20.043324070617413 ], [ 47.586584100260758, -20.039344985726846 ], [ 47.61743493013946, -20.034487399600597 ], [ 47.623015985197803, -20.032678724922242 ], [ 47.627201776328604, -20.029836522118114 ], [ 47.641051059695826, -20.015160413979814 ], [ 47.645856968285088, -20.011336357202975 ], [ 47.652058140066799, -20.00864918425998 ], [ 47.662135043577159, -20.006375420940337 ], [ 47.668026156962782, -20.007874036826873 ], [ 47.672056919337727, -20.011284682313025 ], [ 47.673297153598199, -20.01583220746712 ], [ 47.672211947954267, -20.020586438967424 ], [ 47.66942142093724, -20.024410495346032 ], [ 47.662445102859216, -20.031748548956873 ], [ 47.660119662895227, -20.036037692823804 ], [ 47.659189487759328, -20.040740247207037 ], [ 47.660584750755788, -20.045339449259103 ], [ 47.663685337239599, -20.048905125554121 ], [ 47.668956332918988, -20.051643975680982 ], [ 47.675622592724878, -20.053556004408097 ], [ 47.698928663865807, -20.057896824459618 ], [ 47.704044630700125, -20.059912202781387 ], [ 47.708695509847637, -20.062496025652187 ], [ 47.712416212943687, -20.065958346871977 ], [ 47.715051711194668, -20.069058932229076 ], [ 47.717842238426478, -20.075208430128274 ] ] ] } },
{ "type": "Feature", "properties": { "source": "https://simplemaps.com", "id": "MGU", "name": "Toliara", "color_id": 3, "changing": false, "mainFeature": false, "new_color_id": 3 }, "geometry": { "type": "Polygon", "coordinates": [ [ [ 44.271798041986784, -19.146050568640874 ], [ 44.272161086466788, -19.146117863927714 ], [ 44.294278603169509, -19.150200344444968 ], [ 44.336343215653706, -19.16518646249461 ], [ 44.370449664373687, -19.169165595998908 ], [ 44.391740351309295, -19.174436558204558 ], [ 44.400732050045818, -19.174643250818292 ], [ 44.410653913355588, -19.172317658466387 ], [ 44.431737907348086, -19.165651520913823 ], [ 44.443416787774296, -19.164101326175537 ], [ 44.454888956805377, -19.163791287225266 ], [ 44.464345740766227, -19.164566384599304 ], [ 44.47364748878104, -19.166684984060637 ], [ 44.48108890506596, -19.169475634934134 ], [ 44.48729008346573, -19.17262799781809 ], [ 44.494266400148369, -19.177847286706651 ], [ 44.507340536125923, -19.192264996413481 ], [ 44.548630004068023, -19.249057373219017 ], [ 44.555761339840764, -19.256033544367885 ], [ 44.565373156585153, -19.260839444361906 ], [ 44.588782575667516, -19.266317094571161 ], [ 44.60185673252262, -19.267092491641225 ], [ 44.629761998668791, -19.263888458380588 ], [ 44.651931188322656, -19.268539338696897 ], [ 44.664385207172096, -19.268849377349138 ], [ 44.681593465230463, -19.267454203406974 ], [ 44.698956747958519, -19.276600944213722 ], [ 44.707328325783742, -19.277479386993267 ], [ 44.726758664585759, -19.272725160851589 ], [ 44.737145628154252, -19.272570141531205 ], [ 44.766601179930767, -19.284817268000658 ], [ 44.78494632865992, -19.295721193011094 ], [ 44.795023233079128, -19.300372071940551 ], [ 44.81781253176225, -19.306573143387819 ], [ 44.829439743488606, -19.308433675048718 ], [ 44.841118595227165, -19.308123336086709 ], [ 44.874915003327921, -19.299131917692588 ], [ 44.886697214025155, -19.293085564676588 ], [ 44.898376097971649, -19.281561862593232 ], [ 44.906747667083536, -19.265541997920568 ], [ 44.91527429008049, -19.253863273524452 ], [ 44.929536977933815, -19.246060031899898 ], [ 44.941474232671126, -19.241719189342838 ], [ 44.952843060228496, -19.23908386010627 ], [ 44.963695106968814, -19.239910630069751 ], [ 44.983228783591443, -19.247610225476151 ], [ 45.009325394585382, -19.254328331566008 ], [ 45.017852010988129, -19.258049096251248 ], [ 45.027308785242901, -19.260632751911743 ], [ 45.03878095970817, -19.259392597202446 ], [ 45.053818795920783, -19.251175971042137 ], [ 45.07650474451524, -19.24730018676269 ], [ 45.097278675261926, -19.246421743736345 ], [ 45.107355574128853, -19.242700978649843 ], [ 45.114073520467045, -19.236189864759186 ], [ 45.11407352956352, -19.224924522226932 ], [ 45.108905879944935, -19.21670789344989 ], [ 45.101309433117066, -19.209576399934424 ], [ 45.058831410911104, -19.180430944270388 ], [ 45.051338336736642, -19.17386815351486 ], [ 45.045137150552371, -19.167201715630405 ], [ 45.03831587559317, -19.154902902765244 ], [ 45.035215283634159, -19.146582922426745 ], [ 45.033820020614897, -19.136867765860146 ], [ 45.036765567468471, -19.124620322399004 ], [ 45.047617625291977, -19.109014120706544 ], [ 45.054438928723584, -19.096301915933836 ], [ 45.058366318653363, -19.081263815068258 ], [ 45.057591183211528, -19.069171685613536 ], [ 45.054128866280649, -19.058578077882927 ], [ 45.049322957933413, -19.049069606609123 ], [ 45.045602257411794, -19.038889382749765 ], [ 45.035060260012926, -18.991708723134678 ], [ 45.028393993721714, -18.973466867542886 ], [ 45.026068562404362, -18.962253172107491 ], [ 45.022192827654415, -18.952744692989242 ], [ 45.017076850724088, -18.945096450371164 ], [ 45.009170369642575, -18.942306094469359 ], [ 45.002504102021604, -18.939102052001616 ], [ 44.998111598961522, -18.935794662926234 ], [ 44.994390908636944, -18.928146719648385 ], [ 44.99175540594247, -18.919103297227373 ], [ 44.992685571553224, -18.9065974644314 ], [ 44.997801536780194, -18.892231392291649 ], [ 45.008860303002066, -18.870579084533503 ], [ 45.012581007869123, -18.855334562134434 ], [ 45.013356148736669, -18.841485216979788 ], [ 45.006379824480803, -18.808050483783052 ], [ 45.002814166662802, -18.799627432755685 ], [ 44.999248494798941, -18.794098087148914 ], [ 44.994287559876646, -18.788775434590296 ], [ 44.973151891403944, -18.770275181980431 ], [ 44.959664348032426, -18.743920278654905 ], [ 44.958579143438349, -18.733843375910265 ], [ 44.961989773349153, -18.721854258018638 ], [ 44.96059451091795, -18.711622333487171 ], [ 44.956098677105189, -18.703095929378492 ], [ 44.942611127826105, -18.68795473351766 ], [ 44.937753537941575, -18.679221333968858 ], [ 44.935428097269728, -18.669247772948076 ], [ 44.934807978904502, -18.649093955130965 ], [ 44.927211533644538, -18.631110416466178 ], [ 44.906127560016905, -18.53628431310527 ], [ 44.902406855225131, -18.526362414967831 ], [ 44.897600941425139, -18.517422311269236 ], [ 44.874759967802326, -18.48414281681308 ], [ 44.870419139567431, -18.475306057323021 ], [ 44.864993124008947, -18.457632837126329 ], [ 44.861272414366617, -18.448744402543195 ], [ 44.825253949717244, -18.399755256491876 ], [ 44.820137974547443, -18.39117685921515 ], [ 44.816417263393305, -18.382598461439486 ], [ 44.817192428158904, -18.372986893991943 ], [ 44.821533239250989, -18.36451184213081 ], [ 44.838173048244542, -18.338931963617092 ], [ 44.844529260032871, -18.330973945207784 ], [ 44.884216739181198, -18.298882598591955 ], [ 44.910158318263072, -18.285756926748387 ], [ 44.935273071279624, -18.278832375821946 ], [ 44.948037139360345, -18.270925727377183 ], [ 44.957183880940221, -18.262244276191939 ], [ 44.962919954952341, -18.253924238741064 ], [ 44.969431196029042, -18.246172910031653 ], [ 44.984313998517997, -18.232478524518186 ], [ 44.996147891620829, -18.218732464287474 ], [ 45.000902142182703, -18.214443561064193 ], [ 45.014131303613645, -18.20498670329777 ], [ 45.021262657193517, -18.198010475282761 ], [ 45.028704065524131, -18.192326085486034 ], [ 45.037230661990222, -18.190413864043752 ], [ 45.061001819915219, -18.206795277067226 ], [ 45.092317745418434, -18.22105807364321 ], [ 45.102704698206928, -18.228809403585693 ], [ 45.110456171068364, -18.23749115704738 ], [ 45.11794924863748, -18.244105668664407 ], [ 45.127406045520189, -18.247051359922828 ], [ 45.140893588887373, -18.243072198184326 ], [ 45.160117223737544, -18.231910115713102 ], [ 45.198151082991217, -18.214753602264913 ], [ 45.211793659737062, -18.215011969931744 ], [ 45.226263048887382, -18.217854014239087 ], [ 45.251067743219139, -18.227000830066054 ], [ 45.264710311857407, -18.23454546561031 ], [ 45.275717405889012, -18.241987054172981 ], [ 45.291116973938067, -18.254802688588871 ], [ 45.301193876378775, -18.260383729110671 ], [ 45.390439075152287, -18.29764243445192 ], [ 45.403306520438576, -18.299709675107106 ], [ 45.417724226076523, -18.293456579978098 ], [ 45.438188101750328, -18.280847642790189 ], [ 45.445009394924391, -18.274646520838253 ], [ 45.450332073153206, -18.267980336995734 ], [ 45.457308377238817, -18.265964769433086 ], [ 45.467850369224493, -18.266068116466311 ], [ 45.487694126890219, -18.274801541379396 ], [ 45.496065702634411, -18.281622745463313 ], [ 45.501646769462766, -18.289477719853085 ], [ 45.504643986321838, -18.298469210546394 ], [ 45.509449904813835, -18.306789245603635 ], [ 45.515961130170808, -18.313403754266815 ], [ 45.52526288220313, -18.314385550777395 ], [ 45.534564655963493, -18.310716732205531 ], [ 45.543711378476928, -18.301724941802423 ], [ 45.549757519121137, -18.296763984846692 ], [ 45.554873486904661, -18.291286292649925 ], [ 45.574768905809705, -18.287720520117023 ], [ 45.591357057937266, -18.294231983015262 ], [ 45.598953482573627, -18.30213832983922 ], [ 45.627530548521221, -18.344668021550383 ], [ 45.631716335544475, -18.356140136760487 ], [ 45.632026408834129, -18.363426698979307 ], [ 45.620864296865598, -18.374382077952877 ], [ 45.617712039661285, -18.378464583227494 ], [ 45.615541631127059, -18.383528884448463 ], [ 45.614301393103972, -18.389419961091114 ], [ 45.614921504265467, -18.422131069398777 ], [ 45.628770784988077, -18.542330403716921 ], [ 45.622259553463877, -18.59400681753549 ], [ 45.619469038876325, -18.601448387752807 ], [ 45.61605837830006, -18.605013852094682 ], [ 45.612130977081719, -18.608269576403568 ], [ 45.594767691898618, -18.619431629970304 ], [ 45.590891967302198, -18.622739027319351 ], [ 45.587326277690011, -18.626356164484832 ], [ 45.584535754004733, -18.630490335838193 ], [ 45.579729849987949, -18.639843819191324 ], [ 45.576629268435944, -18.643874643365919 ], [ 45.572753544889579, -18.647130366730661 ], [ 45.558904251081579, -18.654519960196893 ], [ 45.555080202559203, -18.65777568330051 ], [ 45.551462836665245, -18.661444492888137 ], [ 45.543556349431555, -18.674932144029214 ], [ 45.540610796969467, -18.679066313868415 ], [ 45.523712587654352, -18.697669625891244 ], [ 45.515651083137932, -18.703716009665165 ], [ 45.50603925171491, -18.712087393671911 ], [ 45.500406530606085, -18.719994017409995 ], [ 45.498856230430526, -18.726660179893372 ], [ 45.499372990790427, -18.732499568505208 ], [ 45.502886987409831, -18.74273149137986 ], [ 45.505574179443407, -18.753893833933144 ], [ 45.510225060255181, -18.803503231995077 ], [ 45.516116166027089, -18.825052204911078 ], [ 45.517976516667204, -18.830116489397739 ], [ 45.524332726212542, -18.858280240348389 ], [ 45.524022652268883, -18.866393247649409 ], [ 45.522472375490636, -18.872853009642238 ], [ 45.519991907206311, -18.877503905878289 ], [ 45.510535119237744, -18.892541732394537 ], [ 45.506659370146572, -18.901171470175171 ], [ 45.501853476007767, -18.917708118981857 ], [ 45.502266870930882, -18.926079488638091 ], [ 45.505264102000062, -18.931505481771865 ], [ 45.510225051413478, -18.933831078997358 ], [ 45.526658154792628, -18.939257071779821 ], [ 45.53130904370861, -18.941841035146041 ], [ 45.535339791422039, -18.944941430600565 ], [ 45.538750441249732, -18.948558858954847 ], [ 45.546656942770007, -18.961633093113345 ], [ 45.564226922237026, -19.007056574637382 ], [ 45.566552366102059, -19.011087386909349 ], [ 45.569963014747934, -19.014911506137231 ], [ 45.573993761793382, -19.01811524611799 ], [ 45.592132185778553, -19.028657184347018 ], [ 45.596473023256131, -19.034600205356337 ], [ 45.601278915129178, -19.042764873848647 ], [ 45.607015007341182, -19.060283293690674 ], [ 45.611510864321907, -19.068499933986871 ], [ 45.616471798244547, -19.074029266914224 ], [ 45.639002711999453, -19.081108795478901 ], [ 45.644583772206303, -19.084829565990947 ], [ 45.650009806833495, -19.092322779841009 ], [ 45.651250032614939, -19.098885575383221 ], [ 45.650474880621125, -19.104828292318384 ], [ 45.645513959361033, -19.115835581608241 ], [ 45.643343535261486, -19.123431839330937 ], [ 45.641638222098855, -19.13604099512192 ], [ 45.643033473481005, -19.143378885635364 ], [ 45.645513960425113, -19.148960188483528 ], [ 45.656055947241903, -19.159605460886553 ], [ 45.668044869742417, -19.175831733339621 ], [ 45.677656689425511, -19.19407355647747 ], [ 45.680447219790402, -19.198311054650187 ], [ 45.68695845829231, -19.205855934011201 ], [ 45.706957228424265, -19.22182383397778 ], [ 45.71672406421451, -19.233295869334754 ], [ 45.723855424164675, -19.240220668804433 ], [ 45.728196253681311, -19.243114664043684 ], [ 45.733053827384083, -19.245336608223354 ], [ 45.738634877825902, -19.246060031899898 ], [ 45.744215937470621, -19.245129915743448 ], [ 45.749176885737057, -19.243114664043684 ], [ 45.762819455331467, -19.235414767891935 ], [ 45.772586298701363, -19.231073924907879 ], [ 45.789071081522088, -19.226164677331763 ], [ 45.794962199845173, -19.225337907263448 ], [ 45.801163367663584, -19.225957984815267 ], [ 45.808294708476652, -19.232055714311407 ], [ 45.810620159391249, -19.239238879474883 ], [ 45.811240269297087, -19.249987489341617 ], [ 45.813255640467588, -19.256756967972628 ], [ 45.82240236694264, -19.275670527896597 ], [ 45.825968050955005, -19.292362141317437 ], [ 45.835889926627324, -19.320060720382063 ], [ 45.838060337793316, -19.329155783579452 ], [ 45.839507276497287, -19.338664230588371 ], [ 45.840540814408541, -19.369153443139865 ], [ 45.836716750513112, -19.393699645633259 ], [ 45.837440209873463, -19.423155080913727 ], [ 45.836406686071797, -19.431320020565863 ], [ 45.83340945557206, -19.435454163173283 ], [ 45.829223673596445, -19.438244806976495 ], [ 45.814030800590693, -19.443102371618416 ], [ 45.810930205900313, -19.444910927384761 ], [ 45.808759805881564, -19.447443205828112 ], [ 45.807519570472337, -19.452197423994907 ], [ 45.809534948641755, -19.507026085995232 ], [ 45.809069851956153, -19.51338216393324 ], [ 45.807209496558912, -19.518549762850334 ], [ 45.804108926053438, -19.524492756633702 ], [ 45.80147341167217, -19.532088984900071 ], [ 45.799768112134608, -19.54583519740147 ], [ 45.80038821010406, -19.553896480715487 ], [ 45.80286869496674, -19.559942818298214 ], [ 45.806434349956163, -19.563456579648157 ], [ 45.810310095214824, -19.569812954383494 ], [ 45.814340857454809, -19.578752976342571 ], [ 45.823952673039102, -19.614513055982862 ], [ 45.845708449110973, -19.663398942899544 ], [ 45.847878869997693, -19.67461286427864 ], [ 45.849274123793542, -19.689702251350905 ], [ 45.851289496383195, -19.699985757241727 ], [ 45.857645698889229, -19.721638196467946 ], [ 45.858575881154323, -19.729183036759601 ], [ 45.855320267447148, -19.767888712805814 ], [ 45.853614938626187, -19.773418007948646 ], [ 45.85144452479782, -19.778378901484324 ], [ 45.845863470222483, -19.786957193959974 ], [ 45.838577102714218, -19.793933627772635 ], [ 45.83046389314778, -19.800238013829322 ], [ 45.823642611754124, -19.807214446635541 ], [ 45.819301790162491, -19.816154446181148 ], [ 45.817751490233107, -19.821632065607506 ], [ 45.814960979253293, -19.840132435136635 ], [ 45.813255651483125, -19.84555838031768 ], [ 45.808139681537199, -19.854653394507569 ], [ 45.783903444354522, -19.882713823787299 ], [ 45.781939738658494, -19.891550470339617 ], [ 45.779562626034597, -19.916406876305327 ], [ 45.778012324676034, -19.922039507937079 ], [ 45.775996939279146, -19.927103738867586 ], [ 45.768090440602876, -19.940591229162543 ], [ 45.767315306636135, -19.946637541664852 ], [ 45.768865605143546, -19.954182363314651 ], [ 45.775221796249483, -19.964259148475673 ], [ 45.78007937269858, -19.970098468000224 ], [ 45.785040309257838, -19.974439277946715 ], [ 45.79341190528072, -19.980330569945817 ], [ 45.80782963530347, -19.987668697815369 ], [ 45.812015409255025, -19.990717388440405 ], [ 45.81496096592533, -19.994903179209334 ], [ 45.816046177290019, -20.000432630971002 ], [ 45.814495883660115, -20.007874036826873 ], [ 45.810310092610472, -20.019087822709505 ], [ 45.809534946284188, -20.025185642047894 ], [ 45.811395298306451, -20.03929330850606 ], [ 45.810465122222951, -20.045081067865901 ], [ 45.807829623865388, -20.049680269699124 ], [ 45.803798861650755, -20.052884210028072 ], [ 45.795427280274879, -20.058620291318963 ], [ 45.791706577214057, -20.062082612683341 ], [ 45.788916050510032, -20.066423437029144 ], [ 45.787210727826981, -20.071849458962468 ], [ 45.78659061117893, -20.078153983582194 ], [ 45.787210727872441, -20.096912528050524 ], [ 45.786590611532695, -20.102751970421885 ], [ 45.785143670426962, -20.108333021832873 ], [ 45.784833611760718, -20.114534189691931 ], [ 45.786435580448824, -20.121665536938671 ], [ 45.792636753268447, -20.132310884367612 ], [ 45.795582310105516, -20.140372409942724 ], [ 45.796202426863289, -20.150397638843756 ], [ 45.796047397820736, -20.165125417426978 ], [ 45.797907748907754, -20.173186940410588 ], [ 45.801783481348799, -20.184194017781994 ], [ 45.810465122114771, -20.202384126872047 ], [ 45.823487583599743, -20.254680680709775 ], [ 45.823797641494757, -20.273594248344043 ], [ 45.825037875515463, -20.281604091025788 ], [ 45.842452832406437, -20.350385412979648 ], [ 45.84384809883376, -20.360048935650404 ], [ 45.843848097159025, -20.367955409294026 ], [ 45.842297805414134, -20.373536475739538 ], [ 45.838060337736806, -20.383510030920746 ], [ 45.834959751830823, -20.394413762959445 ], [ 45.834339633102246, -20.400459879546545 ], [ 45.834649693921335, -20.406402688715684 ], [ 45.843072951052513, -20.445831807314921 ], [ 45.843538039094277, -20.452136321016599 ], [ 45.843072949404359, -20.465055419203864 ], [ 45.841781038792483, -20.470791498905214 ], [ 45.839817337859138, -20.476010855085292 ], [ 45.829998814458101, -20.491358738434812 ], [ 45.828603551103726, -20.494562685507859 ], [ 45.827208285615605, -20.499058515727921 ], [ 45.825813022273735, -20.517506998919664 ], [ 45.823487583708115, -20.529547625031789 ], [ 45.82178226019979, -20.534921958757941 ], [ 45.819611852110469, -20.5397278968926 ], [ 45.817751497634717, -20.54484383120715 ], [ 45.818216585921071, -20.553732181853334 ], [ 45.844003124634924, -20.660030577126193 ], [ 45.84803388716395, -20.707469556767588 ], [ 45.847568800968283, -20.713722427227644 ], [ 45.846483595362969, -20.719458499750292 ], [ 45.843538041037682, -20.72374767354879 ], [ 45.839507276757587, -20.726848234923722 ], [ 45.833874546793588, -20.728553569952027 ], [ 45.814340853670572, -20.730723955370351 ], [ 45.809379919333985, -20.73289441587708 ], [ 45.8058142458869, -20.736615119444465 ], [ 45.80364383268126, -20.741731049218824 ], [ 45.802403602201608, -20.74777722986077 ], [ 45.800543244783583, -20.767104157948349 ], [ 45.798837923676928, -20.772633540393198 ], [ 45.796512483649984, -20.777439436017172 ], [ 45.791086459274872, -20.786431159968899 ], [ 45.789226111126943, -20.791547164040239 ], [ 45.782869909220985, -20.820434282580134 ], [ 45.782249790195792, -20.826222025452783 ], [ 45.782559849660714, -20.838262636307011 ], [ 45.781422967911539, -20.850354919067001 ], [ 45.781939731837475, -20.85976001930835 ], [ 45.784420202793527, -20.872265754577207 ], [ 45.791396518236233, -20.895985192781346 ], [ 45.793256871967827, -20.908542599446349 ], [ 45.793411902428666, -20.917689337453194 ], [ 45.790466343696686, -20.929109804172715 ], [ 45.782973260895126, -21.019801943921689 ], [ 45.781733023660955, -21.024866198697744 ], [ 45.780079380654549, -21.030033873044225 ], [ 45.77770226192812, -21.035098127803906 ], [ 45.76452477236527, -21.058042478642051 ], [ 45.758013541719166, -21.066310712496868 ], [ 45.746541376699149, -21.076232608153692 ], [ 45.743440790984678, -21.079849965167536 ], [ 45.741735466486247, -21.084810875455307 ], [ 45.741425411231745, -21.090805380705461 ], [ 45.760494011547586, -21.192142828187993 ], [ 45.761424186183852, -21.204390126037211 ], [ 45.758633659235912, -21.22940152003401 ], [ 45.756928336506959, -21.234879228692918 ], [ 45.754447867640003, -21.239685123102277 ], [ 45.751657341562542, -21.244025967336395 ], [ 45.747781612734002, -21.247281619313295 ], [ 45.742820671349641, -21.249607020648746 ], [ 45.737084589955387, -21.25110566603448 ], [ 45.717809279883866, -21.253017689406612 ], [ 45.712693312067586, -21.255136401778319 ], [ 45.70804243528719, -21.257565222753993 ], [ 45.702926467105634, -21.259735607395054 ], [ 45.69145430235168, -21.261957739400202 ], [ 45.678121780703883, -21.269709177618235 ], [ 45.668148227029391, -21.273739913529337 ], [ 45.664272497316077, -21.276995565720046 ], [ 45.661481964548834, -21.281594696462488 ], [ 45.658071319158999, -21.285418743481969 ], [ 45.652645293417514, -21.28733076700528 ], [ 45.64675418431402, -21.288519379009255 ], [ 45.641483188204425, -21.290431402547398 ], [ 45.637452430064869, -21.293635382619211 ], [ 45.634351842385946, -21.297562774261284 ], [ 45.631871367633508, -21.302213577496399 ], [ 45.627840611512198, -21.312548929664487 ], [ 45.624895051129421, -21.316838027297621 ], [ 45.620864294460162, -21.319680301803093 ], [ 45.609495474044223, -21.322419081608103 ], [ 45.604689573298877, -21.324899650359278 ], [ 45.600968861197643, -21.328310169553784 ], [ 45.598178340296307, -21.332651089850106 ], [ 45.596938107543153, -21.338128799901497 ], [ 45.598178334325738, -21.355905409421442 ], [ 45.597558226599666, -21.361951664976669 ], [ 45.596162962570197, -21.3676877368585 ], [ 45.593992543902161, -21.372700246931672 ], [ 45.591357053663423, -21.377041167846329 ], [ 45.553788285881687, -21.418382288106596 ], [ 45.551462841991317, -21.422878076367748 ], [ 45.550532665084233, -21.428614149532436 ], [ 45.551307810655871, -21.434195205999185 ], [ 45.557560665342429, -21.461428750605101 ], [ 45.557974076974659, -21.474451217721938 ], [ 45.557353955308109, -21.480704015025193 ], [ 45.551617874248691, -21.502769885358685 ], [ 45.551307815616823, -21.508299271378934 ], [ 45.552237992245949, -21.513828657548849 ], [ 45.568877802514926, -21.579819447524262 ], [ 45.569497916694964, -21.585865558948242 ], [ 45.569187859110954, -21.591549964362141 ], [ 45.568102653971899, -21.597131025325876 ], [ 45.565622192042255, -21.601730312386575 ], [ 45.561901479287165, -21.605140835760395 ], [ 45.542316115753231, -21.613874209319459 ], [ 45.539680618753145, -21.617439900126659 ], [ 45.539215529836412, -21.621367297294452 ], [ 45.539370560810426, -21.624932988264611 ], [ 45.541695997535747, -21.634906498807052 ], [ 45.543091264110856, -21.645861934529123 ], [ 45.542006062107419, -21.650977946325341 ], [ 45.539680616989045, -21.655577084705136 ], [ 45.535959915348023, -21.659142776446952 ], [ 45.531619090533958, -21.661829888287507 ], [ 45.526503122759657, -21.663845259751564 ], [ 45.515030960674473, -21.666790883591162 ], [ 45.502576939960242, -21.668754582779318 ], [ 45.468315461278095, -21.669374650882876 ], [ 45.462424353691418, -21.670356575595754 ], [ 45.456998327971789, -21.672165257801232 ], [ 45.45234744529963, -21.674645680497608 ], [ 45.448109983746406, -21.677591304548955 ], [ 45.44469933981204, -21.681415358542235 ], [ 45.44175378065902, -21.685601119068107 ], [ 45.43942833425232, -21.690406947905053 ], [ 45.437567984954796, -21.695832995325816 ], [ 45.414778676652254, -21.822285211999397 ], [ 45.411988158075687, -21.826729489207104 ], [ 45.408422485219127, -21.830501875107014 ], [ 45.403771602621319, -21.832982300765924 ], [ 45.398500605782267, -21.834946002409787 ], [ 45.387028432781541, -21.837736462607893 ], [ 45.381705760291617, -21.839648491922027 ], [ 45.376899860330099, -21.842129067983173 ], [ 45.373489205610973, -21.845797959340796 ], [ 45.370543658440035, -21.84993220295215 ], [ 45.368683300064689, -21.855099744804686 ], [ 45.365582715886816, -21.866365233191569 ], [ 45.363412310524538, -21.871377908726188 ], [ 45.359691596997919, -21.874840111318793 ], [ 45.354885698650399, -21.877217343287587 ], [ 45.313751251106176, -21.886157274097297 ], [ 45.271841663852165, -21.886157274097297 ], [ 45.25943932279494, -21.887862614498616 ], [ 45.249052364507953, -21.891014933220188 ], [ 45.244866568517722, -21.893753722354912 ], [ 45.237270138436379, -21.900471739714874 ], [ 45.234324580480134, -21.904709179997734 ], [ 45.231844107919279, -21.909204982647768 ], [ 45.235564818752422, -21.919643717394514 ], [ 45.243626339311632, -21.933648002521082 ], [ 45.265485463161923, -21.962173303061139 ], [ 45.280264923623378, -21.985531063175454 ], [ 45.285690954189114, -22.000413939807508 ], [ 45.288946565478021, -22.007080141408643 ], [ 45.291582069088967, -22.014108201133229 ], [ 45.300728788470487, -22.058911568348286 ], [ 45.300883818556322, -22.064647668684962 ], [ 45.299953647018185, -22.070177079282463 ], [ 45.295612824865167, -22.080202300663672 ], [ 45.293907507414964, -22.085525022076894 ], [ 45.293132362907158, -22.091209451562033 ], [ 45.295612829169087, -22.099425986115094 ], [ 45.300573769118778, -22.109141175496557 ], [ 45.312355995127241, -22.127124575657078 ], [ 45.316386754245606, -22.137666529157677 ], [ 45.317782015510531, -22.146141430950546 ], [ 45.31607669785727, -22.151412483820565 ], [ 45.313596225302604, -22.156063315901953 ], [ 45.31018558097076, -22.15988738699247 ], [ 45.294527618685514, -22.172599743362756 ], [ 45.292977326977692, -22.178490868973824 ], [ 45.29421755984729, -22.186810757129045 ], [ 45.299488559426152, -22.200505047334151 ], [ 45.300883816647421, -22.209445009053283 ], [ 45.301038850388636, -22.217041483795352 ], [ 45.297628213330015, -22.227841962126359 ], [ 45.294682657831217, -22.231872727094853 ], [ 45.290186805674203, -22.234353163283409 ], [ 45.277577750191661, -22.235283270545199 ], [ 45.271531613747896, -22.236368545909013 ], [ 45.267345816391469, -22.239469053782344 ], [ 45.264710315502697, -22.243964873033764 ], [ 45.26005944681495, -22.26065648677859 ], [ 45.255563587365316, -22.270371545104268 ], [ 45.253858270420487, -22.275797624126007 ], [ 45.2519979180056, -22.288199963172669 ], [ 45.251532826062402, -22.301377394330792 ], [ 45.251997919934169, -22.308508824091987 ], [ 45.253548216686177, -22.316105308672061 ], [ 45.259129271075189, -22.33279678828162 ], [ 45.260214475986913, -22.338997962341409 ], [ 45.258819208941389, -22.343958841889389 ], [ 45.255873653116133, -22.34783459499258 ], [ 45.251532828793671, -22.350676743969878 ], [ 45.235564815575145, -22.356154501636276 ], [ 45.231223990113243, -22.359048323657884 ], [ 45.228123405230228, -22.363130768442499 ], [ 45.219906858673845, -22.382922923163612 ], [ 45.219286733009547, -22.388607224066892 ], [ 45.221147082024785, -22.399459250065583 ], [ 45.221457147489659, -22.404730320574792 ], [ 45.219906849727337, -22.409639532030532 ], [ 45.216444532720026, -22.413256925019553 ], [ 45.212258736055539, -22.416305767686083 ], [ 45.197065876750962, -22.422713790409905 ], [ 45.174431588409391, -22.42891482226127 ], [ 45.163992950002438, -22.432945598419259 ], [ 45.159652136328539, -22.435994592187392 ], [ 45.156241491362728, -22.440283732636335 ], [ 45.154536161740452, -22.445761347228647 ], [ 45.153450959255856, -22.451755840302123 ], [ 45.15174564346556, -22.457026914909466 ], [ 45.149110142797504, -22.461832784616309 ], [ 45.146009557268272, -22.46596690836061 ], [ 45.142443886160585, -22.469687649996001 ], [ 45.1362427038002, -22.477904075726254 ], [ 45.0937130047691, -22.550354493292936 ], [ 45.086426628243828, -22.572161946936856 ], [ 45.084256223024106, -22.584409322032787 ], [ 45.081930783793418, -22.61081597745946 ], [ 45.078675153442191, -22.622339639106197 ], [ 45.073869266242774, -22.631848359056249 ], [ 45.045602255071245, -22.667970152989351 ], [ 45.043121784820869, -22.672724366300738 ], [ 45.04110640054904, -22.677840290817578 ], [ 45.040021188533622, -22.683472945572714 ], [ 45.040176235000445, -22.689622631146136 ], [ 45.040951369181009, -22.696133727891034 ], [ 45.049943062585626, -22.719904810299688 ], [ 45.051028261166515, -22.725537469279466 ], [ 45.05164839490125, -22.731583813436654 ], [ 45.051545033006029, -22.737939896003301 ], [ 45.050304790957867, -22.743727575929245 ], [ 45.043586878460864, -22.757835517732751 ], [ 45.042036586849179, -22.762228027362745 ], [ 45.041416449029818, -22.765896814148746 ], [ 45.04048627265891, -22.779797769033969 ], [ 45.039401067354262, -22.784500318893546 ], [ 45.037850774485065, -22.789151196089794 ], [ 45.035370303962573, -22.79395709293847 ], [ 45.029324164015783, -22.802845464665168 ], [ 45.025138369650008, -22.812922319190211 ], [ 45.01444136398483, -22.852093248070858 ], [ 45.006224803999622, -22.872401997693025 ], [ 45.005604678826785, -22.87855140455644 ], [ 45.006069782175743, -22.88521784432233 ], [ 45.009015335293583, -22.900203968085481 ], [ 45.009635457112488, -22.913639900233267 ], [ 45.010565623797099, -22.920202697826618 ], [ 45.012425967567147, -22.926403783776991 ], [ 45.01583662740294, -22.933380269275307 ], [ 45.019092242069554, -22.938289526156886 ], [ 45.023743119323328, -22.948159714634805 ], [ 45.025293410830194, -22.953430685709929 ], [ 45.028083944451311, -22.971724219402173 ], [ 45.029634229786502, -22.978028658447244 ], [ 45.032424746250335, -22.985159870768037 ], [ 45.035215273669529, -22.990017459614858 ], [ 45.038005804091362, -22.994306642780927 ], [ 45.040796341588958, -22.997407340609019 ], [ 45.049167934791853, -23.005158935851657 ], [ 45.059141478436281, -23.016475990794117 ], [ 45.088752060349023, -23.044329416666972 ], [ 45.09448815179212, -23.047843504573461 ], [ 45.102394655769338, -23.05094420593889 ], [ 45.117639190761643, -23.053372853486231 ], [ 45.127251005323714, -23.05373456696163 ], [ 45.166783475288746, -23.048980318226967 ], [ 45.173036322075966, -23.049135338272784 ], [ 45.191794878730832, -23.051874326261078 ], [ 45.198151081234549, -23.051667632854524 ], [ 45.21504926684139, -23.04805019796293 ], [ 45.220630317138571, -23.048980318226967 ], [ 45.225487912193209, -23.051977672964707 ], [ 45.228433458023218, -23.058953876420301 ], [ 45.23184411947517, -23.071046345454551 ], [ 45.237270124282048, -23.079986140332455 ], [ 45.240525746502072, -23.083861944678112 ], [ 45.245641720144562, -23.0925953489064 ], [ 45.250137565463341, -23.108976720233603 ], [ 45.251997917514252, -23.113937668916254 ], [ 45.256183714372618, -23.118123516735782 ], [ 45.262074811211448, -23.121223922464136 ], [ 45.273547000516714, -23.122257691514971 ], [ 45.295612817830339, -23.120758861591188 ], [ 45.308635297511422, -23.122257691514971 ], [ 45.326463669779884, -23.126753580734384 ], [ 45.333181606238121, -23.126960274482876 ], [ 45.339537783792998, -23.126339892813341 ], [ 45.345273874815234, -23.124893036614225 ], [ 45.358689376283877, -23.11533946072845 ], [ 45.358916450405282, -23.11517783106591 ], [ 45.364497507933287, -23.104377485975313 ], [ 45.379173613151977, -23.084016964841737 ], [ 45.378450159748446, -23.000353018754335 ], [ 45.399482467484077, -22.879171782983374 ], [ 45.415243780337704, -22.86010318619639 ], [ 45.611200796500917, -22.755716622406858 ], [ 45.802093535923618, -22.683472945572714 ], [ 45.850566032843886, -22.674016190523233 ], [ 45.864725379967581, -22.673086077080097 ], [ 45.929165883946219, -22.678822077312134 ], [ 45.972005653397815, -22.677581925953412 ], [ 45.995518420298055, -22.683782983442018 ], [ 46.069364058368251, -22.726157845910265 ], [ 46.091946650564417, -22.745898143824668 ], [ 46.108534779123829, -22.74238407706191 ], [ 46.130600624756603, -22.759127343932633 ], [ 46.202585889526134, -22.801605310499745 ], [ 46.208166935853761, -22.807806382043172 ], [ 46.227390576650919, -22.834419835629827 ], [ 46.284027958501127, -22.951622122187533 ], [ 46.28743860170033, -22.961492313365888 ], [ 46.296947057149453, -22.977873638635224 ], [ 46.299427521067315, -22.983661345716541 ], [ 46.301752952856077, -22.994875048956164 ], [ 46.303613327583271, -23.000508038639342 ], [ 46.304543493015352, -23.002316604001983 ], [ 46.323302029218688, -23.028826514968717 ], [ 46.326092577263523, -23.035027915370353 ], [ 46.327642868111703, -23.040402242739365 ], [ 46.336169472023286, -23.056990288794363 ], [ 46.347228223389898, -23.072958260305864 ], [ 46.364281444707593, -23.104015772098389 ], [ 46.36676190794153, -23.110216882246178 ], [ 46.370327593624097, -23.123497853895241 ], [ 46.374358352960272, -23.128923865141257 ], [ 46.380094437612115, -23.133936489483919 ], [ 46.45114953925281, -23.169438263693504 ], [ 46.460657997323359, -23.175639383001585 ], [ 46.467944356335735, -23.184372504851027 ], [ 46.472440213917587, -23.198893663400852 ], [ 46.478176303945936, -23.246125992537788 ], [ 46.477711227090161, -23.254756082037389 ], [ 46.474455594231735, -23.263850935291934 ], [ 46.464378684381622, -23.281472538316052 ], [ 46.461278104606265, -23.291394475994416 ], [ 46.461278107142405, -23.30198817348591 ], [ 46.464223669327609, -23.311858442445313 ], [ 46.468409467599429, -23.321573692765263 ], [ 46.474145535553546, -23.342037373916618 ], [ 46.474300569837027, -23.352269368590715 ], [ 46.47135502293321, -23.361829607438786 ], [ 46.466704129481315, -23.370614442088328 ], [ 46.463448526193645, -23.379657947842077 ], [ 46.45848758216701, -23.398313076599997 ], [ 46.452906518468971, -23.406219465017074 ], [ 46.444793317076858, -23.41247229367486 ], [ 46.426499866481294, -23.422911001735709 ], [ 46.41967857499354, -23.429267180691046 ], [ 46.41673303374008, -23.437793961692339 ], [ 46.418903424833225, -23.447974006932064 ], [ 46.424019415107374, -23.460686674548022 ], [ 46.428205192453014, -23.481873862418055 ], [ 46.432856079704038, -23.492260915393135 ], [ 46.452079708360692, -23.51809907505449 ], [ 46.465928979694034, -23.533136793624198 ], [ 46.473680450518593, -23.544453992225556 ], [ 46.488718300346143, -23.580834287731538 ], [ 46.498175069718847, -23.597835645538314 ], [ 46.501120626875263, -23.610806434101239 ], [ 46.502515902573641, -23.621141849213291 ], [ 46.501895780043306, -23.628944936369717 ], [ 46.500190449904572, -23.637471462647216 ], [ 46.498020047919368, -23.642329129014776 ], [ 46.492904081438063, -23.64889204192129 ], [ 46.485927766754322, -23.654783192376687 ], [ 46.47197512497943, -23.669459248431679 ], [ 46.466549119850882, -23.67814110734767 ], [ 46.453009887253067, -23.707389896651435 ], [ 46.431770873263069, -23.742994944094498 ], [ 46.415337753384648, -23.782837322281221 ], [ 46.412702273961202, -23.792604370704488 ], [ 46.411927124913859, -23.800975914152644 ], [ 46.416422963261248, -23.811156062296494 ], [ 46.425879758635233, -23.823920232939205 ], [ 46.462983447021521, -23.852083984494048 ], [ 46.484687529142562, -23.865002893789654 ], [ 46.492749059417314, -23.871255802735174 ], [ 46.498950230208052, -23.879420668145954 ], [ 46.508303653271746, -23.898437478903414 ], [ 46.513988058489346, -23.906964072710082 ], [ 46.521636175265378, -23.913630385890354 ], [ 46.531092974147434, -23.918798139012203 ], [ 46.541479921118352, -23.923087125372803 ], [ 46.597807245778668, -23.93574799052044 ], [ 46.673048129844346, -23.961172784609889 ], [ 46.70937667485714, -23.982980374387761 ], [ 46.716042914389035, -23.989129656561268 ], [ 46.719918655186838, -23.995382589681434 ], [ 46.720848817959947, -23.999413213064713 ], [ 46.717903286709827, -24.01781029947664 ], [ 46.721003845231685, -24.026491649027054 ], [ 46.732320991022718, -24.042408063711306 ], [ 46.736093367722034, -24.052329914565867 ], [ 46.74275964147116, -24.085299624571416 ], [ 46.752061404397509, -24.093257846126214 ], [ 46.769114616118095, -24.097185132641499 ], [ 46.82466677590967, -24.098683702629959 ], [ 46.843735390295308, -24.104626608921162 ], [ 46.854019009497442, -24.111292964270426 ], [ 46.862390569861127, -24.118682468724302 ], [ 46.869366895626008, -24.125968925675338 ], [ 46.899132520003725, -24.16710335631938 ], [ 46.903214963009724, -24.176250123671725 ], [ 46.904455197223797, -24.186585418378385 ], [ 46.902284789444238, -24.196714016715475 ], [ 46.894171593922486, -24.21676452374097 ], [ 46.8896757481671, -24.237848545938796 ], [ 46.88921064545297, -24.255211675441892 ], [ 46.890915970712371, -24.265805373742904 ], [ 46.894481649800412, -24.275417248302265 ], [ 46.902078066883647, -24.283065169798782 ], [ 46.913291871219386, -24.287612883986895 ], [ 46.931430299773623, -24.287457858506183 ], [ 46.945693000081803, -24.285442527333558 ], [ 46.974425086821718, -24.277019177635797 ], [ 46.991478301455786, -24.268647505540844 ], [ 46.999539836554845, -24.263686693858155 ], [ 47.006981231185527, -24.256865278754361 ], [ 47.01178713006901, -24.248803663064489 ], [ 47.020675496441491, -24.229425210149881 ], [ 47.02625654509054, -24.220640151515791 ], [ 47.039744105116434, -24.205447393144617 ], [ 47.04532515275973, -24.196972391707568 ], [ 47.048115678407129, -24.187102168186957 ], [ 47.047030472101824, -24.176715198336218 ], [ 47.043154736290745, -24.167310056105528 ], [ 47.027341735831321, -24.140799918947643 ], [ 47.018660121544677, -24.121731586210402 ], [ 47.015559508512176, -24.111085964435986 ], [ 47.013492454948086, -24.100285622354704 ], [ 47.013699165170301, -24.089123560434125 ], [ 47.016593047524999, -24.078736624517795 ], [ 47.023621036214543, -24.071346829350365 ], [ 47.034163037282717, -24.068556391244389 ], [ 47.063463574927674, -24.077858153022397 ], [ 47.077002793025351, -24.080131844003581 ], [ 47.104287943816978, -24.072587024145783 ], [ 47.113899776707527, -24.066954473187312 ], [ 47.119635852879597, -24.060339802306277 ], [ 47.121496199020747, -24.052950011573113 ], [ 47.121341165386731, -24.044733426804772 ], [ 47.115140004241752, -24.014347794837303 ], [ 47.115450061636921, -23.988561235469636 ], [ 47.122271342016077, -23.982359978339101 ], [ 47.136895777960817, -23.980758064724114 ], [ 47.208105897380655, -23.999413213064713 ], [ 47.222058541687183, -24.006027870943424 ], [ 47.248000114600877, -24.022461022148804 ], [ 47.376157667203202, -24.087263267251725 ], [ 47.426283812520616, -24.124108630226985 ], [ 47.428061662723607, -24.124792420982409 ], [ 47.370778841686068, -24.270114838811704 ], [ 47.363047722838878, -24.276543886515114 ], [ 47.350922080140016, -24.272881861830001 ], [ 47.32960045200376, -24.26360437419477 ], [ 47.324717650790575, -24.269626629023467 ], [ 47.338389511940484, -24.324313988571731 ], [ 47.312266460687972, -24.485935040961127 ], [ 47.228363492174502, -24.680352621493803 ], [ 47.203379748268034, -24.716485227669839 ], [ 47.200531442761338, -24.73137783120994 ], [ 47.201182496162254, -24.762465181906776 ], [ 47.194102406740669, -24.778252831128246 ], [ 47.142832883619256, -24.814060199080515 ], [ 47.128916877409473, -24.844903393301976 ], [ 47.137461781949376, -24.909274968463464 ], [ 47.12614993948236, -24.934340135650924 ], [ 47.115896014578126, -24.92302810379439 ], [ 47.109060082834546, -24.909763190210992 ], [ 47.105723516191304, -24.894952199257773 ], [ 47.105642107893161, -24.879164174261859 ], [ 47.096853052434412, -24.893324393883979 ], [ 47.095957867567023, -24.907891423196066 ], [ 47.09831791035792, -24.92343520585435 ], [ 47.09880619931549, -24.940606506678421 ], [ 47.094574403101007, -24.960137513191512 ], [ 47.08725020162386, -24.968357083231393 ], [ 47.057871948668513, -24.978692389928465 ], [ 47.040863462091465, -24.988539177341213 ], [ 47.012705925028961, -25.012465102278391 ], [ 46.964691601872111, -25.065687756772974 ], [ 46.954844596912125, -25.070977471157256 ], [ 46.951508009068426, -25.066664321655431 ], [ 46.941172721828181, -25.044203381348428 ], [ 46.929535352239576, -25.042657161302561 ], [ 46.926605665212399, -25.043715104041237 ], [ 46.925791863156498, -25.046644791503304 ], [ 46.867360872718734, -25.085219005301671 ], [ 46.845469597459513, -25.103936460402039 ], [ 46.834727410360934, -25.110772397455918 ], [ 46.805511914971163, -25.121189059723193 ], [ 46.794118685561415, -25.12786223380159 ], [ 46.78003990983364, -25.145765881408682 ], [ 46.769786004119126, -25.153497004137517 ], [ 46.761729362797915, -25.153008720067579 ], [ 46.751800977333929, -25.149509376192452 ], [ 46.741465690749209, -25.149590750600392 ], [ 46.731700065381112, -25.160332935083943 ], [ 46.722178581560676, -25.166680592801693 ], [ 46.653656445898143, -25.183851820026074 ], [ 46.638031445521278, -25.183363535423609 ], [ 46.604746940306178, -25.174574470357761 ], [ 46.502207879386418, -25.161797787710135 ], [ 46.38656660265039, -25.164808858259441 ], [ 46.237640820114258, -25.198174732348786 ], [ 46.039724154371662, -25.277764574964181 ], [ 45.914073111656613, -25.337334881124857 ], [ 45.774180536256132, -25.408135687002535 ], [ 45.674001497107845, -25.494398687516693 ], [ 45.654958530327207, -25.507012631108747 ], [ 45.633962437837859, -25.514825145459803 ], [ 45.611582878774293, -25.51653411085401 ], [ 45.56120852976229, -25.559991141746004 ], [ 45.492198114128357, -25.573663029700139 ], [ 45.20769290524828, -25.584893490366849 ], [ 45.192393424297194, -25.588067309298129 ], [ 45.177744988890545, -25.594333600489023 ], [ 45.162608267357349, -25.598565347339076 ], [ 45.145518424348133, -25.595391527781171 ], [ 45.136078320880991, -25.584161064862784 ], [ 45.12663821687169, -25.545830986769904 ], [ 45.118174675053446, -25.529554946512622 ], [ 45.087657096462081, -25.508233325824396 ], [ 44.980967645234024, -25.471856389935599 ], [ 44.951019726024711, -25.451836837543404 ], [ 44.937998895513729, -25.43816498669624 ], [ 44.925547721503712, -25.407810149167496 ], [ 44.908702020395495, -25.393731391607364 ], [ 44.834727408505479, -25.344008056339963 ], [ 44.767344597568382, -25.314385680597013 ], [ 44.727793815631692, -25.303643487852721 ], [ 44.622080924348182, -25.289727465546306 ], [ 44.516937695895805, -25.284437756964831 ], [ 44.369476758656432, -25.256768484568955 ], [ 44.351084832544586, -25.247491149443182 ], [ 44.336192254096481, -25.20891692596707 ], [ 44.303721549257141, -25.175388271520081 ], [ 44.296397332112832, -25.153497004137517 ], [ 44.315765821110666, -25.160902603114558 ], [ 44.333181185682818, -25.17506275480789 ], [ 44.364024285475324, -25.207777606765255 ], [ 44.384043815243885, -25.220879808429114 ], [ 44.400889519066823, -25.221449477667701 ], [ 44.409434441126812, -25.210544530269122 ], [ 44.404958530711447, -25.188164979138747 ], [ 44.389008009565885, -25.191013284678494 ], [ 44.375336133515134, -25.183770436128761 ], [ 44.349782747412625, -25.160332935083943 ], [ 44.333262566160442, -25.150323176616908 ], [ 44.318044466628365, -25.144219655248822 ], [ 44.301931186431268, -25.141208596354723 ], [ 44.282725456684823, -25.140394786814721 ], [ 44.247569206617328, -25.127211192125227 ], [ 44.187185091973227, -25.066989841726567 ], [ 44.151703321105614, -25.050469660077859 ], [ 44.119883660112123, -25.05071380114482 ], [ 44.108571811120953, -25.048028254236197 ], [ 44.02881919976592, -24.998955913589917 ], [ 44.01734459195702, -24.977227420017208 ], [ 44.010915572570013, -24.898614311085925 ], [ 44.000987174810348, -24.865411064025079 ], [ 43.928477408511753, -24.774590737359816 ], [ 43.918304884615679, -24.741957296488422 ], [ 43.927989116775393, -24.652438930216768 ], [ 43.918304883750551, -24.619073172342979 ], [ 43.908213734199556, -24.602146051465354 ], [ 43.865407752868393, -24.559177394157949 ], [ 43.860524948875636, -24.555596751001517 ], [ 43.855479375657097, -24.551202216723219 ], [ 43.850108268871161, -24.543389579616363 ], [ 43.847341334508712, -24.534437677543668 ], [ 43.844248896571841, -24.513929973668667 ], [ 43.839854367337516, -24.505791971700408 ], [ 43.806651239044633, -24.479261988279234 ], [ 43.737152542871598, -24.435723597166689 ], [ 43.706716354856582, -24.406182689970095 ], [ 43.67286218449162, -24.334893592007493 ], [ 43.656260614123632, -24.18531667746241 ], [ 43.6696069621837, -24.013278849881861 ], [ 43.652110219948568, -23.916436432770855 ], [ 43.654063358481821, -23.906915102096917 ], [ 43.662852419233559, -23.888441769744862 ], [ 43.665212446479671, -23.878594777961936 ], [ 43.664073112468756, -23.867120043963244 ], [ 43.652110227501616, -23.837579096661102 ], [ 43.643728061800019, -23.797784122139888 ], [ 43.6372176378541, -23.779717635677041 ], [ 43.624766469293263, -23.761895409979907 ], [ 43.639008006330663, -23.741306217372184 ], [ 43.636973493814246, -23.670505349527694 ], [ 43.64161218437394, -23.638930054340729 ], [ 43.663747596702073, -23.61939875039257 ], [ 43.730967654094819, -23.592055062821213 ], [ 43.74830162013594, -23.570082187301317 ], [ 43.746429872730822, -23.553887497282027 ], [ 43.732920762490508, -23.527764505330534 ], [ 43.734629759481976, -23.509209957802991 ], [ 43.750010617803177, -23.495700834935306 ], [ 43.754567906449573, -23.488864858886934 ], [ 43.760752806062932, -23.472100589704773 ], [ 43.76124108080311, -23.463799724033134 ], [ 43.75798586046875, -23.454033966670117 ], [ 43.747243687837319, -23.440199498479764 ], [ 43.720550968751517, -23.419610187370246 ], [ 43.701426630062173, -23.395440375467842 ], [ 43.658946152635124, -23.357842619236632 ], [ 43.65211022726124, -23.354099279005329 ], [ 43.645762563273458, -23.353204001858888 ], [ 43.639008018684855, -23.351495164193153 ], [ 43.631032737169875, -23.344821745220706 ], [ 43.628591353347126, -23.339288152934984 ], [ 43.624766484246976, -23.316827225786902 ], [ 43.614268436206274, -23.281996484823253 ], [ 43.61003666685599, -23.192315504368445 ], [ 43.596853057128826, -23.117608284603115 ], [ 43.58318119409995, -23.075860381367342 ], [ 43.555918825920024, -23.048272513528214 ], [ 43.487559439097602, -23.001560130973136 ], [ 43.476735873738114, -22.987074485943225 ], [ 43.460297065322983, -22.955661648047954 ], [ 43.446055528400031, -22.943129084749852 ], [ 43.427744980743618, -22.930596524663336 ], [ 43.393402533292807, -22.895114760107614 ], [ 43.372569214345766, -22.864841493894531 ], [ 43.361175983860093, -22.843194353082218 ], [ 43.356700064519046, -22.829685135830555 ], [ 43.351328973280509, -22.788506784749391 ], [ 43.33871504591923, -22.761325851940825 ], [ 43.333506701405383, -22.709079615839144 ], [ 43.321625185907095, -22.680840627994826 ], [ 43.315684442031959, -22.645277614807675 ], [ 43.310801624015511, -22.636651238093112 ], [ 43.297211128455608, -22.61972414805199 ], [ 43.291758661767453, -22.610772415991825 ], [ 43.284922723973644, -22.58749767859425 ], [ 43.284434438319316, -22.564060120549442 ], [ 43.28834069680439, -22.517999028603022 ], [ 43.278005399737701, -22.425876493832394 ], [ 43.264008008550789, -22.377699471334637 ], [ 43.240244992226891, -22.332289374455115 ], [ 43.240000852769811, -22.322361008006151 ], [ 43.240896029239906, -22.312188399376996 ], [ 43.240570511601028, -22.3026669579436 ], [ 43.233897332870328, -22.278008733037971 ], [ 43.222911004976147, -22.254815375397762 ], [ 43.225433793457881, -22.233819312964052 ], [ 43.246836785275946, -22.218357032508358 ], [ 43.274099159965068, -22.215997066112603 ], [ 43.295176630414772, -22.234470327957254 ], [ 43.301768429626456, -22.218845368762572 ], [ 43.300059438763732, -22.201836818569664 ], [ 43.296071816154402, -22.184177407589225 ], [ 43.295176628499753, -22.166110928627614 ], [ 43.26091555619027, -22.165622592690372 ], [ 43.247243683636349, -22.125583561802046 ], [ 43.246836780165239, -22.035088737966007 ], [ 43.249034047416522, -22.024021058836421 ], [ 43.258799678567811, -22.00408298682985 ], [ 43.260996938560794, -21.993829002652934 ], [ 43.260996935172614, -21.96998455803045 ], [ 43.262705930277399, -21.959893555920914 ], [ 43.266612179009556, -21.955173486609731 ], [ 43.271250847818266, -21.951836857532555 ], [ 43.274668815109138, -21.946384361529628 ], [ 43.276621935932177, -21.945896026754639 ], [ 43.280935097815338, -21.944431322864769 ], [ 43.285492380680886, -21.941989799269383 ], [ 43.288340692483018, -21.938897413092185 ], [ 43.280935088076156, -21.91171635341081 ], [ 43.282481311614681, -21.898369993429259 ], [ 43.286875849428178, -21.886325810335919 ], [ 43.293630400414237, -21.874932490798503 ], [ 43.302093951756426, -21.864434577332279 ], [ 43.313812701121215, -21.878838866070303 ], [ 43.315277544658642, -21.895765943055796 ], [ 43.308848505708674, -21.93206147799399 ], [ 43.329274937655114, -21.905043248320563 ], [ 43.333181187405884, -21.858168245145421 ], [ 43.331553580312132, -21.807549716164843 ], [ 43.336192249541817, -21.768812700240399 ], [ 43.347341345133579, -21.750258111617583 ], [ 43.414317253117247, -21.674899986539117 ], [ 43.431488477842429, -21.662286076936596 ], [ 43.450694210861542, -21.659844709117827 ], [ 43.472666863602797, -21.672051698814855 ], [ 43.472666864595233, -21.405206008890914 ], [ 43.480235217153002, -21.380303580476159 ], [ 43.501231311069255, -21.334161001307233 ], [ 43.507497588739099, -21.309502820187141 ], [ 43.515310089090782, -21.326592667833161 ], [ 43.523285354175009, -21.326755495527838 ], [ 43.542246937736536, -21.309502820187141 ], [ 43.56959068583118, -21.295993680204116 ], [ 43.582774289579184, -21.277764641077436 ], [ 43.586924678860207, -21.274834944645395 ], [ 43.642588734516032, -21.276055551349572 ], [ 43.680023635868622, -21.266045855470001 ], [ 43.698741084829742, -21.270440400035305 ], [ 43.716481971593183, -21.277764641077436 ], [ 43.734629755679066, -21.281670852948853 ], [ 43.759532091487841, -21.272718935960434 ], [ 43.78858483426577, -21.251153282611423 ], [ 43.812754752107779, -21.224297759260917 ], [ 43.822764517237808, -21.19939541794793 ], [ 43.827891472768606, -21.170017195061444 ], [ 43.863780141823597, -21.07626715645171 ], [ 43.901540562812237, -20.882907833872959 ], [ 43.964610224568084, -20.76734794887448 ], [ 43.985606315060998, -20.747979412613187 ], [ 44.01832116092632, -20.740411078210137 ], [ 44.036387566924944, -20.725518500191061 ], [ 44.090342643974893, -20.63054778366757 ], [ 44.102793816095868, -20.590101822263989 ], [ 44.112071158676891, -20.542738522524505 ], [ 44.125824415188077, -20.498304948484073 ], [ 44.151703321705121, -20.465997012315626 ], [ 44.151866082103346, -20.475030207364178 ], [ 44.153493687253309, -20.481133738554085 ], [ 44.158539259733658, -20.493340762686692 ], [ 44.182871940428633, -20.438897386451391 ], [ 44.196787957263922, -20.421644793484859 ], [ 44.240733268535529, -20.389336840866815 ], [ 44.254730665270195, -20.376071876565771 ], [ 44.251312696963105, -20.343926703719426 ], [ 44.26124108199248, -20.307549737899524 ], [ 44.334239128328321, -20.169610275125134 ], [ 44.355723503872717, -20.138116142317699 ], [ 44.415375196120976, -20.083184504595856 ], [ 44.438975457154996, -20.055352474043982 ], [ 44.457774284926529, -20.023614190029637 ], [ 44.473887561534312, -19.986260616092576 ], [ 44.479014513601712, -19.955661645782886 ], [ 44.479340048646499, -19.912774461104718 ], [ 44.471853071660171, -19.879489982741909 ], [ 44.453379754647877, -19.877048443556355 ], [ 44.444590685718588, -19.849216334208581 ], [ 44.439789256524747, -19.842217673284775 ], [ 44.432627808582744, -19.838311569456334 ], [ 44.418304891820732, -19.837579137416927 ], [ 44.411794472463896, -19.835381841263359 ], [ 44.398285360762273, -19.824151415933922 ], [ 44.385020368782108, -19.808688924744143 ], [ 44.374847848048724, -19.791192263674862 ], [ 44.370860211880704, -19.774020957961376 ], [ 44.374766482254849, -19.760512112839599 ], [ 44.393890817821749, -19.726169486901419 ], [ 44.401621938320588, -19.71559006651092 ], [ 44.409678578092681, -19.701429894248811 ], [ 44.412933794391833, -19.684747061172565 ], [ 44.411794458513633, -19.650485822543356 ], [ 44.409515825464645, -19.640313468171875 ], [ 44.405935100633904, -19.631280320451456 ], [ 44.40357506301708, -19.621758682450121 ], [ 44.404958537950598, -19.610121457422945 ], [ 44.409678579329075, -19.605564024584638 ], [ 44.427093948014011, -19.595147420696076 ], [ 44.432953330559357, -19.589044004707528 ], [ 44.437998887538008, -19.570244964334972 ], [ 44.440440296689708, -19.554864147110031 ], [ 44.448415559405142, -19.544366122854793 ], [ 44.470469588115954, -19.540622536268092 ], [ 44.483734567304026, -19.523207241023403 ], [ 44.479746941299211, -19.483982032966122 ], [ 44.459646018780525, -19.417657010027067 ], [ 44.444672073491311, -19.385837531105565 ], [ 44.42554771801489, -19.356215048994919 ], [ 44.378103049833527, -19.312595161215945 ], [ 44.370860218970051, -19.300957900613703 ], [ 44.363047721055921, -19.268161704407053 ], [ 44.344004759662027, -19.235528328596107 ], [ 44.271798041986784, -19.146050568640874 ] ] ] } },
{ "type": "Feature", "properties": { "source": "https://simplemaps.com", "id": "MGT", "name": "Antananarivo", "color_id": 2, "changing": false, "mainFeature": false, "new_color_id": 2 }, "geometry": { "type": "Polygon", "coordinates": [ [ [ 45.574768905809705, -18.287720520117023 ], [ 45.583760603679927, -18.277540237580578 ], [ 45.587481311582891, -18.271080747922031 ], [ 45.590581907967128, -18.263174399510532 ], [ 45.5952327796536, -18.254234279864395 ], [ 45.601123902817072, -18.246586298216346 ], [ 45.615541619008184, -18.23268521862861 ], [ 45.623964876260715, -18.227517565359474 ], [ 45.634196818570963, -18.22555397123547 ], [ 45.648769556748547, -18.229274465344552 ], [ 45.660396758105797, -18.233615342122196 ], [ 45.670835397346494, -18.238834668717708 ], [ 45.677966740136796, -18.245345833231539 ], [ 45.684633002370951, -18.250306791829672 ], [ 45.692074407566331, -18.250306791829672 ], [ 45.699980916575591, -18.246792992308286 ], [ 45.709127636020419, -18.243795627521102 ], [ 45.721995078486565, -18.246327930601055 ], [ 45.761114131295088, -18.258523482434672 ], [ 45.770260856657906, -18.259453605775427 ], [ 45.808139684618411, -18.232065136296523 ], [ 45.81403078891158, -18.223280035476165 ], [ 45.816046188628427, -18.213668458059718 ], [ 45.812170434807605, -18.181112025496965 ], [ 45.813255640397237, -18.170363327088918 ], [ 45.816821318718389, -18.158219442087681 ], [ 45.822867460418614, -18.14772910994748 ], [ 45.848809032723949, -18.120030580129455 ], [ 45.855475286104529, -18.110728737601072 ], [ 45.860591269108852, -18.101478868553375 ], [ 45.864466994698525, -18.092125351425796 ], [ 45.867257515382526, -18.071919781861993 ], [ 45.880590034992331, -18.023033866157004 ], [ 45.887876412990487, -18.006239046428643 ], [ 45.893664184415293, -17.998125990979116 ], [ 45.92249963402277, -17.970375763453166 ], [ 45.926530386225274, -17.961849017062988 ], [ 45.929165895855817, -17.942573858030894 ], [ 45.931336298840826, -17.93311698520181 ], [ 45.947149277896457, -17.896891671962926 ], [ 45.949371378162638, -17.887900159912014 ], [ 45.949164665357451, -17.878804999735532 ], [ 45.946994262036469, -17.86020158938943 ], [ 45.947821078490087, -17.85074471239729 ], [ 45.950921660254252, -17.840512730279016 ], [ 45.955417510278174, -17.829453969267078 ], [ 45.96192873483507, -17.819687048871064 ], [ 45.969990272407934, -17.810643859544619 ], [ 45.982392607058507, -17.81286582656973 ], [ 45.990609163825376, -17.817361734622839 ], [ 46.001461216649268, -17.828007107144 ], [ 46.007869097416084, -17.832968077663615 ], [ 46.018721151759685, -17.837412311607547 ], [ 46.057633498241458, -17.845008637692285 ], [ 46.07132775317325, -17.850279649624468 ], [ 46.08248986359304, -17.855757355972042 ], [ 46.093341922008186, -17.859426484805734 ], [ 46.106209349463143, -17.86020158938943 ], [ 46.122177358815939, -17.856945849688596 ], [ 46.142847945964782, -17.847850988459189 ], [ 46.150289331568672, -17.847333951608945 ], [ 46.156025426311245, -17.855757355972042 ], [ 46.156800561775981, -17.875084197641002 ], [ 46.163311812135404, -17.881440655466356 ], [ 46.175920859303581, -17.881905718163022 ], [ 46.196074671399209, -17.875549560781408 ], [ 46.206461612627372, -17.869761512757453 ], [ 46.216848594115532, -17.865162559078716 ], [ 46.229560990337959, -17.86655774728516 ], [ 46.240154660189752, -17.866402726373835 ], [ 46.249766472050752, -17.861958493100861 ], [ 46.281857543829844, -17.843458428398929 ], [ 46.295551793317415, -17.839169215527495 ], [ 46.316480736484671, -17.836326864632618 ], [ 46.343455840042473, -17.829453969267078 ], [ 46.353429384726759, -17.825371450678215 ], [ 46.360405707317426, -17.818911944124711 ], [ 46.364281451245922, -17.810540512240514 ], [ 46.373738222920323, -17.803098905345649 ], [ 46.388621054854696, -17.798448276428925 ], [ 46.416733021792844, -17.79581261956595 ], [ 46.433321170152084, -17.792402158245402 ], [ 46.446188597586982, -17.787802902307206 ], [ 46.455180292888762, -17.783306993581068 ], [ 46.46499880598374, -17.779896231617784 ], [ 46.484687543529887, -17.775555644125394 ], [ 46.493834267616045, -17.771266429772993 ], [ 46.510784137947674, -17.759897622891714 ], [ 46.529542677297066, -17.750027351740449 ], [ 46.543495320060835, -17.737160007215198 ], [ 46.551091745652265, -17.734059286504696 ], [ 46.5619437981915, -17.739485322396039 ], [ 46.575172972820084, -17.742896085041778 ], [ 46.590830923827774, -17.744756337136359 ], [ 46.657080107481313, -17.740002059099311 ], [ 46.716818077037225, -17.725222788015479 ], [ 46.73232099101255, -17.723517256338795 ], [ 46.753301617733847, -17.724602403498483 ], [ 46.790250286151469, -17.731268908210676 ], [ 46.831488069239661, -17.733439202442639 ], [ 46.844820600735517, -17.730700497812808 ], [ 46.860685251601844, -17.722948845919568 ], [ 46.873087591889679, -17.723517256338795 ], [ 46.883009472359937, -17.722122067125145 ], [ 46.891070995499852, -17.722483782848091 ], [ 46.897427204706595, -17.731578950245222 ], [ 46.907865829470282, -17.763308084766468 ], [ 46.910191271317785, -17.774056807517209 ], [ 46.90988121181163, -17.785322266278875 ], [ 46.906005486149986, -17.806199624990747 ], [ 46.910191288308411, -17.814674704790495 ], [ 46.921508407738528, -17.8193770069729 ], [ 46.97395998368593, -17.819842069819952 ], [ 47.002175323594777, -17.823407852038766 ], [ 47.023310981446521, -17.829919032090075 ], [ 47.033077841038349, -17.837774027121785 ], [ 47.045480171830725, -17.851984879785956 ], [ 47.054626912453472, -17.849039482224761 ], [ 47.060673039610421, -17.841752897733649 ], [ 47.071266715075069, -17.823097810146518 ], [ 47.077312867603872, -17.815191441299561 ], [ 47.09297081051497, -17.802478821496425 ], [ 47.102272567004675, -17.797259481926641 ], [ 47.112969601948073, -17.793693999661617 ], [ 47.151003454092894, -17.788681354491484 ], [ 47.16139040916584, -17.78496055066794 ], [ 47.194773389570784, -17.761137790852818 ], [ 47.206090529146159, -17.755556734539613 ], [ 47.221128364945606, -17.751422540764143 ], [ 47.246759884628212, -17.749097225719343 ], [ 47.269704219637788, -17.749303920391057 ], [ 47.295955852962905, -17.753593135210213 ], [ 47.338743928354411, -17.767493951962201 ], [ 47.358019246745812, -17.776382422702646 ], [ 47.367786084318318, -17.78403042480825 ], [ 47.367476037363446, -17.792247137274895 ], [ 47.367941114461452, -17.800463548972946 ], [ 47.369646440136165, -17.810850554152662 ], [ 47.377087834872313, -17.830539115852346 ], [ 47.383133990191652, -17.838497458148222 ], [ 47.390885451177084, -17.844905290406452 ], [ 47.420082623856935, -17.858857774347555 ], [ 47.428609256262938, -17.86500753816626 ], [ 47.435120477394783, -17.872707210426935 ], [ 47.440081422353536, -17.882009065428793 ], [ 47.448763047279648, -17.891258945913506 ], [ 47.464421023662801, -17.898080465849084 ], [ 47.492532994597155, -17.905728463130856 ], [ 47.53506269705791, -17.911619556867247 ], [ 47.568704052000953, -17.906813609280615 ], [ 47.582553338217771, -17.911464535993112 ], [ 47.589529645644454, -17.919732616194455 ], [ 47.601156853913714, -17.939163098914857 ], [ 47.610613629528231, -17.947327830641211 ], [ 47.634953241764698, -17.94991181178364 ], [ 47.674072308993139, -17.948051561672948 ], [ 47.817474400214834, -17.922574965834212 ], [ 47.846619903276768, -17.912394661236 ], [ 47.902792189704684, -17.900250758231302 ], [ 47.906977983811736, -17.921644840642465 ], [ 47.908993367744301, -17.926605808705609 ], [ 47.912145629110753, -17.932341880920099 ], [ 47.916176377287179, -17.935442298027358 ], [ 47.929973998971711, -17.943348962269297 ], [ 47.934004746547153, -17.946397705575045 ], [ 47.942841416904415, -17.951823735488713 ], [ 47.958189314656877, -17.958128216639352 ], [ 47.962840205864772, -17.960763871238839 ], [ 47.966405887826596, -17.964071282729627 ], [ 47.96909304463771, -17.968360192298963 ], [ 47.970746691704271, -17.973682874339591 ], [ 47.974364039755756, -18.017866206378621 ], [ 47.976069362210801, -18.023292234120529 ], [ 47.983510781796276, -18.036779942569488 ], [ 47.986921427173449, -18.047321955194196 ], [ 47.991727331970402, -18.070007859460247 ], [ 47.995758098176246, -18.079774766413546 ], [ 48.001649192979471, -18.089489698805785 ], [ 48.0027344008165, -18.094192294292963 ], [ 48.002579391933999, -18.10049707073701 ], [ 47.998858673248002, -18.109488572005628 ], [ 47.996533240209445, -18.118945435294297 ], [ 47.994827915666036, -18.130055851985098 ], [ 47.995603071370368, -18.14974467899907 ], [ 47.99870365239002, -18.167107893555414 ], [ 47.999788843672256, -18.170156632898255 ], [ 48.000098916438482, -18.172275548767793 ], [ 47.997928493753399, -18.234028730339816 ], [ 47.999013706818239, -18.242865504087526 ], [ 48.001959259131894, -18.249376668434593 ], [ 48.017307162652607, -18.275059908947608 ], [ 48.018857446758318, -18.282501195154826 ], [ 48.018857466066414, -18.310044976682839 ], [ 48.019787622081154, -18.319759895150607 ], [ 48.021647989665979, -18.32689143864026 ], [ 48.029761177523483, -18.339862086470724 ], [ 48.032086620121135, -18.344564674570215 ], [ 48.033481884340915, -18.349783997406679 ], [ 48.033636906683768, -18.356450177676837 ], [ 48.032551717922551, -18.363478372462879 ], [ 48.027694118002337, -18.37210814439743 ], [ 48.023663355927098, -18.377327466271801 ], [ 48.007385290053676, -18.390815144897207 ], [ 48.001804226139789, -18.398204751929015 ], [ 48.000098913528369, -18.401305460611205 ], [ 47.998858677399419, -18.406938169200831 ], [ 47.997463420938253, -18.415774932882584 ], [ 47.998393599857827, -18.451690089790176 ], [ 47.990177042883445, -18.535405864936823 ], [ 47.991107207839669, -18.548066453562342 ], [ 47.990332074438435, -18.560934035104157 ], [ 47.98630130253126, -18.578400548626661 ], [ 47.952918331585018, -18.669402793060087 ], [ 47.940205923066493, -18.736065329728721 ], [ 47.942531377154808, -18.813166742699426 ], [ 47.945942001199214, -18.837299379106309 ], [ 47.953383418990953, -18.864791375633796 ], [ 47.954003530274441, -18.87083745097685 ], [ 47.951213006006853, -18.904582206751456 ], [ 47.951988162648568, -18.927216600889846 ], [ 47.948887555739404, -18.97532710432943 ], [ 47.947337286088903, -18.985300941211946 ], [ 47.943151495284582, -18.994964437412765 ], [ 47.93912072087317, -19.002250663751553 ], [ 47.934004742362148, -19.009381869950275 ], [ 47.931679323584326, -19.015014852589609 ], [ 47.930439079535809, -19.021991038337934 ], [ 47.930284058737996, -19.034548532138889 ], [ 47.928888793732234, -19.044573736742542 ], [ 47.924237898234878, -19.057492640111924 ], [ 47.907443065396215, -19.089480453853387 ], [ 47.906047815737068, -19.096405262312942 ], [ 47.905582710965462, -19.104518253203867 ], [ 47.907288037574617, -19.118005855174101 ], [ 47.909458456673349, -19.125809105879927 ], [ 47.941911237913814, -19.186373656862351 ], [ 47.943616582760932, -19.1914382260886 ], [ 47.944236681505707, -19.1996545563408 ], [ 47.942531353778364, -19.228955026265851 ], [ 47.943151493214806, -19.238825494491365 ], [ 47.944546742321535, -19.246370070616923 ], [ 47.950282820138888, -19.261562867934305 ], [ 47.950592889849865, -19.296702981823447 ], [ 47.95322838146248, -19.316391630947166 ], [ 47.952918330533343, -19.329052437420817 ], [ 47.945942007274944, -19.394371395245695 ], [ 47.942841413814456, -19.409460825121737 ], [ 47.940360955903756, -19.416747324263124 ], [ 47.936485228041128, -19.424808918363759 ], [ 47.919431993369983, -19.450026856802641 ], [ 47.905892784172032, -19.465064905865098 ], [ 47.90294722641503, -19.469974142230217 ], [ 47.901241891761451, -19.476640260549505 ], [ 47.900001663144295, -19.489146028310135 ], [ 47.897366156456108, -19.499894612332241 ], [ 47.890389834679901, -19.514105585738399 ], [ 47.876592227460527, -19.536378142284121 ], [ 47.874421831377944, -19.54288953768005 ], [ 47.872716512260467, -19.551261159458665 ], [ 47.872561474962069, -19.575032223301008 ], [ 47.875351994949675, -19.594307434938905 ], [ 47.875352007512497, -19.60092217236825 ], [ 47.873801721858698, -19.608363676331841 ], [ 47.869925988500619, -19.617355367682311 ], [ 47.858402135140956, -19.632289745009317 ], [ 47.854991476860917, -19.639162544016646 ], [ 47.853906281363933, -19.65073817863335 ], [ 47.855301546963197, -19.711923094622026 ], [ 47.857471965055659, -19.723498720372579 ], [ 47.860262487936438, -19.733110475283965 ], [ 47.86186446142154, -19.741120370431233 ], [ 47.861864452992421, -19.746959704331321 ], [ 47.859228959243779, -19.772177859629071 ], [ 47.849875515045916, -19.795587158472301 ], [ 47.818869666084929, -19.845300016288945 ], [ 47.812048383029989, -19.85274150086903 ], [ 47.796803834813367, -19.86586729279108 ], [ 47.779750593541195, -19.877494271560732 ], [ 47.772309196884564, -19.884367352874364 ], [ 47.769208613353456, -19.888294784757424 ], [ 47.763627557219557, -19.896976412432103 ], [ 47.761302108991174, -19.902815736380195 ], [ 47.759596791748116, -19.910257216210628 ], [ 47.759751815520374, -19.945087058805232 ], [ 47.757581403665704, -19.953923699176205 ], [ 47.753860712010834, -19.964414166686922 ], [ 47.726523878768873, -20.011129652948934 ], [ 47.722028029431712, -20.028131199453718 ], [ 47.717842238426478, -20.075208430128274 ], [ 47.715051711194668, -20.069058932229076 ], [ 47.712416212943687, -20.065958346871977 ], [ 47.708695509847637, -20.062496025652187 ], [ 47.704044630700125, -20.059912202781387 ], [ 47.698928663865807, -20.057896824459618 ], [ 47.675622592724878, -20.053556004408097 ], [ 47.668956332918988, -20.051643975680982 ], [ 47.663685337239599, -20.048905125554121 ], [ 47.660584750755788, -20.045339449259103 ], [ 47.659189487759328, -20.040740247207037 ], [ 47.660119662895227, -20.036037692823804 ], [ 47.662445102859216, -20.031748548956873 ], [ 47.66942142093724, -20.024410495346032 ], [ 47.672211947954267, -20.020586438967424 ], [ 47.673297153598199, -20.01583220746712 ], [ 47.672056919337727, -20.011284682313025 ], [ 47.668026156962782, -20.007874036826873 ], [ 47.662135043577159, -20.006375420940337 ], [ 47.652058140066799, -20.00864918425998 ], [ 47.645856968285088, -20.011336357202975 ], [ 47.641051059695826, -20.015160413979814 ], [ 47.627201776328604, -20.029836522118114 ], [ 47.623015985197803, -20.032678724922242 ], [ 47.61743493013946, -20.034487399600597 ], [ 47.586584100260758, -20.039344985726846 ], [ 47.576145461481786, -20.043324070617413 ], [ 47.525605909691151, -20.071332696323555 ], [ 47.5204382666846, -20.072262871887997 ], [ 47.515167271047943, -20.07107431500302 ], [ 47.510826450271736, -20.065648288330582 ], [ 47.505710484255879, -20.055106297307091 ], [ 47.502454868069911, -20.051230562663534 ], [ 47.498269077294538, -20.048285008355773 ], [ 47.492377963588957, -20.046476329258155 ], [ 47.485711704136413, -20.046166275345357 ], [ 47.47609988766871, -20.049525242748295 ], [ 47.471449008424351, -20.053969412720996 ], [ 47.468348423305216, -20.059240413141747 ], [ 47.466178012927124, -20.064201350021833 ], [ 47.463180780039842, -20.068387137961427 ], [ 47.459305046711641, -20.071694432048726 ], [ 47.452018670004541, -20.073089693039517 ], [ 47.441631708150666, -20.072159517483268 ], [ 47.379723341773527, -20.056604912968989 ], [ 47.374762404400869, -20.054434502938403 ], [ 47.362515089686667, -20.045184422300899 ], [ 47.357864210470353, -20.042548921724375 ], [ 47.351663038864395, -20.040895278866902 ], [ 47.343859898370539, -20.040740247207037 ], [ 47.332542758594968, -20.042858980343556 ], [ 47.313474154560303, -20.048491712524335 ], [ 47.309443394005839, -20.050610445480913 ], [ 47.306962925433872, -20.052625828656144 ], [ 47.292183465163355, -20.070454197953218 ], [ 47.288462762110292, -20.073864841676389 ], [ 47.283346794968416, -20.075363457036225 ], [ 47.276680536241209, -20.073864841676389 ], [ 47.269084099510927, -20.068128756632753 ], [ 47.264898309382886, -20.062806084204091 ], [ 47.261952751649268, -20.057380057049084 ], [ 47.259007196096256, -20.05324594582515 ], [ 47.254666376304513, -20.050455418531651 ], [ 47.248930291554764, -20.049731946914033 ], [ 47.241798943907838, -20.051954034269311 ], [ 47.236941359360117, -20.055106297307091 ], [ 47.232600538510866, -20.058671968528859 ], [ 47.219423048710766, -20.066888522489915 ], [ 47.215547316183454, -20.070144139426773 ], [ 47.208570997986421, -20.077378839674754 ], [ 47.205470411744287, -20.081564631720319 ], [ 47.202989942944001, -20.086163831751296 ], [ 47.201439650167963, -20.091589857243779 ], [ 47.20081953236631, -20.10972828228849 ], [ 47.195703565203388, -20.139700611475433 ], [ 47.194308303475111, -20.145126643393461 ], [ 47.188882276838733, -20.148743988455632 ], [ 47.179683871579556, -20.150087575877485 ], [ 47.162165562132067, -20.15029428452177 ], [ 47.145112339009643, -20.153549903367455 ], [ 47.125423618339788, -20.162334898038161 ], [ 47.117465448012261, -20.163833512050445 ], [ 47.071370069589939, -20.166055596798621 ], [ 47.041139357384694, -20.178716324854925 ], [ 47.034473098283783, -20.179491467972124 ], [ 47.026411574315169, -20.178406271361705 ], [ 47.007446322562458, -20.170086348944267 ], [ 46.996284214851727, -20.163265077434918 ], [ 46.99132327631056, -20.161249682472565 ], [ 46.985122104675135, -20.160009449509566 ], [ 46.97551028775618, -20.161404718633008 ], [ 46.969464145937437, -20.164040220667037 ], [ 46.956234978899374, -20.173135267955114 ], [ 46.952824334738487, -20.176855966329224 ], [ 46.943987665082126, -20.189465020635605 ], [ 46.912981805547766, -20.222486263100684 ], [ 46.890140822236667, -20.242381687209615 ], [ 46.883629591805459, -20.250184823592285 ], [ 46.879908888508176, -20.253595466065956 ], [ 46.875878126492893, -20.256696055165882 ], [ 46.870297071708976, -20.259073174045231 ], [ 46.845130649261456, -20.260571786729532 ], [ 46.835673863382837, -20.26258717985926 ], [ 46.81924075659785, -20.273129159113005 ], [ 46.799397006822254, -20.27989877021054 ], [ 46.77996666751109, -20.270493659694459 ], [ 46.762965121966872, -20.25840137631883 ], [ 46.748857455822233, -20.262897233115986 ], [ 46.732320997925413, -20.272095635826911 ], [ 46.707981398372546, -20.27421437357469 ], [ 46.685967237999797, -20.268013196226349 ], [ 46.619201288306016, -20.236025490870304 ], [ 46.603026564231421, -20.239384461344962 ], [ 46.586335076818642, -20.256230965867388 ], [ 46.567318149315987, -20.271475510585109 ], [ 46.544115431068292, -20.270493659694459 ], [ 46.536312289837191, -20.263724048055348 ], [ 46.530989617346343, -20.255972585009232 ], [ 46.52535688719329, -20.249564717009598 ], [ 46.516520216987729, -20.246929217054863 ], [ 46.504324578101787, -20.246360764098974 ], [ 46.48530765169096, -20.242485032054716 ], [ 46.465205519545243, -20.235353693008094 ], [ 46.456627231612664, -20.230547781780214 ], [ 46.447222120293908, -20.226982102545932 ], [ 46.434871454159776, -20.226413668265572 ], [ 46.423295932960066, -20.230289400863576 ], [ 46.399369744627442, -20.243931972534078 ], [ 46.386450637239406, -20.246929217054863 ], [ 46.367123651810431, -20.242536723253544 ], [ 46.344179315509358, -20.231943049985624 ], [ 46.303923373933635, -20.205949806904993 ], [ 46.286095004580829, -20.189723401649037 ], [ 46.276121453393991, -20.17298023181219 ], [ 46.280100539682479, -20.157218929982204 ], [ 46.303923373817923, -20.143886410234536 ], [ 46.294621616301228, -20.132672619864536 ], [ 46.284544711655066, -20.10864307554111 ], [ 46.276586542291476, -20.09608571180063 ], [ 46.291882765534851, -20.091176449096768 ], [ 46.297877232502103, -20.078050633878007 ], [ 46.296533644312127, -20.0618759085453 ], [ 46.289609002250856, -20.047664891153218 ], [ 46.278446892935293, -20.038724866116393 ], [ 46.24842288615816, -20.024100436663421 ], [ 46.235658806628123, -20.013506768270386 ], [ 46.227907342080357, -20.029888196997302 ], [ 46.218657260979931, -20.038828220558614 ], [ 46.194059278714271, -20.055106297307091 ], [ 46.170133090452069, -20.082753183778831 ], [ 46.162691684683558, -20.083683363924621 ], [ 46.159901156670792, -20.061927585753363 ], [ 46.154785190670324, -20.041515396115503 ], [ 46.141969435044388, -20.036037692823804 ], [ 46.125329623657564, -20.03407398885226 ], [ 46.108379753898717, -20.024410495346032 ], [ 46.100473259855079, -20.008390802174208 ], [ 46.095150586326739, -19.973250805122259 ], [ 46.084195191783216, -19.958884883227867 ], [ 46.075255161852589, -19.95593923656012 ], [ 46.057116742064458, -19.958988228708353 ], [ 46.050037069877405, -19.958884883227867 ], [ 46.042440636724315, -19.954389054286516 ], [ 46.029418171917136, -19.942400075850777 ], [ 46.022751910929898, -19.938420973595541 ], [ 45.958208042445413, -19.935010271460019 ], [ 45.909012078461991, -19.914081301426307 ], [ 45.88611941991649, -19.909585470216648 ], [ 45.878884708518839, -19.907311567930314 ], [ 45.871753381679859, -19.907776923284686 ], [ 45.861986521591028, -19.914546356322358 ], [ 45.855785356662686, -19.917543677128414 ], [ 45.847413767207613, -19.918887168991557 ], [ 45.838680449601, -19.918938841755125 ], [ 45.831549108258073, -19.917957059242319 ], [ 45.806020953646119, -19.904572911063728 ], [ 45.783903444354522, -19.882713823787299 ], [ 45.808139681537199, -19.854653394507569 ], [ 45.813255651483125, -19.84555838031768 ], [ 45.814960979253293, -19.840132435136635 ], [ 45.817751490233107, -19.821632065607506 ], [ 45.819301790162491, -19.816154446181148 ], [ 45.823642611754124, -19.807214446635541 ], [ 45.83046389314778, -19.800238013829322 ], [ 45.838577102714218, -19.793933627772635 ], [ 45.845863470222483, -19.786957193959974 ], [ 45.85144452479782, -19.778378901484324 ], [ 45.853614938626187, -19.773418007948646 ], [ 45.855320267447148, -19.767888712805814 ], [ 45.858575881154323, -19.729183036759601 ], [ 45.857645698889229, -19.721638196467946 ], [ 45.851289496383195, -19.699985757241727 ], [ 45.849274123793542, -19.689702251350905 ], [ 45.847878869997693, -19.67461286427864 ], [ 45.845708449110973, -19.663398942899544 ], [ 45.823952673039102, -19.614513055982862 ], [ 45.814340857454809, -19.578752976342571 ], [ 45.810310095214824, -19.569812954383494 ], [ 45.806434349956163, -19.563456579648157 ], [ 45.80286869496674, -19.559942818298214 ], [ 45.80038821010406, -19.553896480715487 ], [ 45.799768112134608, -19.54583519740147 ], [ 45.80147341167217, -19.532088984900071 ], [ 45.804108926053438, -19.524492756633702 ], [ 45.807209496558912, -19.518549762850334 ], [ 45.809069851956153, -19.51338216393324 ], [ 45.809534948641755, -19.507026085995232 ], [ 45.807519570472337, -19.452197423994907 ], [ 45.808759805881564, -19.447443205828112 ], [ 45.810930205900313, -19.444910927384761 ], [ 45.814030800590693, -19.443102371618416 ], [ 45.829223673596445, -19.438244806976495 ], [ 45.83340945557206, -19.435454163173283 ], [ 45.836406686071797, -19.431320020565863 ], [ 45.837440209873463, -19.423155080913727 ], [ 45.836716750513112, -19.393699645633259 ], [ 45.840540814408541, -19.369153443139865 ], [ 45.839507276497287, -19.338664230588371 ], [ 45.838060337793316, -19.329155783579452 ], [ 45.835889926627324, -19.320060720382063 ], [ 45.825968050955005, -19.292362141317437 ], [ 45.82240236694264, -19.275670527896597 ], [ 45.813255640467588, -19.256756967972628 ], [ 45.811240269297087, -19.249987489341617 ], [ 45.810620159391249, -19.239238879474883 ], [ 45.808294708476652, -19.232055714311407 ], [ 45.801163367663584, -19.225957984815267 ], [ 45.794962199845173, -19.225337907263448 ], [ 45.789071081522088, -19.226164677331763 ], [ 45.772586298701363, -19.231073924907879 ], [ 45.762819455331467, -19.235414767891935 ], [ 45.749176885737057, -19.243114664043684 ], [ 45.744215937470621, -19.245129915743448 ], [ 45.738634877825902, -19.246060031899898 ], [ 45.733053827384083, -19.245336608223354 ], [ 45.728196253681311, -19.243114664043684 ], [ 45.723855424164675, -19.240220668804433 ], [ 45.71672406421451, -19.233295869334754 ], [ 45.706957228424265, -19.22182383397778 ], [ 45.68695845829231, -19.205855934011201 ], [ 45.680447219790402, -19.198311054650187 ], [ 45.677656689425511, -19.19407355647747 ], [ 45.668044869742417, -19.175831733339621 ], [ 45.656055947241903, -19.159605460886553 ], [ 45.645513960425113, -19.148960188483528 ], [ 45.643033473481005, -19.143378885635364 ], [ 45.641638222098855, -19.13604099512192 ], [ 45.643343535261486, -19.123431839330937 ], [ 45.645513959361033, -19.115835581608241 ], [ 45.650474880621125, -19.104828292318384 ], [ 45.651250032614939, -19.098885575383221 ], [ 45.650009806833495, -19.092322779841009 ], [ 45.644583772206303, -19.084829565990947 ], [ 45.639002711999453, -19.081108795478901 ], [ 45.616471798244547, -19.074029266914224 ], [ 45.611510864321907, -19.068499933986871 ], [ 45.607015007341182, -19.060283293690674 ], [ 45.601278915129178, -19.042764873848647 ], [ 45.596473023256131, -19.034600205356337 ], [ 45.592132185778553, -19.028657184347018 ], [ 45.573993761793382, -19.01811524611799 ], [ 45.569963014747934, -19.014911506137231 ], [ 45.566552366102059, -19.011087386909349 ], [ 45.564226922237026, -19.007056574637382 ], [ 45.546656942770007, -18.961633093113345 ], [ 45.538750441249732, -18.948558858954847 ], [ 45.535339791422039, -18.944941430600565 ], [ 45.53130904370861, -18.941841035146041 ], [ 45.526658154792628, -18.939257071779821 ], [ 45.510225051413478, -18.933831078997358 ], [ 45.505264102000062, -18.931505481771865 ], [ 45.502266870930882, -18.926079488638091 ], [ 45.501853476007767, -18.917708118981857 ], [ 45.506659370146572, -18.901171470175171 ], [ 45.510535119237744, -18.892541732394537 ], [ 45.519991907206311, -18.877503905878289 ], [ 45.522472375490636, -18.872853009642238 ], [ 45.524022652268883, -18.866393247649409 ], [ 45.524332726212542, -18.858280240348389 ], [ 45.517976516667204, -18.830116489397739 ], [ 45.516116166027089, -18.825052204911078 ], [ 45.510225060255181, -18.803503231995077 ], [ 45.505574179443407, -18.753893833933144 ], [ 45.502886987409831, -18.74273149137986 ], [ 45.499372990790427, -18.732499568505208 ], [ 45.498856230430526, -18.726660179893372 ], [ 45.500406530606085, -18.719994017409995 ], [ 45.50603925171491, -18.712087393671911 ], [ 45.515651083137932, -18.703716009665165 ], [ 45.523712587654352, -18.697669625891244 ], [ 45.540610796969467, -18.679066313868415 ], [ 45.543556349431555, -18.674932144029214 ], [ 45.551462836665245, -18.661444492888137 ], [ 45.555080202559203, -18.65777568330051 ], [ 45.558904251081579, -18.654519960196893 ], [ 45.572753544889579, -18.647130366730661 ], [ 45.576629268435944, -18.643874643365919 ], [ 45.579729849987949, -18.639843819191324 ], [ 45.584535754004733, -18.630490335838193 ], [ 45.587326277690011, -18.626356164484832 ], [ 45.590891967302198, -18.622739027319351 ], [ 45.594767691898618, -18.619431629970304 ], [ 45.612130977081719, -18.608269576403568 ], [ 45.61605837830006, -18.605013852094682 ], [ 45.619469038876325, -18.601448387752807 ], [ 45.622259553463877, -18.59400681753549 ], [ 45.628770784988077, -18.542330403716921 ], [ 45.614921504265467, -18.422131069398777 ], [ 45.614301393103972, -18.389419961091114 ], [ 45.615541631127059, -18.383528884448463 ], [ 45.617712039661285, -18.378464583227494 ], [ 45.620864296865598, -18.374382077952877 ], [ 45.632026408834129, -18.363426698979307 ], [ 45.631716335544475, -18.356140136760487 ], [ 45.627530548521221, -18.344668021550383 ], [ 45.598953482573627, -18.30213832983922 ], [ 45.591357057937266, -18.294231983015262 ], [ 45.574768905809705, -18.287720520117023 ] ] ] } }
]
}
